{
	"version": 2,
	"customTemplates": [
		{
			"name": "blank",
			"title": "Blank",
			"postTypes": [
				"page",
				"post"
			]
		},
		{
			"name": "front",
			"title": "Front Page",
			"postTypes": [
				"page"
			]
		},
		{
			"name": "about",
			"title": "About Page",
			"postTypes": [
				"page"
			]
		},
		{
			"name": "team",
			"title": "Team Page",
			"postTypes": [
				"page"
			]
		},
		{
			"name": "right-sidebar",
			"title": "Right Sidebar Page",
			"postTypes": [
				"page"
			]
		},
		{
			"name": "single-product",
			"postTypes": [ "product" ],
			"title": "WooCommerce Single Product"
		},
		{
			"name": "archive-product",
			"postTypes": [ "product" ],
			"title": "WooCommerce Archive Product"
		}
	],
	"settings": {
		"appearanceTools": true,
		"color": {
			"duotone": [
				{
					"colors": [ "#000000", "#ffffff" ],
					"slug": "foreground-and-background",
					"name": "Foreground and background"
				},
				{
					"colors": [ "#000000", "#ffe2c7" ],
					"slug": "foreground-and-secondary",
					"name": "Foreground and secondary"
				},
				{
					"colors": [ "#000000", "#f6f6f6" ],
					"slug": "foreground-and-tertiary",
					"name": "Foreground and tertiary"
				},
				{
					"colors": [ "#32535C", "#ffffff" ],
					"slug": "primary-and-background",
					"name": "Primary and background"
				},
				{
					"colors": [ "#32535C", "#ffe2c7" ],
					"slug": "primary-and-secondary",
					"name": "Primary and secondary"
				},
				{
					"colors": [ "#32535C", "#f6f6f6" ],
					"slug": "primary-and-tertiary",
					"name": "Primary and tertiary"
				}
			],
			"gradients": [
				{
					"slug": "vertical-secondary-to-tertiary",
					"gradient": "linear-gradient(to bottom,var(--wp--preset--color--secondary) 0%,var(--wp--preset--color--tertiary) 100%)",
					"name": "Vertical secondary to tertiary"
				},
				{
					"slug": "vertical-secondary-to-background",
					"gradient": "linear-gradient(to bottom,var(--wp--preset--color--secondary) 0%,var(--wp--preset--color--background) 100%)",
					"name": "Vertical secondary to background"
				},
				{
					"slug": "vertical-tertiary-to-background",
					"gradient": "linear-gradient(to bottom,var(--wp--preset--color--tertiary) 0%,var(--wp--preset--color--background) 100%)",
					"name": "Vertical tertiary to background"
				},
				{
					"slug": "diagonal-primary-to-foreground",
					"gradient": "linear-gradient(to bottom right,var(--wp--preset--color--primary) 0%,var(--wp--preset--color--foreground) 100%)",
					"name": "Diagonal primary to foreground"
				},
				{
					"slug": "diagonal-secondary-to-background",
					"gradient": "linear-gradient(to bottom right,var(--wp--preset--color--secondary) 50%,var(--wp--preset--color--background) 50%)",
					"name": "Diagonal secondary to background"
				},
				{
					"slug": "diagonal-background-to-secondary",
					"gradient": "linear-gradient(to bottom right,var(--wp--preset--color--background) 50%,var(--wp--preset--color--secondary) 50%)",
					"name": "Diagonal background to secondary"
				},
				{
					"slug": "diagonal-tertiary-to-background",
					"gradient": "linear-gradient(to bottom right,var(--wp--preset--color--tertiary) 50%,var(--wp--preset--color--background) 50%)",
					"name": "Diagonal tertiary to background"
				},
				{
					"slug": "diagonal-background-to-tertiary",
					"gradient": "linear-gradient(to bottom right,var(--wp--preset--color--background) 50%,var(--wp--preset--color--tertiary) 50%)",
					"name": "Diagonal background to tertiary"
				}
			],
			"palette": [
				{
					"slug": "foreground",
					"color": "#000000",
					"name": "Foreground"
				},
				{
					"slug": "background",
					"color": "#ffffff",
					"name": "Background"
				},
				{
					"slug": "primary",
					"color": "#a7c6d8",
					"name": "Primary"
				},
				{
					"slug": "secondary",
					"color": "#a7d5d2",
					"name": "Secondary"
				},
				{
					"slug": "tertiary",
					"color": "#c3d9e7",
					"name": "Tertiary"
				}
			]
		},
		"custom": {
			"spacing": {
				"small": "max(1.25rem, 5vw)",
				"medium": "clamp(2rem, 8vw, calc(4 * var(--wp--style--block-gap)))",
				"large": "clamp(4rem, 10vw, 8rem)"
			},
			"typography": {
				"font-size": {
					"gigantic": "clamp(3rem, 6vw, 4rem)",
					"colossal": "clamp(4rem, 8vw, 6.25rem)"
				},
				"line-height": {
					"tiny": 1.15,
					"small": 1.2,
					"medium": 1.4,
					"normal": 1.6
				}
			}
		},
		"spacing": {
			"units": [
				"%",
				"px",
				"em",
				"rem",
				"vh",
				"vw"
			]
		},
		"typography": {
			"dropCap": false,
			"fontFamilies": [
				{
					"fontFamily": "-apple-system,BlinkMacSystemFont,\"Segoe UI\",Roboto,Oxygen-Sans,Ubuntu,Cantarell,\"Helvetica Neue\",sans-serif",
					"name": "System Font",
					"slug": "system"
				},

				{
					"fontFace": [
						{
							"fontFamily": "Gilda Display",
							"fontStretch": "normal",
							"fontStyle": "normal",
							"fontWeight": "400",
							"src": [
								"file:./assets/fonts/gilda-display/GildaDisplay-Regular.woff2"
							]
						}
					],
					"fontFamily": "\"Gilda Display\", serif",
					"name": "Gilda",
					"slug": "gilda-display"
				},

				{
					"fontFace": [
						{
							"fontFamily": "Kristi",
							"fontStretch": "normal",
							"fontStyle": "normal",
							"fontWeight": "400",
							"src": [
								"file:./assets/fonts/kristi/kristi-regular.woff2"
							]
						}
					],
					"fontFamily": "\"Kristi\", cursive",
					"name": "Kristi",
					"slug": "kristi"
				},

				{
					"fontFace": [
						{
							"fontFamily": "Bestermind",
							"fontStretch": "normal",
							"fontStyle": "normal",
							"fontWeight": "500",
							"src": [
								"file:./assets/fonts/bestermind/BestermindRegular.woff2"
							]
						}
					],
					"fontFamily": "\"Bestermind\", cursive",
					"name": "Bestermind",
					"slug": "bestermind"
				},

				{
					"fontFace": [
						{
							"fontFamily": "Nunito Sans",
							"fontStretch": "normal",
							"fontStyle": "normal",
							"fontWeight": "400",
							"src": [
								"file:./assets/fonts/nunito-sans/NunitoSans-Regular.woff2"
							]
						},
						{
							"fontFamily": "Nunito Sans",
							"fontStretch": "normal",
							"fontStyle": "italic",
							"fontWeight": "400",
							"src": [
								"file:./assets/fonts/nunito-sans/NunitoSans-Italic.woff2"
							]
						},
						{
							"fontFamily": "Nunito Sans",
							"fontStretch": "normal",
							"fontStyle": "normal",
							"fontWeight": "700",
							"src": [
								"file:./assets/fonts/nunito-sans/NunitoSans-SemiBold.woff2"
							]
						},
						{
							"fontFamily": "Nunito Sans",
							"fontStretch": "normal",
							"fontStyle": "normal",
							"fontWeight": "900",
							"src": [
								"file:./assets/fonts/nunito-sans/NunitoSans-Bold.woff2"
							]
						}
					],
					"fontFamily": "\"Nunito Sans\", sans-serif",
					"name": "Nunito Sans",
					"slug": "nunito-sans"
				},

				{
					"fontFamily": "Outfit, sans-serif",
					"name": "Outfit",
					"slug": "outfit",
					"fontFace": [
						{
							"fontDisplay": "block",
							"fontFamily": "Outfit",
							"fontStretch": "normal",
							"fontStyle": "normal",
							"fontWeight": "300 900",
							"src": [ "file:./assets/fonts/outfit/Outfit-Variable.woff2" ]
						}
					]
				},

				{
					"fontFamily": "Figtree, sans-serif",
					"name": "Figtree",
					"slug": "figtree",
					"fontFace": [
						{
							"fontDisplay": "block",
							"fontFamily": "Figtree",
							"fontStretch": "normal",
							"fontStyle": "normal",
							"fontWeight": "300 900",
							"src": [ "file:./assets/fonts/figtree/Figtree-Variable.woff2" ]
						}
					]
				},

				{
					"fontFamily": "Caveat, cursive",
					"name": "Caveat",
					"slug": "caveat",
					"fontFace": [
						{
							"fontDisplay": "block",
							"fontFamily": "caveat",
							"fontStretch": "normal",
							"fontStyle": "normal",
							"fontWeight": "400 700",
							"src": [ "file:./assets/fonts/caveat/Caveat-Variable.woff2" ]
						}
					]
				},

				{
					"fontFamily": "Inconsolata, monospace",
					"name": "Inconsolata",
					"slug": "inconsolata",
					"fontFace": [
						{
							"fontDisplay": "block",
							"fontFamily": "inconsolata",
							"fontStretch": "normal",
							"fontStyle": "normal",
							"fontWeight": "300 900",
							"src": [ "file:./assets/fonts/inconsolata/Inconsolata-Variable.woff2" ]
						}
					]
				},

				{
					"fontFamily": "Lora, serif",
					"name": "Lora",
					"slug": "lora",
					"fontFace": [
						{
							"fontDisplay": "block",
							"fontFamily": "lora",
							"fontStretch": "normal",
							"fontStyle": "normal",
							"fontWeight": "300 900",
							"src": [ "file:./assets/fonts/lora/Lora-Variable.woff2" ]
						}
					]
				},

				{
					"fontFamily": "Oswald, sans-serif",
					"name": "Oswald",
					"slug": "oswald",
					"fontFace": [
						{
							"fontDisplay": "block",
							"fontFamily": "oswald",
							"fontStretch": "normal",
							"fontStyle": "normal",
							"fontWeight": "300 900",
							"src": [ "file:./assets/fonts/oswald/Oswald-Variable.woff2" ]
						}
					]
				},

				{
					"fontFamily": "BodoniModa, serif",
					"name": "BodoniModa",
					"slug": "bodonimoda",
					"fontFace": [
						{
							"fontDisplay": "block",
							"fontFamily": "bodonimoda",
							"fontStretch": "normal",
							"fontStyle": "normal",
							"fontWeight": "400 900",
							"src": [ "file:./assets/fonts/bodonimoda/BodoniModa-Variable.woff2" ]
						}
					]
				}
			],
			"fontSizes": [
				{
					"name": "Small",
					"size": "1rem",
					"slug": "small"
				},
				{
					"name": "Normal",
					"size": "1.125rem",
					"slug": "normal"
				},
				{
					"name": "Medium",
					"size": "1.75rem",
					"slug": "medium"
				},
				{
					"name": "Large",
					"size": "clamp(1.75rem, 3vw, 2.25rem)",
					"slug": "large"
				},
				{
					"name": "Huge",
					"size": "clamp(2.5rem, 4vw, 3rem)",
					"slug": "huge"
				},
				{
					"name": "Gigantic",
					"size": "clamp(3rem, 6vw, 4rem)",
					"slug": "gigantic"
				},
				{
					"name": "Colossal",
					"size": "clamp(4rem, 8vw, 6.25rem)",
					"slug": "colossal"
				}
			]
		},
		"layout": {
			"contentSize": "720px",
			"wideSize": "1200px"
		}
	},
	"styles": {
		"blocks": {
			"core/button": {
				"border": {
					"radius": "0"
				},
				"color": {
					"background": "var(--wp--preset--color--primary)",
					"text": "var(--wp--preset--color--background)"
				},
				"typography": {
					"fontSize": "var(--wp--preset--typography--font-size--normal)"
				}
			},
			"core/post-title": {
				"typography": {
					"fontFamily": "var(--wp--preset--font-family--gilda-display)",
					"fontWeight": "300",
					"lineHeight": "var(--wp--custom--typography--line-height--tiny)",
					"fontSize": "var(--wp--custom--typography--font-size--gigantic)"
				}
			},
			"core/post-comments": {
				"spacing": {
					"padding": {
						"top": "var(--wp--custom--spacing--small)"
					}
				}
			},
			"core/pullquote": {
				"border": {
					"width": "1px 0"
				}
			},
			"core/query-title": {
				"typography": {
					"fontFamily": "var(--wp--preset--font-family--gilda-display)",
					"fontWeight": "300",
					"lineHeight": "var(--wp--custom--typography--line-height--small)",
					"fontSize": "var(--wp--custom--typography--font-size--gigantic)"
				}
			},
			"core/quote": {
				"border": {
					"width": "0 0 0 1px"
				}
			},
			"core/site-title": {
				"typography": {
					"fontFamily": "var(--wp--preset--font-family--nunito-sans)",
					"lineHeight": "var(--wp--custom--typography--line-height--normal)",
					"fontSize": "var(--wp--preset--font-size--normal)",
					"fontWeight": "normal"
				}
			}
		},
		"color": {
			"background": "var(--wp--preset--color--background)",
			"text": "var(--wp--preset--color--foreground)"
		},
		"elements": {
			"h1": {
				"typography": {
					"fontWeight": "300",
					"lineHeight": "var(--wp--custom--typography--line-height--tiny)",
					"fontSize": "var(--wp--custom--typography--font-size--colossal)"
				}
			},
			"h2": {
				"typography": {
					"fontWeight": "300",
					"lineHeight": "var(--wp--custom--typography--line-height--small)",
					"fontSize": "var(--wp--custom--typography--font-size--gigantic)"
				}
			},
			"h3": {
				"typography": {
					"fontWeight": "300",
					"lineHeight": "var(--wp--custom--typography--line-height--tiny)",
					"fontSize": "var(--wp--preset--font-size--huge)"
				}
			},
			"h4": {
				"typography": {
					"fontWeight": "300",
					"lineHeight": "var(--wp--custom--typography--line-height--tiny)",
					"fontSize": "var(--wp--preset--font-size--large)"
				}
			},
			"h5": {
				"typography": {
					"fontWeight": "700",
					"textTransform": "uppercase",
					"lineHeight": "var(--wp--custom--typography--line-height--normal)",
					"fontSize": "var(--wp--preset--font-size--normal)"
				}
			},
			"h6": {
				"typography": {
					"fontWeight": "400",
					"textTransform": "uppercase",
					"lineHeight": "var(--wp--custom--typography--line-height--normal)",
					"fontSize": "var(--wp--preset--font-size--normal)"
				}
			},
			"heading": {
				"typography": {
					"fontFamily": "var(--wp--preset--font-family--gilda-display)"
				}
			},
			"link": {
				"color": {
					"text": "var(--wp--preset--color--foreground)"
				}
			}
		},
		"spacing": {
			"blockGap": "1.5rem"
		},
		"typography": {
			"fontFamily": "var(--wp--preset--font-family--nunito-sans)",
			"lineHeight": "var(--wp--custom--typography--line-height--normal)",
			"fontSize": "var(--wp--preset--font-size--normal)"
		}
	},
	"templateParts": [
		{
			"name": "header",
			"title": "Header",
			"area": "header"
		},
		{
			"name": "header-center",
			"title": "Header Center",
			"area": "header"
		},
		{
			"name": "footer",
			"title": "Footer",
			"area": "footer"
		},
		{
			"area": "uncategorized",
			"name": "comments",
			"title": "Comments"
		}
	]
}
