{"title":"Simple Multi Step Form","version":"1.9.18","widgets":{"p6040034":{"type":"field","settings":{"field_type":"image_select","field_id":"style","form_id":22700,"msg_repassword_err":"Password don't match","country":"All","google_maps_lat":"21.028511","google_maps_lng":"105.804817","google_maps_zoom":{"unit":"px","size":"15"},"google_maps_height_responsive_desktop":{"unit":"px","size":"200"},"google_maps_height_responsive_tablet":{"unit":"px","size":"200"},"google_maps_height_responsive_mobile":{"unit":"px","size":"200"},"signature_clear_text":"Clear","signature_max_width_responsive_desktop":{"unit":"px","size":"400"},"signature_max_width_responsive_tablet":{"unit":"px","size":"400"},"signature_max_width_responsive_mobile":{"unit":"px","size":"400"},"signature_height_responsive_desktop":{"unit":"px","size":"200"},"signature_height_responsive_tablet":{"unit":"px","size":"200"},"signature_height_responsive_mobile":{"unit":"px","size":"200"},"field_label_inline_width_responsive_desktop":{"unit":"%","size":"10"},"field_label_inline_width_responsive_tablet":{"unit":"%","size":"10"},"field_label_inline_width_responsive_mobile":{"unit":"%","size":"10"},"piotnetforms_style_checkbox_type":"native","stripe_font_size":{"unit":"px","size":"16"},"stripe_custom_style":"{\"base\":{\"color\":\"#303238\",\"fontSize\":\"16px\",\"fontFamily\":\"\\\"Open Sans\\\", sans-serif\",\"fontSmoothing\":\"antialiased\",\"::placeholder\":{\"color\":\"#CFD7DF\"}},\"invalid\":{\"color\":\"#e5424d\",\":focus\":{\"color\":\"#303238\"}}}","field_taxonomy_slug":"category","terms_select_type":"select","file_sizes":"1","file_sizes_message":"File size must be less than 1MB","file_types_message":"Please enter a value with a valid mimetype.","rows":"4","min_select_required_message":"Please select the minimum number of images.","recaptcha_size":"normal","recaptcha_style":"light","date_format":"F j, Y","date_language":"english","time_format":"h:i K","time_minute_increment":"5","piotnetforms_range_slider_field_options":"skin: \"round\", type: \"double\", grid: true, min: 0, max: 1000, from: 200, to: 800, prefix: \"$\"","piotnetforms_calculated_fields_form_distance_calculation_unit":"km","piotnetforms_calculated_fields_form_calculation_rounding_decimals":"2","piotnetforms_calculated_fields_form_calculation_rounding_decimals_decimals_symbol":".","piotnetforms_calculated_fields_form_calculation_rounding_decimals_seperators_symbol":",","field_pattern":"[0-9()#&+*-=.]+","iban_invalid_message":"This BBAN is invalid.","field_autocomplete":"true","shortcode":"[field id=\"p64221510\"]","live_preview_code":"<span data-piotnetforms-live-preview=\"p64221510\"><\/span>","live_preview_image_width":"150","live_preview_image_height":"150","field_icon_type":"font_awesome","piotnetforms_conditional_logic_form_speed":"400","piotnetforms_conditional_logic_form_easing":"swing","piotnetforms_style_checkbox_button_icon_position":"relative","piotnetforms_style_checkbox_button_icon_position_absolute_top_responsive_desktop":"auto","piotnetforms_style_checkbox_button_icon_position_absolute_top_responsive_tablet":"auto","piotnetforms_style_checkbox_button_icon_position_absolute_top_responsive_mobile":"auto","piotnetforms_style_checkbox_button_icon_position_absolute_right_responsive_desktop":"auto","piotnetforms_style_checkbox_button_icon_position_absolute_right_responsive_tablet":"auto","piotnetforms_style_checkbox_button_icon_position_absolute_right_responsive_mobile":"auto","piotnetforms_style_checkbox_button_icon_position_absolute_bottom_responsive_desktop":"auto","piotnetforms_style_checkbox_button_icon_position_absolute_bottom_responsive_tablet":"auto","piotnetforms_style_checkbox_button_icon_position_absolute_bottom_responsive_mobile":"auto","piotnetforms_style_checkbox_button_icon_position_absolute_left_responsive_desktop":"auto","piotnetforms_style_checkbox_button_icon_position_absolute_left_responsive_tablet":"auto","piotnetforms_style_checkbox_button_icon_position_absolute_left_responsive_mobile":"auto","piotnetforms_style_checkbox_item_width_type":"auto","piotnetforms_style_checkbox_replacement_icon_type":"font_awesome","piotnetforms_style_checkbox_square_size_responsive_desktop":{"unit":"px","size":"18"},"piotnetforms_style_checkbox_square_size_responsive_tablet":{"unit":"px","size":"18"},"piotnetforms_style_checkbox_square_size_responsive_mobile":{"unit":"px","size":"18"},"piotnetforms_style_checkbox_square_border_width":{"unit":"px","size":"1"},"piotnetforms_style_checkbox_square_border_color":"#000000","piotnetforms_style_checkbox_square_background_color":"#000000","piotnetforms_style_checkbox_square_spacing_responsive_desktop":{"unit":"px","size":"30"},"piotnetforms_style_checkbox_square_spacing_responsive_tablet":{"unit":"px","size":"30"},"piotnetforms_style_checkbox_square_spacing_responsive_mobile":{"unit":"px","size":"30"},"piotnetforms_style_spiner_width_responsive_desktop":{"unit":"px","size":"32"},"piotnetforms_style_spiner_width_responsive_tablet":{"unit":"px","size":"32"},"piotnetforms_style_spiner_width_responsive_mobile":{"unit":"px","size":"32"},"piotnetforms_style_spiner_height_responsive_desktop":{"unit":"px","size":"32"},"piotnetforms_style_spiner_height_responsive_tablet":{"unit":"px","size":"32"},"piotnetforms_style_spiner_height_responsive_mobile":{"unit":"px","size":"32"},"piotnetforms_style_spiner_input_width_responsive_desktop":{"unit":"px","size":"20"},"piotnetforms_style_spiner_input_width_responsive_tablet":{"unit":"px","size":"20"},"piotnetforms_style_spiner_input_width_responsive_mobile":{"unit":"px","size":"20"},"piotnetforms_image_select_field_item_width_responsive_desktop":"25","piotnetforms_image_select_field_item_width_responsive_tablet":"25","piotnetforms_image_select_field_item_width_responsive_mobile":"50","piotnetforms_image_select_field_item_spacing_responsive_desktop":{"unit":"px","size":"10"},"piotnetforms_image_select_field_item_spacing_responsive_tablet":{"unit":"px","size":"10"},"piotnetforms_image_select_field_item_spacing_responsive_mobile":{"unit":"px","size":"10"},"label_animation_focus_spacing_responsive_desktop":{"unit":"px","size":"24"},"label_animation_focus_spacing_responsive_tablet":{"unit":"px","size":"24"},"label_animation_focus_spacing_responsive_mobile":{"unit":"px","size":"24"},"piotnetforms_repeater_trigger_action":"add","next_prev_multi_step_form_action":"next","multi_step_form_animation_animate":"fadeIn","conditional_visibility_roles":["all"],"conditional_visibility_date_and_time_operators":"or","conditional_visibility_action_for_date_and_time":"show","conditional_visibility_action":"show","width":"100","field_label":"Style","field_options":"Food Experience\nCulture & Local Life\nFamily Vacation\nRest & Relaxation","piotnetforms_image_select_field_gallery":[{"id":"22408","url":"https:\/\/piotnetforms.com\/wp-content\/uploads\/2022\/04\/gastronomicheskiye-tury-vo-Frantsiyu-e1650130430390.jpeg"},{"id":"442","url":"https:\/\/piotnetforms.com\/wp-content\/uploads\/2020\/06\/Culture-Local-Life.jpg"},{"id":"443","url":"https:\/\/piotnetforms.com\/wp-content\/uploads\/2020\/06\/Family-Vacation.jpg"},{"id":"444","url":"https:\/\/piotnetforms.com\/wp-content\/uploads\/2020\/06\/Rest-Relaxation-1.jpg"}],"piotnetforms_image_select_field_item_border_radius_responsive_desktop":{"unit":"px","top":"8","right":"8","bottom":"8","left":"8","isLinked":"1"},"piotnetforms_image_select_field_image_border_radius_responsive_desktop":{"unit":"px","top":"8","right":"8","bottom":"0","left":"0","isLinked":""},"piotnetforms_image_select_field_label_padding_responsive_desktop":{"unit":"px","top":"15","right":"15","bottom":"15","left":"15","isLinked":"1"},"piotnetforms_image_select_field_background_color_normal":"rgba(255, 255, 255, 1)","piotnetforms_image_select_field_background_color_active":"rgba(243, 40, 91, 1)","piotnetforms_image_select_field_typography_font_weight":"600","allow_multiple":"true","field_required":"true"}},"p19961553":{"type":"text","settings":{"text_content":"Where are you going ?","text_html_tag":"div","text_link_target":"_self","form_messages_status":"success","piotnetforms_repeater_trigger_action":"add","next_prev_multi_step_form_action":"next","multi_step_form_animation_animate":"fadeIn","piotnetforms_conditional_logic_form_form_id":22700,"piotnetforms_conditional_logic_form_speed_new":"400","piotnetforms_conditional_logic_form_easing_new":"swing","conditional_visibility_roles":["all"],"conditional_visibility_date_and_time_operators":"or","conditional_visibility_action_for_date_and_time":"show","conditional_visibility_action":"show","text_typography_font_size_responsive_desktop":{"unit":"px","size":"24"},"text_typography_font_weight":"600","advanced_margin_responsive_desktop":{"unit":"px","top":"0","right":"0","bottom":"25","left":"0","isLinked":""}}},"p60036456":{"type":"column","settings":{"next_prev_multi_step_form_action":"next","multi_step_form_animation_animate":"fadeIn","piotnetforms_conditional_logic_form_speed_new":"400","piotnetforms_conditional_logic_form_easing_new":"swing","conditional_visibility_roles":["all"],"conditional_visibility_date_and_time_operators":"or","conditional_visibility_action_for_date_and_time":"show","conditional_visibility_action":"show"}},"p13748168":{"type":"section","settings":{"section_content_width_type":"boxed","section_content_width_responsive_desktop":{"unit":"px","size":"1140"},"section_content_width_responsive_tablet":{"unit":"px","size":"1140"},"section_content_width_responsive_mobile":{"unit":"px","size":"1140"},"piotnetforms_repeater_form_id":22700,"next_prev_multi_step_form_action":"next","multi_step_form_animation_animate":"fadeIn","piotnetforms_conditional_logic_form_form_id":22700,"piotnetforms_conditional_logic_form_speed_new":"400","piotnetforms_conditional_logic_form_easing_new":"swing","conditional_visibility_roles":["all"],"conditional_visibility_date_and_time_operators":"or","conditional_visibility_action_for_date_and_time":"show","conditional_visibility_action":"show"}},"p72928019":{"type":"text","settings":{"text_content":"Which styles would you prefer for your trip?","text_html_tag":"div","text_link_target":"_self","form_messages_status":"success","piotnetforms_repeater_trigger_action":"add","next_prev_multi_step_form_action":"next","multi_step_form_animation_animate":"fadeIn","piotnetforms_conditional_logic_form_form_id":22700,"piotnetforms_conditional_logic_form_speed_new":"400","piotnetforms_conditional_logic_form_easing_new":"swing","conditional_visibility_roles":["all"],"conditional_visibility_date_and_time_operators":"or","conditional_visibility_action_for_date_and_time":"show","conditional_visibility_action":"show","text_typography_font_size_responsive_desktop":{"unit":"px","size":"24"},"text_typography_font_weight":"600","advanced_margin_responsive_desktop":{"unit":"px","top":"0","right":"0","bottom":"25","left":"0","isLinked":""}}},"p46466697":{"type":"field","settings":{"field_type":"image_select","field_id":"where","form_id":22700,"msg_repassword_err":"Password don't match","country":"All","google_maps_lat":"21.028511","google_maps_lng":"105.804817","google_maps_zoom":{"unit":"px","size":"15"},"google_maps_height_responsive_desktop":{"unit":"px","size":"200"},"google_maps_height_responsive_tablet":{"unit":"px","size":"200"},"google_maps_height_responsive_mobile":{"unit":"px","size":"200"},"signature_clear_text":"Clear","signature_max_width_responsive_desktop":{"unit":"px","size":"400"},"signature_max_width_responsive_tablet":{"unit":"px","size":"400"},"signature_max_width_responsive_mobile":{"unit":"px","size":"400"},"signature_height_responsive_desktop":{"unit":"px","size":"200"},"signature_height_responsive_tablet":{"unit":"px","size":"200"},"signature_height_responsive_mobile":{"unit":"px","size":"200"},"field_label_inline_width_responsive_desktop":{"unit":"%","size":"10"},"field_label_inline_width_responsive_tablet":{"unit":"%","size":"10"},"field_label_inline_width_responsive_mobile":{"unit":"%","size":"10"},"piotnetforms_style_checkbox_type":"native","stripe_font_size":{"unit":"px","size":"16"},"stripe_custom_style":"{\"base\":{\"color\":\"#303238\",\"fontSize\":\"16px\",\"fontFamily\":\"\\\"Open Sans\\\", sans-serif\",\"fontSmoothing\":\"antialiased\",\"::placeholder\":{\"color\":\"#CFD7DF\"}},\"invalid\":{\"color\":\"#e5424d\",\":focus\":{\"color\":\"#303238\"}}}","field_taxonomy_slug":"category","terms_select_type":"select","file_sizes":"1","file_sizes_message":"File size must be less than 1MB","file_types_message":"Please enter a value with a valid mimetype.","rows":"4","min_select_required_message":"Please select the minimum number of images.","recaptcha_size":"normal","recaptcha_style":"light","date_format":"F j, Y","date_language":"english","time_format":"h:i K","time_minute_increment":"5","piotnetforms_range_slider_field_options":"skin: \"round\", type: \"double\", grid: true, min: 0, max: 1000, from: 200, to: 800, prefix: \"$\"","piotnetforms_calculated_fields_form_distance_calculation_unit":"km","piotnetforms_calculated_fields_form_calculation_rounding_decimals":"2","piotnetforms_calculated_fields_form_calculation_rounding_decimals_decimals_symbol":".","piotnetforms_calculated_fields_form_calculation_rounding_decimals_seperators_symbol":",","field_pattern":"[0-9()#&+*-=.]+","iban_invalid_message":"This BBAN is invalid.","field_autocomplete":"true","shortcode":"[field id=\"p64221510\"]","live_preview_code":"<span data-piotnetforms-live-preview=\"p64221510\"><\/span>","live_preview_image_width":"150","live_preview_image_height":"150","field_icon_type":"font_awesome","piotnetforms_conditional_logic_form_speed":"400","piotnetforms_conditional_logic_form_easing":"swing","piotnetforms_style_checkbox_button_icon_position":"relative","piotnetforms_style_checkbox_button_icon_position_absolute_top_responsive_desktop":"auto","piotnetforms_style_checkbox_button_icon_position_absolute_top_responsive_tablet":"auto","piotnetforms_style_checkbox_button_icon_position_absolute_top_responsive_mobile":"auto","piotnetforms_style_checkbox_button_icon_position_absolute_right_responsive_desktop":"auto","piotnetforms_style_checkbox_button_icon_position_absolute_right_responsive_tablet":"auto","piotnetforms_style_checkbox_button_icon_position_absolute_right_responsive_mobile":"auto","piotnetforms_style_checkbox_button_icon_position_absolute_bottom_responsive_desktop":"auto","piotnetforms_style_checkbox_button_icon_position_absolute_bottom_responsive_tablet":"auto","piotnetforms_style_checkbox_button_icon_position_absolute_bottom_responsive_mobile":"auto","piotnetforms_style_checkbox_button_icon_position_absolute_left_responsive_desktop":"auto","piotnetforms_style_checkbox_button_icon_position_absolute_left_responsive_tablet":"auto","piotnetforms_style_checkbox_button_icon_position_absolute_left_responsive_mobile":"auto","piotnetforms_style_checkbox_item_width_type":"auto","piotnetforms_style_checkbox_replacement_icon_type":"font_awesome","piotnetforms_style_checkbox_square_size_responsive_desktop":{"unit":"px","size":"18"},"piotnetforms_style_checkbox_square_size_responsive_tablet":{"unit":"px","size":"18"},"piotnetforms_style_checkbox_square_size_responsive_mobile":{"unit":"px","size":"18"},"piotnetforms_style_checkbox_square_border_width":{"unit":"px","size":"1"},"piotnetforms_style_checkbox_square_border_color":"#000000","piotnetforms_style_checkbox_square_background_color":"#000000","piotnetforms_style_checkbox_square_spacing_responsive_desktop":{"unit":"px","size":"30"},"piotnetforms_style_checkbox_square_spacing_responsive_tablet":{"unit":"px","size":"30"},"piotnetforms_style_checkbox_square_spacing_responsive_mobile":{"unit":"px","size":"30"},"piotnetforms_style_spiner_width_responsive_desktop":{"unit":"px","size":"32"},"piotnetforms_style_spiner_width_responsive_tablet":{"unit":"px","size":"32"},"piotnetforms_style_spiner_width_responsive_mobile":{"unit":"px","size":"32"},"piotnetforms_style_spiner_height_responsive_desktop":{"unit":"px","size":"32"},"piotnetforms_style_spiner_height_responsive_tablet":{"unit":"px","size":"32"},"piotnetforms_style_spiner_height_responsive_mobile":{"unit":"px","size":"32"},"piotnetforms_style_spiner_input_width_responsive_desktop":{"unit":"px","size":"20"},"piotnetforms_style_spiner_input_width_responsive_tablet":{"unit":"px","size":"20"},"piotnetforms_style_spiner_input_width_responsive_mobile":{"unit":"px","size":"20"},"piotnetforms_image_select_field_item_width_responsive_desktop":"25","piotnetforms_image_select_field_item_width_responsive_tablet":"25","piotnetforms_image_select_field_item_spacing_responsive_desktop":{"unit":"px","size":"10"},"piotnetforms_image_select_field_item_spacing_responsive_tablet":{"unit":"px","size":"10"},"piotnetforms_image_select_field_item_spacing_responsive_mobile":{"unit":"px","size":"10"},"label_animation_focus_spacing_responsive_desktop":{"unit":"px","size":"24"},"label_animation_focus_spacing_responsive_tablet":{"unit":"px","size":"24"},"label_animation_focus_spacing_responsive_mobile":{"unit":"px","size":"24"},"piotnetforms_repeater_trigger_action":"add","next_prev_multi_step_form_action":"next","multi_step_form_animation_animate":"fadeIn","conditional_visibility_roles":["all"],"conditional_visibility_date_and_time_operators":"or","conditional_visibility_action_for_date_and_time":"show","conditional_visibility_action":"show","width":"100","field_label":"Where","field_options":"Vietnam\nCambodia\nThailand\nMyanmar","piotnetforms_image_select_field_gallery":[{"id":"436","url":"https:\/\/piotnetforms.com\/wp-content\/uploads\/2020\/06\/VIETNAM.jpg"},{"id":"437","url":"https:\/\/piotnetforms.com\/wp-content\/uploads\/2020\/06\/CAMBODIA.jpg"},{"id":"438","url":"https:\/\/piotnetforms.com\/wp-content\/uploads\/2020\/06\/THAILAND.jpg"},{"id":"439","url":"https:\/\/piotnetforms.com\/wp-content\/uploads\/2020\/06\/MYANMAR.jpg"}],"piotnetforms_image_select_field_item_border_radius_responsive_desktop":{"unit":"px","top":"8","right":"8","bottom":"8","left":"8","isLinked":"1"},"piotnetforms_image_select_field_image_border_radius_responsive_desktop":{"unit":"px","top":"8","right":"8","bottom":"0","left":"0","isLinked":""},"piotnetforms_image_select_field_label_padding_responsive_desktop":{"unit":"px","top":"15","right":"15","bottom":"15","left":"15","isLinked":"1"},"piotnetforms_image_select_field_background_color_normal":"rgba(255, 255, 255, 1)","piotnetforms_image_select_field_background_color_active":"rgba(243, 40, 91, 1)","piotnetforms_image_select_field_typography_font_weight":"600","piotnetforms_image_select_field_item_width_responsive_mobile":"50"}},"p50748863":{"type":"form-step","settings":{"prev_button":"yes","prev_button_text":"Previous","next_button":"yes","next_button_text":"Next","piotnetforms_repeater_trigger_action":"add","next_prev_multi_step_form_action":"next","multi_step_form_animation_animate":"fadeIn","piotnetforms_conditional_logic_form_form_id":22700,"piotnetforms_conditional_logic_form_speed_new":"400","piotnetforms_conditional_logic_form_easing_new":"swing","conditional_visibility_roles":["all"],"conditional_visibility_date_and_time_operators":"or","conditional_visibility_action_for_date_and_time":"show","conditional_visibility_action":"show","style_normalbackground_color":"rgba(243, 40, 91, 1)"}},"p86389186":{"type":"multi-step-start","settings":{"steps_title":"[\"\",\"\",\"\"]","progress_bar_step_width_responsive_desktop":{"unit":"px","size":"28"},"progress_bar_step_width_responsive_tablet":{"unit":"px","size":"20"},"progress_bar_step_width_responsive_mobile":{"unit":"px","size":"20"},"piotnetforms_repeater_trigger_action":"add","next_prev_multi_step_form_action":"next","multi_step_form_animation_animate":"fadeIn","piotnetforms_conditional_logic_form_form_id":22700,"piotnetforms_conditional_logic_form_speed_new":"400","piotnetforms_conditional_logic_form_easing_new":"swing","conditional_visibility_roles":["all"],"conditional_visibility_date_and_time_operators":"or","conditional_visibility_action_for_date_and_time":"show","conditional_visibility_action":"show","progress_bar_border_radius":{"unit":"px","top":"20","right":"20","bottom":"20","left":"20","isLinked":"1"},"progress_bar_step_number_background_color_active":"rgba(243, 40, 91, 1)","step_title":""}},"p32754421":{"type":"multi-step-end","settings":{"prev_button":"yes","prev_button_text":"Previous","submit_button_text":"Submit","icon_align":"left","icon_indent":{"unit":"px","size":"10"},"icon_size":{"unit":"px","size":"12"},"email_subject":"New message from \"Piotnet Forms\"","email_content":"[all-fields]","email_from_name":"Piotnet Forms","form_metadata":["date","time","page_url","user_agent","remote_ip"],"email_content_type":"plain","email_to_2":"","email_subject_2":"New message from \"Piotnet Forms\"","email_content_2":"[all-fields]","email_from_2":"email@piotnetforms.com","email_from_name_2":"Piotnet Forms","email_content_type_2":"plain","register_role":"subscriber","register_password_confirm_message":"Wrong Password","submit_post_type":"post","submit_post_status":"publish","submit_post_custom_field_source":"post_custom_field","piotnetforms_stripe_currency":"USD","piotnetforms_stripe_subscriptions_product_name":"Piotnet Forms","piotnetforms_stripe_status_succeeded":"succeeded","piotnetforms_stripe_status_pending":"pending","piotnetforms_stripe_status_failed":"failed","piotnetforms_stripe_message_succeeded":"Payment success","piotnetforms_stripe_message_pending":"Payment pending","piotnetforms_stripe_message_failed":"Payment failed","paypal_currency":"USD","webhooks_advanced_data":"true","mailchimp_api_key_source_v3":"default","mailchimp_acceptance_enable_v3":"yes","mailerlite_api_key_source_v2":"default","sendinblue_api_key_source":"default","getresponse_api_key_source":"default","mailpoet_acceptance_field":"yes","activecampaign_api_key_source":"default","activecampaign_list":"1","convertkit_api_key_source":"default","convertkit_acceptance_field":"yes","google_calendar_date_type":"date","google_calendar_remind_method":"email","piotnetforms_hubspot_acceptance_field":"yes","slack_message":"[all-fields]","slack_color":"#2eb886","whatsapp_message":"[all-fields]","twilio_sms_message":"[all-fields]","pdfgenerator_size":"a4","pdfgenerator_font_family":"default","pdfgenerator_title_text_align":"left","pdfgenerator_title_font_size":{"unit":"px","size":"10"},"pdfgenerator_font_size":{"unit":"px","size":"10"},"pdfgenerator_color":"#000000","pdfgenerator_background_image_enable":"yes","pdfgenerator_heading_field_mapping_font_size":{"unit":"px","size":"12"},"pdfgenerator_heading_field_mapping_color":"#000000","pdfgenerator_heading_field_mapping_text_align":"left","success_message":"The form was sent successfully.","error_message":"An error occured.","required_field_message":"This field is required.","invalid_message":"There's something wrong. The form is invalid.","piotnetforms_conditional_logic_form_speed":"400","piotnetforms_conditional_logic_form_easing":"swing","piotnetforms_repeater_trigger_action":"add","next_prev_multi_step_form_action":"next","multi_step_form_animation_animate":"fadeIn","conditional_visibility_roles":["all"],"conditional_visibility_date_and_time_operators":"or","conditional_visibility_action_for_date_and_time":"show","conditional_visibility_action":"show","style_normalbackground_color":"rgba(243, 40, 91, 1)","submit_actions":["email"]}},"p73422349":{"type":"text","settings":{"text_content":"Your Information","text_html_tag":"div","text_link_target":"_self","form_messages_status":"success","piotnetforms_repeater_trigger_action":"add","next_prev_multi_step_form_action":"next","multi_step_form_animation_animate":"fadeIn","piotnetforms_conditional_logic_form_form_id":22700,"piotnetforms_conditional_logic_form_speed_new":"400","piotnetforms_conditional_logic_form_easing_new":"swing","conditional_visibility_roles":["all"],"conditional_visibility_date_and_time_operators":"or","conditional_visibility_action_for_date_and_time":"show","conditional_visibility_action":"show","text_typography_font_size_responsive_desktop":{"unit":"px","size":"24"},"text_typography_font_weight":"600","advanced_margin_responsive_desktop":{"unit":"px","top":"0","right":"0","bottom":"25","left":"0","isLinked":""}}},"p98848119":{"type":"form-step","settings":{"prev_button":"yes","prev_button_text":"Previous","next_button":"yes","next_button_text":"Next","piotnetforms_repeater_trigger_action":"add","next_prev_multi_step_form_action":"next","multi_step_form_animation_animate":"fadeIn","piotnetforms_conditional_logic_form_form_id":22700,"piotnetforms_conditional_logic_form_speed_new":"400","piotnetforms_conditional_logic_form_easing_new":"swing","conditional_visibility_roles":["all"],"conditional_visibility_date_and_time_operators":"or","conditional_visibility_action_for_date_and_time":"show","conditional_visibility_action":"show","style_normalbackground_color":"rgba(243, 40, 91, 1)"}},"p86150802":{"type":"field","settings":{"field_type":"text","field_id":"name","form_id":22700,"msg_repassword_err":"Password don't match","country":"All","google_maps_lat":"21.028511","google_maps_lng":"105.804817","google_maps_zoom":{"unit":"px","size":"15"},"google_maps_height_responsive_desktop":{"unit":"px","size":"200"},"google_maps_height_responsive_tablet":{"unit":"px","size":"200"},"google_maps_height_responsive_mobile":{"unit":"px","size":"200"},"signature_clear_text":"Clear","signature_max_width_responsive_desktop":{"unit":"px","size":"400"},"signature_max_width_responsive_tablet":{"unit":"px","size":"400"},"signature_max_width_responsive_mobile":{"unit":"px","size":"400"},"signature_height_responsive_desktop":{"unit":"px","size":"200"},"signature_height_responsive_tablet":{"unit":"px","size":"200"},"signature_height_responsive_mobile":{"unit":"px","size":"200"},"field_label_show":"true","field_label_inline_width_responsive_desktop":{"unit":"%","size":"10"},"field_label_inline_width_responsive_tablet":{"unit":"%","size":"10"},"field_label_inline_width_responsive_mobile":{"unit":"%","size":"10"},"piotnetforms_style_checkbox_type":"native","stripe_font_size":{"unit":"px","size":"16"},"stripe_custom_style":"{\"base\":{\"color\":\"#303238\",\"fontSize\":\"16px\",\"fontFamily\":\"\\\"Open Sans\\\", sans-serif\",\"fontSmoothing\":\"antialiased\",\"::placeholder\":{\"color\":\"#CFD7DF\"}},\"invalid\":{\"color\":\"#e5424d\",\":focus\":{\"color\":\"#303238\"}}}","field_taxonomy_slug":"category","terms_select_type":"select","file_sizes":"1","file_sizes_message":"File size must be less than 1MB","file_types_message":"Please enter a value with a valid mimetype.","rows":"4","min_select_required_message":"Please select the minimum number of images.","recaptcha_size":"normal","recaptcha_style":"light","date_format":"F j, Y","date_language":"english","time_format":"h:i K","time_minute_increment":"5","piotnetforms_range_slider_field_options":"skin: \"round\", type: \"double\", grid: true, min: 0, max: 1000, from: 200, to: 800, prefix: \"$\"","piotnetforms_calculated_fields_form_distance_calculation_unit":"km","piotnetforms_calculated_fields_form_calculation_rounding_decimals":"2","piotnetforms_calculated_fields_form_calculation_rounding_decimals_decimals_symbol":".","piotnetforms_calculated_fields_form_calculation_rounding_decimals_seperators_symbol":",","field_pattern":"[0-9()#&+*-=.]+","iban_invalid_message":"This BBAN is invalid.","field_autocomplete":"true","shortcode":"[field id=\"p10106561\"]","live_preview_code":"<span data-piotnetforms-live-preview=\"p10106561\"><\/span>","live_preview_image_width":"150","live_preview_image_height":"150","field_icon_type":"font_awesome","piotnetforms_conditional_logic_form_speed":"400","piotnetforms_conditional_logic_form_easing":"swing","piotnetforms_style_checkbox_button_icon_position":"relative","piotnetforms_style_checkbox_button_icon_position_absolute_top_responsive_desktop":"auto","piotnetforms_style_checkbox_button_icon_position_absolute_top_responsive_tablet":"auto","piotnetforms_style_checkbox_button_icon_position_absolute_top_responsive_mobile":"auto","piotnetforms_style_checkbox_button_icon_position_absolute_right_responsive_desktop":"auto","piotnetforms_style_checkbox_button_icon_position_absolute_right_responsive_tablet":"auto","piotnetforms_style_checkbox_button_icon_position_absolute_right_responsive_mobile":"auto","piotnetforms_style_checkbox_button_icon_position_absolute_bottom_responsive_desktop":"auto","piotnetforms_style_checkbox_button_icon_position_absolute_bottom_responsive_tablet":"auto","piotnetforms_style_checkbox_button_icon_position_absolute_bottom_responsive_mobile":"auto","piotnetforms_style_checkbox_button_icon_position_absolute_left_responsive_desktop":"auto","piotnetforms_style_checkbox_button_icon_position_absolute_left_responsive_tablet":"auto","piotnetforms_style_checkbox_button_icon_position_absolute_left_responsive_mobile":"auto","piotnetforms_style_checkbox_item_width_type":"auto","piotnetforms_style_checkbox_replacement_icon_type":"font_awesome","piotnetforms_style_checkbox_square_size_responsive_desktop":{"unit":"px","size":"18"},"piotnetforms_style_checkbox_square_size_responsive_tablet":{"unit":"px","size":"18"},"piotnetforms_style_checkbox_square_size_responsive_mobile":{"unit":"px","size":"18"},"piotnetforms_style_checkbox_square_border_width":{"unit":"px","size":"1"},"piotnetforms_style_checkbox_square_border_color":"#000000","piotnetforms_style_checkbox_square_background_color":"#000000","piotnetforms_style_checkbox_square_spacing_responsive_desktop":{"unit":"px","size":"30"},"piotnetforms_style_checkbox_square_spacing_responsive_tablet":{"unit":"px","size":"30"},"piotnetforms_style_checkbox_square_spacing_responsive_mobile":{"unit":"px","size":"30"},"piotnetforms_style_spiner_width_responsive_desktop":{"unit":"px","size":"32"},"piotnetforms_style_spiner_width_responsive_tablet":{"unit":"px","size":"32"},"piotnetforms_style_spiner_width_responsive_mobile":{"unit":"px","size":"32"},"piotnetforms_style_spiner_height_responsive_desktop":{"unit":"px","size":"32"},"piotnetforms_style_spiner_height_responsive_tablet":{"unit":"px","size":"32"},"piotnetforms_style_spiner_height_responsive_mobile":{"unit":"px","size":"32"},"piotnetforms_style_spiner_input_width_responsive_desktop":{"unit":"px","size":"20"},"piotnetforms_style_spiner_input_width_responsive_tablet":{"unit":"px","size":"20"},"piotnetforms_style_spiner_input_width_responsive_mobile":{"unit":"px","size":"20"},"piotnetforms_image_select_field_item_width_responsive_desktop":"25","piotnetforms_image_select_field_item_width_responsive_tablet":"25","piotnetforms_image_select_field_item_width_responsive_mobile":"25","piotnetforms_image_select_field_item_spacing_responsive_desktop":{"unit":"px","size":"10"},"piotnetforms_image_select_field_item_spacing_responsive_tablet":{"unit":"px","size":"10"},"piotnetforms_image_select_field_item_spacing_responsive_mobile":{"unit":"px","size":"10"},"label_animation_focus_spacing_responsive_desktop":{"unit":"px","size":"24"},"label_animation_focus_spacing_responsive_tablet":{"unit":"px","size":"24"},"label_animation_focus_spacing_responsive_mobile":{"unit":"px","size":"24"},"piotnetforms_repeater_trigger_action":"add","next_prev_multi_step_form_action":"next","multi_step_form_animation_animate":"fadeIn","conditional_visibility_roles":["all"],"conditional_visibility_date_and_time_operators":"or","conditional_visibility_action_for_date_and_time":"show","conditional_visibility_action":"show","width":"100","field_label":"Name","advanced_width_responsive_desktop":"50","advanced_width_responsive_mobile":"100"}},"p61425619":{"type":"field","settings":{"field_type":"email","field_id":"email","form_id":22700,"msg_repassword_err":"Password don't match","country":"All","google_maps_lat":"21.028511","google_maps_lng":"105.804817","google_maps_zoom":{"unit":"px","size":"15"},"google_maps_height_responsive_desktop":{"unit":"px","size":"200"},"google_maps_height_responsive_tablet":{"unit":"px","size":"200"},"google_maps_height_responsive_mobile":{"unit":"px","size":"200"},"signature_clear_text":"Clear","signature_max_width_responsive_desktop":{"unit":"px","size":"400"},"signature_max_width_responsive_tablet":{"unit":"px","size":"400"},"signature_max_width_responsive_mobile":{"unit":"px","size":"400"},"signature_height_responsive_desktop":{"unit":"px","size":"200"},"signature_height_responsive_tablet":{"unit":"px","size":"200"},"signature_height_responsive_mobile":{"unit":"px","size":"200"},"field_label_show":"true","field_label_inline_width_responsive_desktop":{"unit":"%","size":"10"},"field_label_inline_width_responsive_tablet":{"unit":"%","size":"10"},"field_label_inline_width_responsive_mobile":{"unit":"%","size":"10"},"piotnetforms_style_checkbox_type":"native","stripe_font_size":{"unit":"px","size":"16"},"stripe_custom_style":"{\"base\":{\"color\":\"#303238\",\"fontSize\":\"16px\",\"fontFamily\":\"\\\"Open Sans\\\", sans-serif\",\"fontSmoothing\":\"antialiased\",\"::placeholder\":{\"color\":\"#CFD7DF\"}},\"invalid\":{\"color\":\"#e5424d\",\":focus\":{\"color\":\"#303238\"}}}","field_taxonomy_slug":"category","terms_select_type":"select","file_sizes":"1","file_sizes_message":"File size must be less than 1MB","file_types_message":"Please enter a value with a valid mimetype.","rows":"4","min_select_required_message":"Please select the minimum number of images.","recaptcha_size":"normal","recaptcha_style":"light","date_format":"F j, Y","date_language":"english","time_format":"h:i K","time_minute_increment":"5","piotnetforms_range_slider_field_options":"skin: \"round\", type: \"double\", grid: true, min: 0, max: 1000, from: 200, to: 800, prefix: \"$\"","piotnetforms_calculated_fields_form_distance_calculation_unit":"km","piotnetforms_calculated_fields_form_calculation_rounding_decimals":"2","piotnetforms_calculated_fields_form_calculation_rounding_decimals_decimals_symbol":".","piotnetforms_calculated_fields_form_calculation_rounding_decimals_seperators_symbol":",","field_pattern":"[0-9()#&+*-=.]+","iban_invalid_message":"This BBAN is invalid.","field_autocomplete":"true","shortcode":"[field id=\"p10106561\"]","live_preview_code":"<span data-piotnetforms-live-preview=\"p10106561\"><\/span>","live_preview_image_width":"150","live_preview_image_height":"150","field_icon_type":"font_awesome","piotnetforms_conditional_logic_form_speed":"400","piotnetforms_conditional_logic_form_easing":"swing","piotnetforms_style_checkbox_button_icon_position":"relative","piotnetforms_style_checkbox_button_icon_position_absolute_top_responsive_desktop":"auto","piotnetforms_style_checkbox_button_icon_position_absolute_top_responsive_tablet":"auto","piotnetforms_style_checkbox_button_icon_position_absolute_top_responsive_mobile":"auto","piotnetforms_style_checkbox_button_icon_position_absolute_right_responsive_desktop":"auto","piotnetforms_style_checkbox_button_icon_position_absolute_right_responsive_tablet":"auto","piotnetforms_style_checkbox_button_icon_position_absolute_right_responsive_mobile":"auto","piotnetforms_style_checkbox_button_icon_position_absolute_bottom_responsive_desktop":"auto","piotnetforms_style_checkbox_button_icon_position_absolute_bottom_responsive_tablet":"auto","piotnetforms_style_checkbox_button_icon_position_absolute_bottom_responsive_mobile":"auto","piotnetforms_style_checkbox_button_icon_position_absolute_left_responsive_desktop":"auto","piotnetforms_style_checkbox_button_icon_position_absolute_left_responsive_tablet":"auto","piotnetforms_style_checkbox_button_icon_position_absolute_left_responsive_mobile":"auto","piotnetforms_style_checkbox_item_width_type":"auto","piotnetforms_style_checkbox_replacement_icon_type":"font_awesome","piotnetforms_style_checkbox_square_size_responsive_desktop":{"unit":"px","size":"18"},"piotnetforms_style_checkbox_square_size_responsive_tablet":{"unit":"px","size":"18"},"piotnetforms_style_checkbox_square_size_responsive_mobile":{"unit":"px","size":"18"},"piotnetforms_style_checkbox_square_border_width":{"unit":"px","size":"1"},"piotnetforms_style_checkbox_square_border_color":"#000000","piotnetforms_style_checkbox_square_background_color":"#000000","piotnetforms_style_checkbox_square_spacing_responsive_desktop":{"unit":"px","size":"30"},"piotnetforms_style_checkbox_square_spacing_responsive_tablet":{"unit":"px","size":"30"},"piotnetforms_style_checkbox_square_spacing_responsive_mobile":{"unit":"px","size":"30"},"piotnetforms_style_spiner_width_responsive_desktop":{"unit":"px","size":"32"},"piotnetforms_style_spiner_width_responsive_tablet":{"unit":"px","size":"32"},"piotnetforms_style_spiner_width_responsive_mobile":{"unit":"px","size":"32"},"piotnetforms_style_spiner_height_responsive_desktop":{"unit":"px","size":"32"},"piotnetforms_style_spiner_height_responsive_tablet":{"unit":"px","size":"32"},"piotnetforms_style_spiner_height_responsive_mobile":{"unit":"px","size":"32"},"piotnetforms_style_spiner_input_width_responsive_desktop":{"unit":"px","size":"20"},"piotnetforms_style_spiner_input_width_responsive_tablet":{"unit":"px","size":"20"},"piotnetforms_style_spiner_input_width_responsive_mobile":{"unit":"px","size":"20"},"piotnetforms_image_select_field_item_width_responsive_desktop":"25","piotnetforms_image_select_field_item_width_responsive_tablet":"25","piotnetforms_image_select_field_item_width_responsive_mobile":"25","piotnetforms_image_select_field_item_spacing_responsive_desktop":{"unit":"px","size":"10"},"piotnetforms_image_select_field_item_spacing_responsive_tablet":{"unit":"px","size":"10"},"piotnetforms_image_select_field_item_spacing_responsive_mobile":{"unit":"px","size":"10"},"label_animation_focus_spacing_responsive_desktop":{"unit":"px","size":"24"},"label_animation_focus_spacing_responsive_tablet":{"unit":"px","size":"24"},"label_animation_focus_spacing_responsive_mobile":{"unit":"px","size":"24"},"piotnetforms_repeater_trigger_action":"add","next_prev_multi_step_form_action":"next","multi_step_form_animation_animate":"fadeIn","conditional_visibility_roles":["all"],"conditional_visibility_date_and_time_operators":"or","conditional_visibility_action_for_date_and_time":"show","conditional_visibility_action":"show","width":"100","field_label":"Email","advanced_width_responsive_desktop":"50","field_required":"true","mark_required":"true","advanced_width_responsive_mobile":"100"}}},"content":[{"id":"p13748168","class_name":"piotnetforms_Section","elements":[{"id":"p60036456","class_name":"piotnetforms_Column","elements":[{"id":"p86389186","class_name":"Piotnetforms_Multi_Step_Start"},{"id":"p19961553","class_name":"piotnetforms_Text"},{"id":"p46466697","class_name":"Piotnetforms_Field"},{"id":"p50748863","class_name":"Piotnetforms_Form_Step"},{"id":"p72928019","class_name":"piotnetforms_Text"},{"id":"p6040034","class_name":"Piotnetforms_Field"},{"id":"p98848119","class_name":"Piotnetforms_Form_Step"},{"id":"p73422349","class_name":"piotnetforms_Text"},{"id":"p86150802","class_name":"Piotnetforms_Field"},{"id":"p61425619","class_name":"Piotnetforms_Field"},{"id":"p32754421","class_name":"Piotnetforms_Multi_Step_End"}]}]}],"css":" #piotnetforms .p6040034 .piotnetforms-label-inline{width: 10%;}#piotnetforms .p6040034 .piotnetforms-field-inline{width: calc(100% - 10%)}@media (max-width:1025px) {#piotnetforms .p6040034 .piotnetforms-label-inline{width: 10%;}}@media (max-width:1025px) {#piotnetforms .p6040034 .piotnetforms-field-inline{width: calc(100% - 10%)}}@media (max-width:767px) {#piotnetforms .p6040034 .piotnetforms-label-inline{width: 10%;}}@media (max-width:767px) {#piotnetforms .p6040034 .piotnetforms-field-inline{width: calc(100% - 10%)}}#piotnetforms .p6040034 .image_picker_selector .thumbnail p{font-weight:600}#piotnetforms .p6040034 ul.thumbnails.image_picker_selector li{width: 25% !important;}@media (max-width:1025px) {#piotnetforms .p6040034 ul.thumbnails.image_picker_selector li{width: 25% !important;}}@media (max-width:767px) {#piotnetforms .p6040034 ul.thumbnails.image_picker_selector li{width: 50% !important;}}#piotnetforms .p6040034 ul.thumbnails.image_picker_selector li{padding:10px !important;}#piotnetforms .p6040034 ul.thumbnails.image_picker_selector{margin: -10px -10px -10px -10px;}@media (max-width:1025px) {#piotnetforms .p6040034 ul.thumbnails.image_picker_selector li{padding:10px !important;}}@media (max-width:1025px) {#piotnetforms .p6040034 ul.thumbnails.image_picker_selector{margin: -10px -10px -10px -10px;}}@media (max-width:767px) {#piotnetforms .p6040034 ul.thumbnails.image_picker_selector li{padding:10px !important;}}@media (max-width:767px) {#piotnetforms .p6040034 ul.thumbnails.image_picker_selector{margin: -10px -10px -10px -10px;}}#piotnetforms .p6040034 ul.thumbnails.image_picker_selector .thumbnail{border-radius: 8px 8px 8px 8px;}#piotnetforms .p6040034 ul.thumbnails.image_picker_selector .image_picker_image{border-radius: 8px 8px 0px 0px;}#piotnetforms .p6040034 ul.thumbnails p{padding: 15px 15px 15px 15px;}#piotnetforms .p6040034 ul.thumbnails.image_picker_selector .thumbnail{background-color: rgba(255, 255, 255, 1);}#piotnetforms .p6040034 ul.thumbnails.image_picker_selector .thumbnail.selected{background-color: rgba(243, 40, 91, 1);}#piotnetforms .p6040034.piotnetforms-label-animation.piotnetforms-label-animated label{transform: translate3d(0,-24px,10px);}@media (max-width:1025px) {#piotnetforms .p6040034.piotnetforms-label-animation.piotnetforms-label-animated label{transform: translate3d(0,-24px,10px);}}@media (max-width:767px) {#piotnetforms .p6040034.piotnetforms-label-animation.piotnetforms-label-animated label{transform: translate3d(0,-24px,10px);}} #piotnetforms .p19961553{font-size:24px}#piotnetforms .p19961553{font-weight:600}#piotnetforms .p19961553{margin: 0px 0px 25px 0px;}  #piotnetforms .p13748168>.piotnet-section__container{max-width: 1140px;}@media (max-width:1025px) {#piotnetforms .p13748168>.piotnet-section__container{max-width: 1140px;}}@media (max-width:767px) {#piotnetforms .p13748168>.piotnet-section__container{max-width: 1140px;}} #piotnetforms .p72928019{font-size:24px}#piotnetforms .p72928019{font-weight:600}#piotnetforms .p72928019{margin: 0px 0px 25px 0px;} #piotnetforms .p46466697 .piotnetforms-label-inline{width: 10%;}#piotnetforms .p46466697 .piotnetforms-field-inline{width: calc(100% - 10%)}@media (max-width:1025px) {#piotnetforms .p46466697 .piotnetforms-label-inline{width: 10%;}}@media (max-width:1025px) {#piotnetforms .p46466697 .piotnetforms-field-inline{width: calc(100% - 10%)}}@media (max-width:767px) {#piotnetforms .p46466697 .piotnetforms-label-inline{width: 10%;}}@media (max-width:767px) {#piotnetforms .p46466697 .piotnetforms-field-inline{width: calc(100% - 10%)}}#piotnetforms .p46466697 .image_picker_selector .thumbnail p{font-weight:600}#piotnetforms .p46466697 ul.thumbnails.image_picker_selector li{width: 25% !important;}@media (max-width:1025px) {#piotnetforms .p46466697 ul.thumbnails.image_picker_selector li{width: 25% !important;}}@media (max-width:767px) {#piotnetforms .p46466697 ul.thumbnails.image_picker_selector li{width: 50% !important;}}#piotnetforms .p46466697 ul.thumbnails.image_picker_selector li{padding:10px !important;}#piotnetforms .p46466697 ul.thumbnails.image_picker_selector{margin: -10px -10px -10px -10px;}@media (max-width:1025px) {#piotnetforms .p46466697 ul.thumbnails.image_picker_selector li{padding:10px !important;}}@media (max-width:1025px) {#piotnetforms .p46466697 ul.thumbnails.image_picker_selector{margin: -10px -10px -10px -10px;}}@media (max-width:767px) {#piotnetforms .p46466697 ul.thumbnails.image_picker_selector li{padding:10px !important;}}@media (max-width:767px) {#piotnetforms .p46466697 ul.thumbnails.image_picker_selector{margin: -10px -10px -10px -10px;}}#piotnetforms .p46466697 ul.thumbnails.image_picker_selector .thumbnail{border-radius: 8px 8px 8px 8px;}#piotnetforms .p46466697 ul.thumbnails.image_picker_selector .image_picker_image{border-radius: 8px 8px 0px 0px;}#piotnetforms .p46466697 ul.thumbnails p{padding: 15px 15px 15px 15px;}#piotnetforms .p46466697 ul.thumbnails.image_picker_selector .thumbnail{background-color: rgba(255, 255, 255, 1);}#piotnetforms .p46466697 ul.thumbnails.image_picker_selector .thumbnail.selected{background-color: rgba(243, 40, 91, 1);}#piotnetforms .p46466697.piotnetforms-label-animation.piotnetforms-label-animated label{transform: translate3d(0,-24px,10px);}@media (max-width:1025px) {#piotnetforms .p46466697.piotnetforms-label-animation.piotnetforms-label-animated label{transform: translate3d(0,-24px,10px);}}@media (max-width:767px) {#piotnetforms .p46466697.piotnetforms-label-animation.piotnetforms-label-animated label{transform: translate3d(0,-24px,10px);}} #piotnetforms .p50748863 a.piotnetforms-button, #piotnetforms .p50748863 .piotnetforms-button{background-color: rgba(243, 40, 91, 1);} #piotnetforms .p86389186 .piotnetforms-multi-step-form__progressbar-item-step{width: 28px; line-height: 28px;}@media (max-width:1025px) {#piotnetforms .p86389186 .piotnetforms-multi-step-form__progressbar-item-step{width: 20px; line-height: 20px;}}@media (max-width:767px) {#piotnetforms .p86389186 .piotnetforms-multi-step-form__progressbar-item-step{width: 20px; line-height: 20px;}}#piotnetforms .p86389186 .piotnetforms-multi-step-form__progressbar-item-step{border-radius: 20px 20px 20px 20px;}#piotnetforms .p86389186 .active .piotnetforms-multi-step-form__progressbar-item-step{background-color: rgba(243, 40, 91, 1);}#piotnetforms .p86389186 .piotnetforms-multi-step-form__progressbar-item.active .piotnetforms-multi-step-form__progressbar-item-step-number::after{background-color: rgba(243, 40, 91, 1);} #piotnetforms .p32754421 .piotnetforms-align-icon-right{margin-left: 10px;}#piotnetforms .p32754421 .piotnetforms-align-icon-left{margin-right: 10px;}#piotnetforms .p32754421 .piotnetforms-button-icon{font-size: 12px;}#piotnetforms .p32754421 a.piotnetforms-button, #piotnetforms .p32754421 .piotnetforms-button{background-color: rgba(243, 40, 91, 1);} #piotnetforms .p73422349{font-size:24px}#piotnetforms .p73422349{font-weight:600}#piotnetforms .p73422349{margin: 0px 0px 25px 0px;} #piotnetforms .p98848119 a.piotnetforms-button, #piotnetforms .p98848119 .piotnetforms-button{background-color: rgba(243, 40, 91, 1);} #piotnetforms .p86150802 .piotnetforms-label-inline{width: 10%;}#piotnetforms .p86150802 .piotnetforms-field-inline{width: calc(100% - 10%)}@media (max-width:1025px) {#piotnetforms .p86150802 .piotnetforms-label-inline{width: 10%;}}@media (max-width:1025px) {#piotnetforms .p86150802 .piotnetforms-field-inline{width: calc(100% - 10%)}}@media (max-width:767px) {#piotnetforms .p86150802 .piotnetforms-label-inline{width: 10%;}}@media (max-width:767px) {#piotnetforms .p86150802 .piotnetforms-field-inline{width: calc(100% - 10%)}}#piotnetforms .p86150802.piotnetforms-label-animation.piotnetforms-label-animated label{transform: translate3d(0,-24px,10px);}@media (max-width:1025px) {#piotnetforms .p86150802.piotnetforms-label-animation.piotnetforms-label-animated label{transform: translate3d(0,-24px,10px);}}@media (max-width:767px) {#piotnetforms .p86150802.piotnetforms-label-animation.piotnetforms-label-animated label{transform: translate3d(0,-24px,10px);}}#piotnetforms .p86150802{width: 50%;}#piotnetforms [data-piotnet-editor-widgets-item-id=\"p86150802\"]{width: 50%;}@media (max-width:767px) {#piotnetforms .p86150802{width: 100%;}}@media (max-width:767px) {#piotnetforms [data-piotnet-editor-widgets-item-id=\"p86150802\"]{width: 100%;}} #piotnetforms .p61425619 .piotnetforms-label-inline{width: 10%;}#piotnetforms .p61425619 .piotnetforms-field-inline{width: calc(100% - 10%)}@media (max-width:1025px) {#piotnetforms .p61425619 .piotnetforms-label-inline{width: 10%;}}@media (max-width:1025px) {#piotnetforms .p61425619 .piotnetforms-field-inline{width: calc(100% - 10%)}}@media (max-width:767px) {#piotnetforms .p61425619 .piotnetforms-label-inline{width: 10%;}}@media (max-width:767px) {#piotnetforms .p61425619 .piotnetforms-field-inline{width: calc(100% - 10%)}}#piotnetforms .p61425619.piotnetforms-label-animation.piotnetforms-label-animated label{transform: translate3d(0,-24px,10px);}@media (max-width:1025px) {#piotnetforms .p61425619.piotnetforms-label-animation.piotnetforms-label-animated label{transform: translate3d(0,-24px,10px);}}@media (max-width:767px) {#piotnetforms .p61425619.piotnetforms-label-animation.piotnetforms-label-animated label{transform: translate3d(0,-24px,10px);}}#piotnetforms .p61425619{width: 50%;}#piotnetforms [data-piotnet-editor-widgets-item-id=\"p61425619\"]{width: 50%;}@media (max-width:767px) {#piotnetforms .p61425619{width: 100%;}}@media (max-width:767px) {#piotnetforms [data-piotnet-editor-widgets-item-id=\"p61425619\"]{width: 100%;}} "}