{"version":"0.4","title":"Header5","type":"section","content":[{"id":"5a692ea3","settings":{"content_width":{"unit":"px","size":1170},"gap":"no","margin":{"unit":"px","top":"","right":0,"bottom":"","left":0,"isLinked":true},"padding":{"unit":"px","top":"0","right":"10","bottom":"0","left":"10","isLinked":false}},"elements":[{"id":"9e07746","settings":{"_column_size":100,"box_shadow_box_shadow_type":"yes","box_shadow_box_shadow":{"horizontal":0,"vertical":4,"blur":14,"spread":0,"color":"rgba(60,75,113,0.1)"}},"elements":[{"id":"23646618","settings":{"content_position":"middle","structure":"20","background_background":"classic","background_color":"#ffffff","border_radius":{"unit":"px","top":"3","right":"3","bottom":"0","left":"0","isLinked":false},"box_shadow_box_shadow":{"horizontal":0,"vertical":4,"blur":14,"spread":0,"color":"rgba(60,75,113,0.1)"},"padding":{"unit":"px","top":"7","right":"5","bottom":"7","left":"10","isLinked":false}},"elements":[{"id":"5f9c27b","settings":{"_column_size":50,"_inline_size":null,"background_background":"classic"},"elements":[{"id":"17c345c","settings":{"logo_type":"both","logo_image":{"id":305,"url":"https:\/\/madxblocks.zemez.io\/wp-content\/uploads\/2018\/05\/demo-logo-5.png"},"logo_image_2x":{"id":306,"url":"https:\/\/madxblocks.zemez.io\/wp-content\/uploads\/2018\/05\/demo-logo-5-2x.png"},"logo_text_from":"custom","logo_text":"Slogan Site","logo_display":"inline","vertical_logo_alignment":"flex-end","text_logo_color":"#9da5b8","text_logo_typography_typography":"custom","text_logo_typography_font_family":"Roboto","text_logo_typography_font_size":{"unit":"px","size":11},"text_logo_typography_font_weight":"300","text_logo_typography_text_transform":"none","text_logo_typography_line_height":{"unit":"em","size":1.8},"logo_alignment_mobile":"center"},"elements":[],"isInner":false,"widgetType":"madx-logo","elType":"widget"}],"isInner":true,"elType":"column"},{"id":"371a415d","settings":{"_column_size":50,"_inline_size":null},"elements":[{"id":"da00b26","settings":{"login_link_text":"Login","login_prefix":"","logout_link_text":"Logout","logout_prefix":"","register_link_text":"Register","register_prefix":"","registered_link_text":"My Account","registered_prefix":"","login_link_icon":"fa fa-lock","logout_link_icon":"fa fa-unlock","auth_alignment":"flex-end","login_link_typography_typography":"custom","login_link_typography_font_family":"Roboto","login_link_typography_font_size":{"unit":"px","size":12},"login_link_typography_font_weight":"400","login_link_typography_line_height":{"unit":"px","size":14},"login_link_text_color":"#ffffff","login_link_color":"#13c3fc","login_prefix_typography_line_height":{"unit":"px","size":""},"logout_link_typography_typography":"custom","logout_link_typography_font_family":"Roboto","logout_link_typography_font_size":{"unit":"px","size":12},"logout_link_typography_font_weight":"normal","logout_link_typography_line_height":{"unit":"px","size":14},"logout_link_text_color":"#ffffff","logout_link_color":"#13c3fc","logout_prefix_typography_line_height":{"unit":"px","size":""},"register_link_typography_typography":"custom","register_link_typography_font_family":"Roboto","register_link_typography_font_size":{"unit":"px","size":12},"register_link_typography_font_weight":"400","register_link_typography_line_height":{"unit":"px","size":14},"register_link_text_color":"#13c3fc","register_link_color":"#ffffff","register_prefix_typography_line_height":{"unit":"px","size":""},"registered_link_typography_typography":"custom","registered_link_typography_font_family":"Roboto","registered_link_typography_font_size":{"unit":"px","size":12},"registered_link_typography_font_weight":"400","registered_link_typography_line_height":{"unit":"px","size":14},"registered_link_text_color":"#13c3fc","registered_link_color":"#ffffff","registered_prefix_typography_line_height":{"unit":"px","size":""},"login_link_background_color":"#13c3fc","login_link_background_hover_color":"rgba(0,0,0,0)","login_link_border_border":"solid","login_link_border_width":{"unit":"px","top":"1","right":"1","bottom":"1","left":"1","isLinked":true},"login_link_border_color":"#13c3fc","login_link_border_radius":{"unit":"px","top":"3","right":"3","bottom":"3","left":"3","isLinked":true},"login_link_padding":{"unit":"px","top":"4","right":"10","bottom":"4","left":"10","isLinked":false},"logout_link_background_color":"#13c3fc","logout_link_background_hover_color":"rgba(0,0,0,0)","logout_link_border_border":"solid","logout_link_border_width":{"unit":"px","top":"1","right":"1","bottom":"1","left":"1","isLinked":true},"logout_link_border_color":"#13c3fc","logout_link_border_radius":{"unit":"px","top":"3","right":"3","bottom":"3","left":"3","isLinked":true},"logout_link_padding":{"unit":"px","top":"4","right":"10","bottom":"4","left":"10","isLinked":false},"register_link_background_hover_color":"#13c3fc","register_link_border_border":"solid","register_link_border_width":{"unit":"px","top":"1","right":"1","bottom":"1","left":"1","isLinked":true},"register_link_border_color":"#13c3fc","register_link_border_radius":{"unit":"px","top":"3","right":"3","bottom":"3","left":"3","isLinked":true},"register_link_padding":{"unit":"px","top":"4","right":"10","bottom":"4","left":"10","isLinked":false},"registered_link_background_hover_color":"#13c3fc","registered_link_border_border":"solid","registered_link_border_width":{"unit":"px","top":"1","right":"1","bottom":"1","left":"1","isLinked":true},"registered_link_border_color":"#13c3fc","registered_link_border_radius":{"unit":"px","top":"3","right":"3","bottom":"3","left":"3","isLinked":true},"registered_link_padding":{"unit":"px","top":"4","right":"10","bottom":"4","left":"10","isLinked":false},"auth_alignment_mobile":"center","login_link_url":"https:\/\/madxblocks.zemez.io\/log-in-page\/","register_link_url":"https:\/\/madxblocks.zemez.io\/register-page\/","show_registered_link":""},"elements":[],"isInner":false,"widgetType":"madx-auth-links","elType":"widget"}],"isInner":true,"elType":"column"}],"isInner":true,"elType":"section"},{"id":"e0da5ac","settings":{"content_position":"middle","background_background":"classic","background_color":"#13c3fc","box_shadow_box_shadow":{"horizontal":0,"vertical":4,"blur":14,"spread":0,"color":"rgba(60,75,113,0.1)"},"padding":{"unit":"px","top":"0","right":"10","bottom":"0","left":"5","isLinked":false},"structure":"20","madx_sticky_section":"yes","madx_sticky_section_visibility":["desktop"],"madx_sticky_section_box_shadow_box_shadow_type":"yes","madx_sticky_section_box_shadow_box_shadow":{"horizontal":0,"vertical":4,"blur":14,"spread":0,"color":"rgba(60,75,113,0.1)"}},"elements":[{"id":"381dfbf1","settings":{"_column_size":50,"_inline_size":81.293,"_inline_size_tablet":70},"elements":[{"id":"155630d3","settings":{"dropdown_icon":"fa fa-chevron-down","nav_items_color":"#ffffff","nav_items_typography_typography":"custom","nav_items_typography_font_family":"Roboto","nav_items_typography_font_size":{"unit":"px","size":12},"nav_items_typography_font_weight":"400","nav_items_typography_text_transform":"capitalize","nav_items_typography_line_height":{"unit":"px","size":16},"nav_items_color_hover":"#3c4b71","nav_items_padding":{"unit":"px","top":"3","right":"9","bottom":"3","left":"9","isLinked":false},"nav_items_icon_size":{"unit":"px","size":6},"nav_items_icon_gap":{"unit":"px","size":5},"sub_items_container_width":{"unit":"px","size":135},"sub_items_border_radius":{"unit":"px","top":"3","right":"3","bottom":"3","left":"3","isLinked":true},"sub_items_color":"#3c4b71","sub_items_color_hover":"#13c3fc","sub_items_color_active":"#13c3fc","sub_items_typography_typography":"custom","sub_items_typography_font_family":"Roboto","sub_items_typography_font_size":{"unit":"px","size":12},"sub_items_typography_font_weight":"400","sub_items_typography_line_height":{"unit":"px","size":20},"sub_items_container_padding":{"unit":"px","top":"12","right":"0","bottom":"12","left":"0","isLinked":false},"sub_items_padding":{"unit":"px","top":"0","right":"10","bottom":"0","left":"20","isLinked":false},"sub_items_container_top_gap":{"unit":"px","size":3},"nav_items_border_radius":{"unit":"px","top":"3","right":"3","bottom":"3","left":"3","isLinked":true},"sub_items_container_box_shadow_box_shadow_type":"yes","sub_items_container_box_shadow_box_shadow":{"horizontal":0,"vertical":4,"blur":14,"spread":0,"color":"rgba(60,75,113,0.1)"},"sub_items_container_width_mobile":{"unit":"%","size":100},"mobile_trigger_color":"#ffffff","mobile_trigger_width":{"unit":"px","size":20},"mobile_trigger_height":{"unit":"px","size":20},"mobile_trigger_alignment":"center"},"elements":[],"isInner":false,"widgetType":"madx-nav-menu","elType":"widget"}],"isInner":true,"elType":"column"},{"id":"d58f3f0","settings":{"_column_size":50,"_inline_size":18.707,"_inline_size_tablet":30},"elements":[{"id":"6c8ac7b8","settings":{"search_placeholder":"Enter Search Keyword","form_input_typography_typography":"custom","form_input_typography_font_family":"Roboto","form_input_typography_font_size":{"unit":"px","size":12},"form_input_typography_font_weight":"300","form_input_typography_line_height":{"unit":"px","size":14},"form_input_padding":{"unit":"px","top":"8","right":"0","bottom":"8","left":"0","isLinked":false},"form_input_border_border":"solid","form_input_border_width":{"unit":"px","top":"0","right":"0","bottom":"0","left":"0","isLinked":true},"form_input_box_shadow_box_shadow_type":"yes","form_input_box_shadow_box_shadow":{"horizontal":0,"vertical":0,"blur":0,"spread":0,"color":"rgba(0,0,0,0)"},"form_submit_icon_size":{"unit":"px","size":12},"form_submit_bg_color":"rgba(0,0,0,0)","form_submit_color":"#3c4b71","form_submit_color_hover":"#2d9cdb","form_submit_padding":{"unit":"px","top":"8","right":"5","bottom":"8","left":"5","isLinked":false},"form_submit_margin":{"unit":"px","top":"0","right":"0","bottom":"0","left":"0","isLinked":true},"form_submit_box_shadow_box_shadow":{"horizontal":0,"vertical":0,"blur":"","spread":0,"color":"rgba(0,0,0,0.5)"},"_padding":{"unit":"px","top":"0","right":"5","bottom":"0","left":"10","isLinked":false},"form_input_bg_color":"rgba(0,0,0,0)","_background_background":"classic","_background_color":"#ffffff","_border_radius":{"unit":"px","top":"3","right":"3","bottom":"3","left":"3","isLinked":true}},"elements":[],"isInner":false,"widgetType":"madx-search","elType":"widget"}],"isInner":true,"elType":"column"}],"isInner":true,"elType":"section"},{"id":"5037aaba","settings":{"content_position":"middle","background_background":"classic","background_color":"#ffffff","border_radius":{"unit":"px","top":"0","right":"0","bottom":"3","left":"3","isLinked":false},"box_shadow_box_shadow":{"horizontal":0,"vertical":4,"blur":14,"spread":0,"color":"rgba(60,75,113,0.1)"},"padding":{"unit":"px","top":"4","right":"10","bottom":"4","left":"10","isLinked":false}},"elements":[{"id":"3e5bcf18","settings":{"_column_size":100,"_inline_size":null},"elements":[{"id":"eb79971","settings":{"browse_label":"Browse:","separator_type":"custom","custom_separator":"","alignment_mobile":"center","breadcrumbs_item_typography_typography":"custom","breadcrumbs_item_typography_font_family":"Roboto","breadcrumbs_item_typography_font_size":{"unit":"px","size":11},"breadcrumbs_item_typography_font_weight":"300","breadcrumbs_item_typography_line_height":{"unit":"px","size":13},"breadcrumbs_link_color":"#9da5b8","breadcrumbs_link_hover_bg_color":"#f6f7fb","breadcrumbs_target_item_color":"#9da5b8","breadcrumbs_target_item_bg_color":"#f6f7fb","breadcrumbs_item_padding":{"unit":"px","top":"3","right":"10","bottom":"3","left":"10","isLinked":false},"breadcrumbs_item_border_border":"solid","breadcrumbs_item_border_width":{"unit":"px","top":"1","right":"1","bottom":"1","left":"1","isLinked":true},"breadcrumbs_item_border_color":"#ebedf1","breadcrumbs_sep_gap":{"unit":"px","size":0}},"elements":[],"isInner":false,"widgetType":"madx-breadcrumbs","elType":"widget"}],"isInner":true,"elType":"column"}],"isInner":true,"elType":"section"}],"isInner":false,"elType":"column"}],"isInner":false,"elType":"section"}]}