{"version":"0.4","title":"Header4","type":"section","content":[{"id":"15990557","settings":{"content_width":{"unit":"px","size":1170},"gap":"no","padding":{"unit":"px","top":"0","right":"10","bottom":"0","left":"10","isLinked":false}},"elements":[{"id":"17063b44","settings":{"_column_size":100,"box_shadow_box_shadow_type":"yes","box_shadow_box_shadow":{"horizontal":0,"vertical":4,"blur":14,"spread":0,"color":"rgba(60,75,113,0.1)"},"background_background":"classic","background_color":"#3c4b71","border_radius":{"unit":"px","top":"3","right":"3","bottom":"3","left":"3","isLinked":true}},"elements":[{"id":"22f96e78","settings":{"content_position":"middle","structure":"30","background_background":"classic","background_color":"#3c4b71","border_radius":{"unit":"px","top":"3","right":"3","bottom":"3","left":"3","isLinked":true},"box_shadow_box_shadow":{"horizontal":0,"vertical":4,"blur":14,"spread":0,"color":"rgba(60,75,113,0.1)"},"gap":"extended","madx_sticky_section_visibility":["desktop"],"padding":{"unit":"px","top":"10","right":"0","bottom":"10","left":"0","isLinked":false},"madx_sticky_section":"yes","madx_sticky_section_padding":{"unit":"px","top":"0","right":"0","bottom":"0","left":"0","isLinked":true},"madx_sticky_section_box_shadow_box_shadow_type":"yes","madx_sticky_section_box_shadow_box_shadow":{"horizontal":0,"vertical":4,"blur":14,"spread":0,"color":"rgba(60,75,113,0.1)"},"madx_sticky_section_transition":{"unit":"px","size":0.3}},"elements":[{"id":"6e1c1576","settings":{"_column_size":33,"_inline_size":null,"background_background":"classic","background_color":"#3c4b71","padding":{"unit":"px","top":"5","right":"15","bottom":"5","left":"15","isLinked":false}},"elements":[{"id":"352756a0","settings":{"panel_toggle_icon":"fa fa-bars","panel_toggle_label":"","panel_toggle_label_alignment":"flex-start","position":"left","panel_shadow_box_shadow_type":"yes","panel_shadow_box_shadow":{"horizontal":0,"vertical":4,"blur":14,"spread":0,"color":"rgba(60,75,113,0.1)"},"toggle_background_background":"classic","toggle_background_color":"rgba(0,0,0,0)","toggle_shadow_box_shadow_type":"yes","toggle_shadow_box_shadow":{"horizontal":0,"vertical":0,"blur":0,"spread":0,"color":"rgba(0,0,0,0)"},"panel_template_id":"292","panel_padding":{"unit":"px","top":"120","right":"0","bottom":"120","left":"0","isLinked":false},"close_icon_box_popover_toggle":"custom","close_icon_box_box_font_color":"#3c4b71","close_icon_box_hover_popover_toggle":"custom","close_icon_box_hover_box_font_color":"#fe5722","toggle_icon_box_popover_toggle":"custom","toggle_icon_box_box_font_size":{"unit":"px","size":12},"toggle_icon_box_hover_popover_toggle":"custom","toggle_icon_box_hover_box_font_color":"#eb5757","panel_toggle_label_alignment_mobile":"center","panel_width":{"unit":"px","size":300}},"elements":[],"isInner":false,"widgetType":"madx-hamburger-panel","elType":"widget"}],"isInner":true,"elType":"column"},{"id":"7d68f8ad","settings":{"_column_size":33,"_inline_size":null,"padding":{"unit":"px","top":"5","right":"15","bottom":"5","left":"15","isLinked":false}},"elements":[{"id":"14c508f1","settings":{"logo_type":"image","logo_image":{"id":258,"url":"https:\/\/madxblocks.zemez.io\/wp-content\/uploads\/2018\/05\/demo-logo-4.png"},"logo_image_2x":{"id":259,"url":"https:\/\/madxblocks.zemez.io\/wp-content\/uploads\/2018\/05\/demo-logo-4-2x.png"},"logo_alignment":"center"},"elements":[],"isInner":false,"widgetType":"madx-logo","elType":"widget"}],"isInner":true,"elType":"column"},{"id":"534f4ccc","settings":{"_column_size":33,"_inline_size":null,"padding":{"unit":"px","top":"5","right":"15","bottom":"5","left":"15","isLinked":false}},"elements":[{"id":"c8ee9f2","settings":{"login_link_text":"Login","login_prefix":"Have an account?","logout_link_text":"Logout","logout_prefix":"Hi, %s","register_link_text":"Register","register_prefix":"or","registered_link_text":"My Account","registered_prefix":"|","login_link_icon":"","logout_link_icon":"","register_link_icon":"","registered_link_icon":"","login_link_typography_typography":"custom","login_link_typography_font_family":"Roboto Condensed","login_link_typography_font_size":{"unit":"px","size":12},"login_link_typography_font_weight":"400","login_link_typography_line_height":{"unit":"px","size":15},"login_link_text_color":"#ffffff","login_link_color":"#eb5757","login_prefix_color":"#ffffff","login_prefix_typography_typography":"custom","login_prefix_typography_font_family":"Roboto Condensed","login_prefix_typography_font_size":{"unit":"px","size":12},"login_prefix_typography_font_weight":"400","login_prefix_typography_text_transform":"capitalize","login_prefix_typography_line_height":{"unit":"px","size":15},"logout_link_typography_typography":"custom","logout_link_typography_font_family":"Roboto Condensed","logout_link_typography_font_size":{"unit":"px","size":12},"logout_link_typography_font_weight":"300","logout_link_typography_line_height":{"unit":"px","size":15},"logout_link_text_color":"#ffffff","logout_link_color":"#eb5757","logout_prefix_color":"#ffffff","logout_prefix_typography_typography":"custom","logout_prefix_typography_font_family":"Roboto Condensed","logout_prefix_typography_font_size":{"unit":"px","size":12},"logout_prefix_typography_font_weight":"400","logout_prefix_typography_line_height":{"unit":"px","size":15},"register_link_typography_typography":"custom","register_link_typography_font_family":"Roboto Condensed","register_link_typography_font_size":{"unit":"px","size":12},"register_link_typography_font_weight":"300","register_link_typography_line_height":{"unit":"px","size":15},"register_link_text_color":"#ffffff","register_link_color":"#eb5757","register_prefix_color":"#ffffff","register_prefix_typography_typography":"custom","register_prefix_typography_font_family":"Roboto Condensed","register_prefix_typography_font_size":{"unit":"px","size":12},"register_prefix_typography_font_weight":"400","register_prefix_typography_text_transform":"capitalize","register_prefix_typography_line_height":{"unit":"px","size":15},"registered_link_typography_typography":"custom","registered_link_typography_font_family":"Roboto Condensed","registered_link_typography_font_size":{"unit":"px","size":12},"registered_link_typography_font_weight":"300","registered_link_typography_line_height":{"unit":"px","size":15},"registered_link_text_color":"#ffffff","registered_link_color":"#eb5757","registered_prefix_color":"#ffffff","registered_prefix_typography_typography":"custom","registered_prefix_typography_font_family":"Roboto Condensed","registered_prefix_typography_font_size":{"unit":"px","size":12},"registered_prefix_typography_font_weight":"400","registered_prefix_typography_line_height":{"unit":"px","size":15},"auth_alignment":"flex-end","auth_alignment_mobile":"center","login_link_url":"https:\/\/madxblocks.zemez.io\/log-in-page\/","register_link_url":"https:\/\/madxblocks.zemez.io\/register-page\/","show_registered_link":""},"elements":[],"isInner":false,"widgetType":"madx-auth-links","elType":"widget"}],"isInner":true,"elType":"column"}],"isInner":true,"elType":"section"},{"id":"46affc34","settings":{"content_position":"middle","background_background":"classic","background_color":"#2b385a","border_radius":{"unit":"px","top":"0","right":"0","bottom":"3","left":"3","isLinked":false},"box_shadow_box_shadow_type":"yes","box_shadow_box_shadow":{"horizontal":0,"vertical":4,"blur":14,"spread":0,"color":"rgba(60,75,113,0.1)"},"padding":{"unit":"px","top":"0","right":"13","bottom":"0","left":"13","isLinked":false}},"elements":[{"id":"4c991b9c","settings":{"_column_size":100,"_inline_size":null},"elements":[{"id":"26188709","settings":{"browse_label":"Browse:","custom_separator":"\/","alignment_mobile":"center","breadcrumbs_item_typography_typography":"custom","breadcrumbs_item_typography_font_family":"Roboto Condensed","breadcrumbs_item_typography_font_size":{"unit":"px","size":12},"breadcrumbs_item_typography_font_weight":"400","breadcrumbs_link_color":"#ffffff","breadcrumbs_link_hover_color":"#eb5757","breadcrumbs_target_item_color":"#eb5757","breadcrumbs_sep_icon_size":{"unit":"px","size":12},"breadcrumbs_sep_color":"#ffffff","breadcrumbs_sep_border_radius":{"unit":"%","top":"","right":"","bottom":"","left":"","isLinked":true}},"elements":[],"isInner":false,"widgetType":"madx-breadcrumbs","elType":"widget"}],"isInner":true,"elType":"column"}],"isInner":true,"elType":"section"}],"isInner":false,"elType":"column"}],"isInner":false,"elType":"section"}]}