{"version":"0.4","title":"Header6","type":"section","content":[{"id":"2c8cb499","settings":{"content_width":{"unit":"px","size":1170},"gap":"no","padding":{"unit":"px","top":"0","right":"10","bottom":"0","left":"10","isLinked":false}},"elements":[{"id":"1da944bd","settings":{"_column_size":100,"box_shadow_box_shadow_type":"yes","box_shadow_box_shadow":{"horizontal":0,"vertical":4,"blur":14,"spread":0,"color":"rgba(60,75,113,0.1)"},"background_background":"classic","background_color":"#ef265d","border_radius":{"unit":"px","top":"3","right":"3","bottom":"3","left":"3","isLinked":true}},"elements":[{"id":"43514128","settings":{"content_position":"middle","structure":"50","background_background":"classic","background_color":"#ef265d","border_radius":{"unit":"px","top":"3","right":"3","bottom":"3","left":"3","isLinked":true},"box_shadow_box_shadow":{"horizontal":0,"vertical":4,"blur":14,"spread":0,"color":"rgba(60,75,113,0.1)"},"padding":{"unit":"px","top":"10","right":"15","bottom":"10","left":"15","isLinked":false},"madx_sticky_section":"yes","madx_sticky_section_visibility":["desktop"],"madx_sticky_section_padding":{"unit":"px","top":"5","right":"15","bottom":"5","left":"15","isLinked":false},"madx_sticky_section_box_shadow_box_shadow_type":"yes","madx_sticky_section_box_shadow_box_shadow":{"horizontal":0,"vertical":4,"blur":14,"spread":0,"color":"rgba(60,75,113,0.1)"},"madx_sticky_section_transition":{"unit":"px","size":0.3}},"elements":[{"id":"7a64ecea","settings":{"_column_size":20,"_inline_size":17.193,"_inline_size_tablet":30},"elements":[{"id":"ccde8dd","settings":{"logo_type":"both","logo_image":{"id":307,"url":"https:\/\/madxblocks.zemez.io\/wp-content\/uploads\/2018\/05\/demo-logo-6.png"},"logo_image_2x":{"id":308,"url":"https:\/\/madxblocks.zemez.io\/wp-content\/uploads\/2018\/05\/demo-logo-6-2x.png"},"logo_text_from":"custom","logo_text":"Slogan Site","logo_display":"inline","vertical_logo_alignment":"flex-end","text_logo_color":"#ffffff","text_logo_typography_typography":"custom","text_logo_typography_font_family":"Roboto","text_logo_typography_font_size":{"unit":"px","size":11},"text_logo_typography_font_weight":"300","text_logo_typography_text_transform":"none","text_logo_typography_line_height":{"unit":"em","size":1.5},"logo_alignment_mobile":"center"},"elements":[],"isInner":false,"widgetType":"madx-logo","elType":"widget"}],"isInner":true,"elType":"column"},{"id":"5f503eb","settings":{"_column_size":20,"_inline_size":50.088,"_inline_size_tablet":70},"elements":[{"id":"701c4c74","settings":{"dropdown_icon":"fa fa-chevron-down","nav_items_color":"#ffffff","nav_items_typography_typography":"custom","nav_items_typography_font_family":"Ubuntu","nav_items_typography_font_size":{"unit":"px","size":12},"nav_items_typography_font_weight":"500","nav_items_typography_text_transform":"uppercase","nav_items_typography_line_height":{"unit":"px","size":17},"nav_items_color_active":"#3c4b71","nav_items_padding":{"unit":"px","top":"4","right":"7","bottom":"4","left":"7","isLinked":false},"nav_items_icon_size":{"unit":"px","size":6},"nav_items_icon_gap":{"unit":"px","size":5},"sub_items_container_width":{"unit":"px","size":135},"sub_items_border_radius":{"unit":"px","top":"3","right":"3","bottom":"3","left":"3","isLinked":true},"sub_items_color":"#ffffff","sub_items_color_hover":"#ef265d","sub_items_color_active":"#ef265d","sub_items_typography_typography":"custom","sub_items_typography_font_family":"Ubuntu","sub_items_typography_font_size":{"unit":"px","size":12},"sub_items_typography_font_weight":"300","sub_items_typography_line_height":{"unit":"px","size":21},"sub_items_container_padding":{"unit":"px","top":"10","right":"0","bottom":"10","left":"0","isLinked":false},"sub_items_padding":{"unit":"px","top":"0","right":"10","bottom":"0","left":"20","isLinked":false},"sub_items_container_top_gap":{"unit":"px","size":5},"nav_items_bg_color_hover":"#3c4b71","nav_items_margin":{"unit":"px","top":"0","right":"5","bottom":"0","left":"0","isLinked":false},"nav_items_border_radius":{"unit":"px","top":"3","right":"3","bottom":"3","left":"3","isLinked":true},"sub_items_container_box_shadow_box_shadow_type":"yes","sub_items_container_box_shadow_box_shadow":{"horizontal":0,"vertical":4,"blur":14,"spread":0,"color":"rgba(60,75,113,0.1)"},"nav_items_bg_color_active":"#ffffff","sub_items_container_bg_color":"#3c4b71","menu_alignment_tablet":"flex-end","menu_alignment_mobile":"center","mobile_trigger_color":"#ffffff","mobile_trigger_width":{"unit":"px","size":20},"mobile_trigger_height":{"unit":"px","size":20},"mobile_trigger_alignment":"center"},"elements":[],"isInner":false,"widgetType":"madx-nav-menu","elType":"widget"}],"isInner":true,"elType":"column"},{"id":"4a0f1923","settings":{"_column_size":20,"_inline_size":25.701,"_inline_size_tablet":84,"_inline_size_mobile":70},"elements":[{"id":"18d2704d","settings":{"login_link_text":"Login","login_prefix":"Have an account?","logout_link_text":"Logout","logout_prefix":"Hi, %s","register_link_text":"Register","register_prefix":"or","registered_link_text":"My Account","registered_prefix":"|","login_link_icon":"","logout_link_icon":"","register_link_icon":"","registered_link_icon":"","login_link_typography_typography":"custom","login_link_typography_font_family":"Ubuntu","login_link_typography_font_size":{"unit":"px","size":12},"login_link_typography_font_weight":"300","login_link_typography_line_height":{"unit":"px","size":15},"login_link_text_color":"#ffffff","login_link_color":"#3c4b71","login_prefix_color":"#ffffff","login_prefix_typography_typography":"custom","login_prefix_typography_font_family":"Ubuntu","login_prefix_typography_font_size":{"unit":"px","size":12},"login_prefix_typography_font_weight":"300","login_prefix_typography_text_transform":"capitalize","login_prefix_typography_line_height":{"unit":"px","size":15},"logout_link_typography_typography":"custom","logout_link_typography_font_family":"Ubuntu","logout_link_typography_font_size":{"unit":"px","size":12},"logout_link_typography_font_weight":"300","logout_link_typography_line_height":{"unit":"px","size":15},"logout_link_text_color":"#ffffff","logout_link_color":"#3c4b71","logout_prefix_color":"#ffffff","logout_prefix_typography_typography":"custom","logout_prefix_typography_font_family":"Ubuntu","logout_prefix_typography_font_size":{"unit":"px","size":12},"logout_prefix_typography_font_weight":"300","logout_prefix_typography_line_height":{"unit":"px","size":15},"register_link_typography_typography":"custom","register_link_typography_font_family":"Ubuntu","register_link_typography_font_size":{"unit":"px","size":12},"register_link_typography_font_weight":"300","register_link_typography_line_height":{"unit":"px","size":15},"register_link_text_color":"#ffffff","register_link_color":"#3c4b71","register_prefix_color":"#ffffff","register_prefix_typography_typography":"custom","register_prefix_typography_font_family":"Ubuntu","register_prefix_typography_font_size":{"unit":"px","size":12},"register_prefix_typography_font_weight":"300","register_prefix_typography_text_transform":"capitalize","register_prefix_typography_line_height":{"unit":"px","size":15},"registered_link_typography_typography":"custom","registered_link_typography_font_family":"Ubuntu","registered_link_typography_font_size":{"unit":"px","size":12},"registered_link_typography_font_weight":"300","registered_link_typography_line_height":{"unit":"px","size":15},"registered_link_text_color":"#ffffff","registered_link_color":"#3c4b71","registered_prefix_color":"#ffffff","registered_prefix_typography_typography":"custom","registered_prefix_typography_font_family":"Ubuntu","registered_prefix_typography_font_size":{"unit":"px","size":12},"registered_prefix_typography_font_weight":"300","registered_prefix_typography_line_height":{"unit":"px","size":15},"auth_alignment":"flex-end","login_link_typography_text_transform":"uppercase","logout_link_typography_text_transform":"uppercase","register_link_typography_text_transform":"uppercase","registered_link_typography_text_transform":"uppercase","auth_alignment_tablet":"flex-start","auth_alignment_mobile":"flex-start","login_link_url":"https:\/\/madxblocks.zemez.io\/log-in-page\/","register_link_url":"https:\/\/madxblocks.zemez.io\/register-page\/","show_registered_link":""},"elements":[],"isInner":false,"widgetType":"madx-auth-links","elType":"widget"}],"isInner":true,"elType":"column"},{"id":"5cd17f48","settings":{"_column_size":20,"_inline_size":3.508,"_inline_size_tablet":8,"_inline_size_mobile":15},"elements":[{"id":"60523b1","settings":{"search_placeholder":"Enter Search Keyword","form_input_typography_typography":"custom","form_input_typography_font_family":"Roboto","form_input_typography_font_size":{"unit":"px","size":20},"form_input_typography_font_weight":"300","form_input_typography_line_height":{"unit":"px","size":""},"form_input_padding":{"unit":"px","top":"8","right":"0","bottom":"8","left":"0","isLinked":false},"form_input_border_border":"solid","form_input_border_width":{"unit":"px","top":"0","right":"0","bottom":"0","left":"0","isLinked":true},"form_input_box_shadow_box_shadow_type":"yes","form_input_box_shadow_box_shadow":{"horizontal":0,"vertical":0,"blur":0,"spread":0,"color":"rgba(0,0,0,0)"},"form_submit_icon_size":{"unit":"px","size":20},"form_submit_bg_color":"rgba(0,0,0,0)","form_submit_color":"#ffffff","form_submit_color_hover":"#2d9cdb","form_submit_padding":{"unit":"px","top":"5","right":"0","bottom":"5","left":"0","isLinked":false},"form_submit_margin":{"unit":"px","top":"0","right":"0","bottom":"0","left":"0","isLinked":true},"form_submit_box_shadow_box_shadow":{"horizontal":0,"vertical":0,"blur":"","spread":0,"color":"rgba(0,0,0,0.5)"},"show_search_in_popup":"true","full_screen_popup":"true","popup_show_effect":"fade","form_input_bg_color":"rgba(0,0,0,0)","form_input_color":"#ffffff","form_input_placeholder_color":"#ffffff","form_input_border_radius":{"unit":"px","top":"0","right":"0","bottom":"0","left":"0","isLinked":true},"popup_width":{"unit":"px","size":450},"popup_bg_color":"rgba(21,35,68,0.9)","popup_trigger_bg_color":"rgba(0,0,0,0)","popup_trigger_color":"#ffffff","popup_trigger_color_hover":"#3c4b71","popup_trigger_icon_size":{"unit":"px","size":12},"popup_trigger_alignment":"flex-end","popup_trigger_padding":{"unit":"px","top":"8","right":"8","bottom":"8","left":"8","isLinked":true},"popup_trigger_margin":{"unit":"px","top":"0","right":"0","bottom":"0","left":"0","isLinked":true},"form_border_border":"solid","form_border_width":{"unit":"px","top":"0","right":"0","bottom":"2","left":"0","isLinked":false},"form_border_color":"#ffffff","popup_close_bg_color":"rgba(0,0,0,0)","popup_close_color":"#ffffff","popup_close_color_hover":"#2d9cdb","popup_close_icon_size":{"unit":"px","size":25},"popup_close_padding":{"unit":"px","top":"3","right":"3","bottom":"3","left":"3","isLinked":true}},"elements":[],"isInner":false,"widgetType":"madx-search","elType":"widget"}],"isInner":true,"elType":"column"},{"id":"3beb3d00","settings":{"_column_size":20,"_inline_size":3.51,"_inline_size_tablet":8,"_inline_size_mobile":15},"elements":[{"id":"26bfe558","settings":{"cart_label":"","count_format":"%s","total_format":"%s","cart_list_label":"My Cart","show_total":"","cart_alignment":"flex-end","cart_icon_color":"#ffffff","cart_count_color":"#ffffff","cart_link_typography_typography":"custom","cart_link_typography_font_family":"Ubuntu","cart_link_typography_font_size":{"unit":"px","size":12},"cart_link_typography_font_weight":"300","cart_link_typography_line_height":{"unit":"px","size":16},"cart_icon_size":{"unit":"px","size":12},"cart_list_container_box_shadow_box_shadow_type":"yes","cart_list_container_box_shadow_box_shadow":{"horizontal":0,"vertical":4,"blur":14,"spread":0,"color":"rgba(60,75,113,0.1)"},"cart_list_hor_position":"right","cart_list_right_position":{"unit":"px","size":0},"cart_list_title_typography_font_family":"Ubuntu","cart_list_title_typography_font_weight":"normal","cart_alignment_mobile":"flex-end","cart_link_padding":{"unit":"px","top":"5","right":"0","bottom":"5","left":"0","isLinked":false},"cart_list_title_typography_typography":"custom","cart_list_title_margin":{"unit":"px","top":"0","right":"0","bottom":"10","left":"0","isLinked":false}},"elements":[],"isInner":false,"widgetType":"madx-blocks-cart","elType":"widget"}],"isInner":true,"elType":"column"}],"isInner":true,"elType":"section"},{"id":"36cb2fd7","settings":{"content_position":"middle","background_background":"classic","background_color":"#ef265d","border_radius":{"unit":"px","top":"0","right":"0","bottom":"3","left":"3","isLinked":false},"box_shadow_box_shadow":{"horizontal":0,"vertical":4,"blur":14,"spread":0,"color":"rgba(60,75,113,0.1)"},"padding":{"unit":"px","top":"12","right":"15","bottom":"12","left":"15","isLinked":false},"border_border":"solid","border_width":{"unit":"px","top":"2","right":"0","bottom":"0","left":"0","isLinked":false},"border_color":"#ffffff"},"elements":[{"id":"3c56caf","settings":{"_column_size":100},"elements":[{"id":"3b5d4916","settings":{"show_title":"yes","browse_label":"Browse:","separator_type":"custom","custom_separator":">","alignment":"center","order":"1","title_typography_typography":"custom","title_typography_font_family":"Ubuntu","title_typography_font_size":{"unit":"px","size":32},"title_typography_font_size_mobile":{"unit":"px","size":25},"title_typography_font_weight":"500","title_typography_text_transform":"uppercase","title_color":"#ffffff","breadcrumbs_item_typography_typography":"custom","breadcrumbs_item_typography_font_family":"Ubuntu","breadcrumbs_item_typography_font_size":{"unit":"px","size":11},"breadcrumbs_item_typography_font_weight":"300","breadcrumbs_link_color":"#ffffff","breadcrumbs_link_hover_typography_typography":"custom","breadcrumbs_link_hover_typography_text_decoration":"underline","breadcrumbs_target_item_typography_typography":"custom","breadcrumbs_target_item_typography_text_decoration":"underline","breadcrumbs_target_item_color":"#ffffff","breadcrumbs_sep_gap":{"unit":"px","size":3},"breadcrumbs_sep_color":"#ffffff"},"elements":[],"isInner":false,"widgetType":"madx-breadcrumbs","elType":"widget"}],"isInner":true,"elType":"column"}],"isInner":true,"elType":"section"}],"isInner":false,"elType":"column"}],"isInner":false,"elType":"section"}]}