{
        "version": 2,
        "settings": {
                "color": {
                        "palette": [
                            {
                                "slug": "foreground",
                                "color": "#38452E",
                                "name": "Foreground"
                            },
                            {
                                "slug": "background",
                                "color": "#D5DBCD",
                                "name": "Background"
                            },
                            {
                                "slug": "primary",
                                "color": "#838B7C",
                                "name": "Primary"
                            },
                            {
                                "slug": "secondary",
                                "color": "#99A391",
                                "name": "Secondary"
                            },
                            {
                                "slug": "tertiary",
                                "color": "#9DA89D",
                                "name": "Tertiary"
                            }
                        ]
                }
        }
}
