{
		"version": 2,
		"settings": {
				"color": {
						"palette": [
							{
								"slug": "foreground",
								"color": "#1A1A1A",
								"name": "Foreground"
							},
							{
								"slug": "background",
								"color": "#FAF5EF",
								"name": "Background"
							},
							{
								"slug": "primary",
								"color": "#ca9174",
								"name": "Primary"
							},
							{
								"slug": "secondary",
								"color": "#D6809C",
								"name": "Secondary"
							},
							{
								"slug": "tertiary",
								"color": "#f8cbb3",
								"name": "Tertiary"
							}
						]
				}
		}
}
