{
		"version": 2,
		"settings": {
				"color": {
						"palette": [
							{
								"slug": "foreground",
								"color": "#211F1D",
								"name": "Foreground"
							},
							{
								"slug": "background",
								"color": "#ffffff",
								"name": "Background"
							},
							{
								"slug": "primary",
								"color": "#6b705c",
								"name": "Primary"
							},
							{
								"slug": "secondary",
								"color": "#b7b7a4",
								"name": "Secondary"
							},
							{
								"slug": "tertiary",
								"color": "#cb997e",
								"name": "Tertiary"
							}
						]
				}
		}
}
