{
        "version": 2,
        "settings": {
                "color": {
                        "palette": [
                            {
                                "slug": "foreground",
                                "color": "#32363C",
                                "name": "Foreground"
                            },
                            {
                                "slug": "background",
                                "color": "#E7F0E8",
                                "name": "Background"
                            },
                            {
                                "slug": "primary",
                                "color": "#CDCDA6",
                                "name": "Primary"
                            },
                            {
                                "slug": "secondary",
                                "color": "#B7B9A7",
                                "name": "Secondary"
                            },
                            {
                                "slug": "tertiary",
                                "color": "#C5AA98",
                                "name": "Tertiary"
                            }
                        ]
                }
        }
}
