user01@exampledomain.com,sirJohn Smith,house media store,some remarks,field0,field1,field2,field3
user02@exampledomain.com,mr Ben Tresss,house,some remarks,field0,field1,field2,field3
user03@exampledomain.com,mrs Kate Smoth,store,some remarks,field0,field1,field2,field3
user04@exampledomain.com,Greg Salad,house media,some remarks,000,111,222,333
user05@exampledomain.com,Dan Rooter,house store,some remarks,000,111,222,333
user06@exampledomain.com,Marry Pooh,house media,some remarks,000,111,222,333
user07@exampledomain.com,Indi Jones,house media,some remarks,000,111,222,333
user08@exampledomain.com,Robin Hood,house media,some remarks,000,111,222,333
user09@exampledomain.com,Goddy Zeus,house media,some remarks,000,111,222,333
user10@exampledomain.com,Flame Moos,house media,some remarks,000,111,222,333
user11@exampledomain.com,Don Duckys,house store,some remarks,000,111,222,333
user12@exampledomain.com,Big Master,house store,some remarks,000,111,222,333
user13@exampledomain.com,Funny Name,house media,some remarks,000,111,222,333
user14@exampledomain.com,Coile Boys,house media,some remarks,000,111,222,333
user15@exampledomain.com,Gone Horse,house media,some remarks,000,111,222,333