{"title":"Loan Calculator Form","version":"1.9.21","widgets":{"p57104565":{"type":"field","settings":{"field_type":"number","field_id":"amount","form_id":"22733","msg_repassword_err":"Password don't match","country":"All","google_maps_lat":"21.028511","google_maps_lng":"105.804817","google_maps_zoom":{"unit":"px","size":"15"},"google_maps_height_responsive_desktop":{"unit":"px","size":"200"},"google_maps_height_responsive_tablet":{"unit":"px","size":"200"},"google_maps_height_responsive_mobile":{"unit":"px","size":"200"},"signature_clear_text":"Clear","signature_max_width_responsive_desktop":{"unit":"px","size":"400"},"signature_max_width_responsive_tablet":{"unit":"px","size":"400"},"signature_max_width_responsive_mobile":{"unit":"px","size":"400"},"signature_height_responsive_desktop":{"unit":"px","size":"200"},"signature_height_responsive_tablet":{"unit":"px","size":"200"},"signature_height_responsive_mobile":{"unit":"px","size":"200"},"field_label_show":"true","field_label_inline_width_responsive_desktop":{"unit":"%","size":"10"},"field_label_inline_width_responsive_tablet":{"unit":"%","size":"10"},"field_label_inline_width_responsive_mobile":{"unit":"%","size":"10"},"piotnetforms_style_checkbox_type":"native","stripe_font_size":{"unit":"px","size":"16"},"stripe_custom_style":"{\"base\":{\"color\":\"#303238\",\"fontSize\":\"16px\",\"fontFamily\":\"\\\"Open Sans\\\", sans-serif\",\"fontSmoothing\":\"antialiased\",\"::placeholder\":{\"color\":\"#CFD7DF\"}},\"invalid\":{\"color\":\"#e5424d\",\":focus\":{\"color\":\"#303238\"}}}","field_taxonomy_slug":"category","terms_select_type":"select","file_sizes":"1","file_sizes_message":"File size must be less than 1MB","file_types_message":"Please enter a value with a valid mimetype.","rows":"4","min_select_required_message":"Please select the minimum number of images.","recaptcha_size":"normal","recaptcha_style":"light","date_format":"F j, Y","date_language":"english","time_format":"h:i K","time_minute_increment":"5","piotnetforms_range_slider_field_options":"skin: \"round\", type: \"double\", grid: true, min: 0, max: 1000, from: 200, to: 800, prefix: \"$\"","piotnetforms_calculated_fields_form_distance_calculation_unit":"km","piotnetforms_calculated_fields_form_calculation_rounding_decimals":"2","piotnetforms_calculated_fields_form_calculation_rounding_decimals_decimals_symbol":".","piotnetforms_calculated_fields_form_calculation_rounding_decimals_seperators_symbol":",","field_pattern":"[0-9()#&+*-=.]+","iban_invalid_message":"This BBAN is invalid.","field_autocomplete":"true","shortcode":"[field id=\"p57104565\"]","live_preview_code":"<span data-piotnetforms-live-preview=\"p57104565\"><\/span>","live_preview_image_width":"150","live_preview_image_height":"150","field_icon_type":"font_awesome","piotnetforms_conditional_logic_form_speed":"400","piotnetforms_conditional_logic_form_easing":"swing","piotnetforms_style_checkbox_button_icon_position":"relative","piotnetforms_style_checkbox_button_icon_position_absolute_top_responsive_desktop":"auto","piotnetforms_style_checkbox_button_icon_position_absolute_top_responsive_tablet":"auto","piotnetforms_style_checkbox_button_icon_position_absolute_top_responsive_mobile":"auto","piotnetforms_style_checkbox_button_icon_position_absolute_right_responsive_desktop":"auto","piotnetforms_style_checkbox_button_icon_position_absolute_right_responsive_tablet":"auto","piotnetforms_style_checkbox_button_icon_position_absolute_right_responsive_mobile":"auto","piotnetforms_style_checkbox_button_icon_position_absolute_bottom_responsive_desktop":"auto","piotnetforms_style_checkbox_button_icon_position_absolute_bottom_responsive_tablet":"auto","piotnetforms_style_checkbox_button_icon_position_absolute_bottom_responsive_mobile":"auto","piotnetforms_style_checkbox_button_icon_position_absolute_left_responsive_desktop":"auto","piotnetforms_style_checkbox_button_icon_position_absolute_left_responsive_tablet":"auto","piotnetforms_style_checkbox_button_icon_position_absolute_left_responsive_mobile":"auto","piotnetforms_style_checkbox_item_width_type":"auto","piotnetforms_style_checkbox_replacement_icon_type":"font_awesome","piotnetforms_style_checkbox_square_size_responsive_desktop":{"unit":"px","size":"18"},"piotnetforms_style_checkbox_square_size_responsive_tablet":{"unit":"px","size":"18"},"piotnetforms_style_checkbox_square_size_responsive_mobile":{"unit":"px","size":"18"},"piotnetforms_style_checkbox_square_border_width":{"unit":"px","size":"1"},"piotnetforms_style_checkbox_square_border_color":"#000000","piotnetforms_style_checkbox_square_background_color":"#000000","piotnetforms_style_checkbox_square_spacing_responsive_desktop":{"unit":"px","size":"30"},"piotnetforms_style_checkbox_square_spacing_responsive_tablet":{"unit":"px","size":"30"},"piotnetforms_style_checkbox_square_spacing_responsive_mobile":{"unit":"px","size":"30"},"piotnetforms_style_spiner_width_responsive_desktop":{"unit":"px","size":"32"},"piotnetforms_style_spiner_width_responsive_tablet":{"unit":"px","size":"32"},"piotnetforms_style_spiner_width_responsive_mobile":{"unit":"px","size":"32"},"piotnetforms_style_spiner_height_responsive_desktop":{"unit":"px","size":"32"},"piotnetforms_style_spiner_height_responsive_tablet":{"unit":"px","size":"32"},"piotnetforms_style_spiner_height_responsive_mobile":{"unit":"px","size":"32"},"piotnetforms_style_spiner_input_width_responsive_desktop":{"unit":"px","size":"20"},"piotnetforms_style_spiner_input_width_responsive_tablet":{"unit":"px","size":"20"},"piotnetforms_style_spiner_input_width_responsive_mobile":{"unit":"px","size":"20"},"piotnetforms_image_select_field_item_width_responsive_desktop":"25","piotnetforms_image_select_field_item_width_responsive_tablet":"25","piotnetforms_image_select_field_item_width_responsive_mobile":"25","piotnetforms_image_select_field_item_spacing_responsive_desktop":{"unit":"px","size":"10"},"piotnetforms_image_select_field_item_spacing_responsive_tablet":{"unit":"px","size":"10"},"piotnetforms_image_select_field_item_spacing_responsive_mobile":{"unit":"px","size":"10"},"label_animation_focus_spacing_responsive_desktop":{"unit":"px","size":"24"},"label_animation_focus_spacing_responsive_tablet":{"unit":"px","size":"24"},"label_animation_focus_spacing_responsive_mobile":{"unit":"px","size":"24"},"piotnetforms_repeater_trigger_action":"add","next_prev_multi_step_form_action":"next","multi_step_form_animation_animate":"fadeIn","conditional_visibility_roles":["all"],"conditional_visibility_date_and_time_operators":"or","conditional_visibility_action_for_date_and_time":"show","conditional_visibility_action":"show","width":"100","field_label":"Amount of the loan ($)"}},"p03301606":{"type":"field","settings":{"field_type":"number","field_id":"annual_interest","form_id":"22733","msg_repassword_err":"Password don't match","country":"All","google_maps_lat":"21.028511","google_maps_lng":"105.804817","google_maps_zoom":{"unit":"px","size":"15"},"google_maps_height_responsive_desktop":{"unit":"px","size":"200"},"google_maps_height_responsive_tablet":{"unit":"px","size":"200"},"google_maps_height_responsive_mobile":{"unit":"px","size":"200"},"signature_clear_text":"Clear","signature_max_width_responsive_desktop":{"unit":"px","size":"400"},"signature_max_width_responsive_tablet":{"unit":"px","size":"400"},"signature_max_width_responsive_mobile":{"unit":"px","size":"400"},"signature_height_responsive_desktop":{"unit":"px","size":"200"},"signature_height_responsive_tablet":{"unit":"px","size":"200"},"signature_height_responsive_mobile":{"unit":"px","size":"200"},"field_label_show":"true","field_label_inline_width_responsive_desktop":{"unit":"%","size":"10"},"field_label_inline_width_responsive_tablet":{"unit":"%","size":"10"},"field_label_inline_width_responsive_mobile":{"unit":"%","size":"10"},"piotnetforms_style_checkbox_type":"native","stripe_font_size":{"unit":"px","size":"16"},"stripe_custom_style":"{\"base\":{\"color\":\"#303238\",\"fontSize\":\"16px\",\"fontFamily\":\"\\\"Open Sans\\\", sans-serif\",\"fontSmoothing\":\"antialiased\",\"::placeholder\":{\"color\":\"#CFD7DF\"}},\"invalid\":{\"color\":\"#e5424d\",\":focus\":{\"color\":\"#303238\"}}}","field_taxonomy_slug":"category","terms_select_type":"select","file_sizes":"1","file_sizes_message":"File size must be less than 1MB","file_types_message":"Please enter a value with a valid mimetype.","rows":"4","min_select_required_message":"Please select the minimum number of images.","recaptcha_size":"normal","recaptcha_style":"light","date_format":"F j, Y","date_language":"english","time_format":"h:i K","time_minute_increment":"5","piotnetforms_range_slider_field_options":"skin: \"round\", type: \"double\", grid: true, min: 0, max: 1000, from: 200, to: 800, prefix: \"$\"","piotnetforms_calculated_fields_form_distance_calculation_unit":"km","piotnetforms_calculated_fields_form_calculation_rounding_decimals":"2","piotnetforms_calculated_fields_form_calculation_rounding_decimals_decimals_symbol":".","piotnetforms_calculated_fields_form_calculation_rounding_decimals_seperators_symbol":",","field_pattern":"[0-9()#&+*-=.]+","iban_invalid_message":"This BBAN is invalid.","field_autocomplete":"true","shortcode":"[field id=\"p57104565\"]","live_preview_code":"<span data-piotnetforms-live-preview=\"p57104565\"><\/span>","live_preview_image_width":"150","live_preview_image_height":"150","field_icon_type":"font_awesome","piotnetforms_conditional_logic_form_speed":"400","piotnetforms_conditional_logic_form_easing":"swing","piotnetforms_style_checkbox_button_icon_position":"relative","piotnetforms_style_checkbox_button_icon_position_absolute_top_responsive_desktop":"auto","piotnetforms_style_checkbox_button_icon_position_absolute_top_responsive_tablet":"auto","piotnetforms_style_checkbox_button_icon_position_absolute_top_responsive_mobile":"auto","piotnetforms_style_checkbox_button_icon_position_absolute_right_responsive_desktop":"auto","piotnetforms_style_checkbox_button_icon_position_absolute_right_responsive_tablet":"auto","piotnetforms_style_checkbox_button_icon_position_absolute_right_responsive_mobile":"auto","piotnetforms_style_checkbox_button_icon_position_absolute_bottom_responsive_desktop":"auto","piotnetforms_style_checkbox_button_icon_position_absolute_bottom_responsive_tablet":"auto","piotnetforms_style_checkbox_button_icon_position_absolute_bottom_responsive_mobile":"auto","piotnetforms_style_checkbox_button_icon_position_absolute_left_responsive_desktop":"auto","piotnetforms_style_checkbox_button_icon_position_absolute_left_responsive_tablet":"auto","piotnetforms_style_checkbox_button_icon_position_absolute_left_responsive_mobile":"auto","piotnetforms_style_checkbox_item_width_type":"auto","piotnetforms_style_checkbox_replacement_icon_type":"font_awesome","piotnetforms_style_checkbox_square_size_responsive_desktop":{"unit":"px","size":"18"},"piotnetforms_style_checkbox_square_size_responsive_tablet":{"unit":"px","size":"18"},"piotnetforms_style_checkbox_square_size_responsive_mobile":{"unit":"px","size":"18"},"piotnetforms_style_checkbox_square_border_width":{"unit":"px","size":"1"},"piotnetforms_style_checkbox_square_border_color":"#000000","piotnetforms_style_checkbox_square_background_color":"#000000","piotnetforms_style_checkbox_square_spacing_responsive_desktop":{"unit":"px","size":"30"},"piotnetforms_style_checkbox_square_spacing_responsive_tablet":{"unit":"px","size":"30"},"piotnetforms_style_checkbox_square_spacing_responsive_mobile":{"unit":"px","size":"30"},"piotnetforms_style_spiner_width_responsive_desktop":{"unit":"px","size":"32"},"piotnetforms_style_spiner_width_responsive_tablet":{"unit":"px","size":"32"},"piotnetforms_style_spiner_width_responsive_mobile":{"unit":"px","size":"32"},"piotnetforms_style_spiner_height_responsive_desktop":{"unit":"px","size":"32"},"piotnetforms_style_spiner_height_responsive_tablet":{"unit":"px","size":"32"},"piotnetforms_style_spiner_height_responsive_mobile":{"unit":"px","size":"32"},"piotnetforms_style_spiner_input_width_responsive_desktop":{"unit":"px","size":"20"},"piotnetforms_style_spiner_input_width_responsive_tablet":{"unit":"px","size":"20"},"piotnetforms_style_spiner_input_width_responsive_mobile":{"unit":"px","size":"20"},"piotnetforms_image_select_field_item_width_responsive_desktop":"25","piotnetforms_image_select_field_item_width_responsive_tablet":"25","piotnetforms_image_select_field_item_width_responsive_mobile":"25","piotnetforms_image_select_field_item_spacing_responsive_desktop":{"unit":"px","size":"10"},"piotnetforms_image_select_field_item_spacing_responsive_tablet":{"unit":"px","size":"10"},"piotnetforms_image_select_field_item_spacing_responsive_mobile":{"unit":"px","size":"10"},"label_animation_focus_spacing_responsive_desktop":{"unit":"px","size":"24"},"label_animation_focus_spacing_responsive_tablet":{"unit":"px","size":"24"},"label_animation_focus_spacing_responsive_mobile":{"unit":"px","size":"24"},"piotnetforms_repeater_trigger_action":"add","next_prev_multi_step_form_action":"next","multi_step_form_animation_animate":"fadeIn","conditional_visibility_roles":["all"],"conditional_visibility_date_and_time_operators":"or","conditional_visibility_action_for_date_and_time":"show","conditional_visibility_action":"show","width":"100","field_label":"Annual Interest (%)"}},"p02980016":{"type":"field","settings":{"field_type":"number","field_id":"repayment_period","form_id":"22733","msg_repassword_err":"Password don't match","country":"All","google_maps_lat":"21.028511","google_maps_lng":"105.804817","google_maps_zoom":{"unit":"px","size":"15"},"google_maps_height_responsive_desktop":{"unit":"px","size":"200"},"google_maps_height_responsive_tablet":{"unit":"px","size":"200"},"google_maps_height_responsive_mobile":{"unit":"px","size":"200"},"signature_clear_text":"Clear","signature_max_width_responsive_desktop":{"unit":"px","size":"400"},"signature_max_width_responsive_tablet":{"unit":"px","size":"400"},"signature_max_width_responsive_mobile":{"unit":"px","size":"400"},"signature_height_responsive_desktop":{"unit":"px","size":"200"},"signature_height_responsive_tablet":{"unit":"px","size":"200"},"signature_height_responsive_mobile":{"unit":"px","size":"200"},"field_label_show":"true","field_label_inline_width_responsive_desktop":{"unit":"%","size":"10"},"field_label_inline_width_responsive_tablet":{"unit":"%","size":"10"},"field_label_inline_width_responsive_mobile":{"unit":"%","size":"10"},"piotnetforms_style_checkbox_type":"native","stripe_font_size":{"unit":"px","size":"16"},"stripe_custom_style":"{\"base\":{\"color\":\"#303238\",\"fontSize\":\"16px\",\"fontFamily\":\"\\\"Open Sans\\\", sans-serif\",\"fontSmoothing\":\"antialiased\",\"::placeholder\":{\"color\":\"#CFD7DF\"}},\"invalid\":{\"color\":\"#e5424d\",\":focus\":{\"color\":\"#303238\"}}}","field_taxonomy_slug":"category","terms_select_type":"select","file_sizes":"1","file_sizes_message":"File size must be less than 1MB","file_types_message":"Please enter a value with a valid mimetype.","rows":"4","min_select_required_message":"Please select the minimum number of images.","recaptcha_size":"normal","recaptcha_style":"light","date_format":"F j, Y","date_language":"english","time_format":"h:i K","time_minute_increment":"5","piotnetforms_range_slider_field_options":"skin: \"round\", type: \"double\", grid: true, min: 0, max: 1000, from: 200, to: 800, prefix: \"$\"","piotnetforms_calculated_fields_form_distance_calculation_unit":"km","piotnetforms_calculated_fields_form_calculation_rounding_decimals":"2","piotnetforms_calculated_fields_form_calculation_rounding_decimals_decimals_symbol":".","piotnetforms_calculated_fields_form_calculation_rounding_decimals_seperators_symbol":",","field_pattern":"[0-9()#&+*-=.]+","iban_invalid_message":"This BBAN is invalid.","field_autocomplete":"true","shortcode":"[field id=\"p57104565\"]","live_preview_code":"<span data-piotnetforms-live-preview=\"p57104565\"><\/span>","live_preview_image_width":"150","live_preview_image_height":"150","field_icon_type":"font_awesome","piotnetforms_conditional_logic_form_speed":"400","piotnetforms_conditional_logic_form_easing":"swing","piotnetforms_style_checkbox_button_icon_position":"relative","piotnetforms_style_checkbox_button_icon_position_absolute_top_responsive_desktop":"auto","piotnetforms_style_checkbox_button_icon_position_absolute_top_responsive_tablet":"auto","piotnetforms_style_checkbox_button_icon_position_absolute_top_responsive_mobile":"auto","piotnetforms_style_checkbox_button_icon_position_absolute_right_responsive_desktop":"auto","piotnetforms_style_checkbox_button_icon_position_absolute_right_responsive_tablet":"auto","piotnetforms_style_checkbox_button_icon_position_absolute_right_responsive_mobile":"auto","piotnetforms_style_checkbox_button_icon_position_absolute_bottom_responsive_desktop":"auto","piotnetforms_style_checkbox_button_icon_position_absolute_bottom_responsive_tablet":"auto","piotnetforms_style_checkbox_button_icon_position_absolute_bottom_responsive_mobile":"auto","piotnetforms_style_checkbox_button_icon_position_absolute_left_responsive_desktop":"auto","piotnetforms_style_checkbox_button_icon_position_absolute_left_responsive_tablet":"auto","piotnetforms_style_checkbox_button_icon_position_absolute_left_responsive_mobile":"auto","piotnetforms_style_checkbox_item_width_type":"auto","piotnetforms_style_checkbox_replacement_icon_type":"font_awesome","piotnetforms_style_checkbox_square_size_responsive_desktop":{"unit":"px","size":"18"},"piotnetforms_style_checkbox_square_size_responsive_tablet":{"unit":"px","size":"18"},"piotnetforms_style_checkbox_square_size_responsive_mobile":{"unit":"px","size":"18"},"piotnetforms_style_checkbox_square_border_width":{"unit":"px","size":"1"},"piotnetforms_style_checkbox_square_border_color":"#000000","piotnetforms_style_checkbox_square_background_color":"#000000","piotnetforms_style_checkbox_square_spacing_responsive_desktop":{"unit":"px","size":"30"},"piotnetforms_style_checkbox_square_spacing_responsive_tablet":{"unit":"px","size":"30"},"piotnetforms_style_checkbox_square_spacing_responsive_mobile":{"unit":"px","size":"30"},"piotnetforms_style_spiner_width_responsive_desktop":{"unit":"px","size":"32"},"piotnetforms_style_spiner_width_responsive_tablet":{"unit":"px","size":"32"},"piotnetforms_style_spiner_width_responsive_mobile":{"unit":"px","size":"32"},"piotnetforms_style_spiner_height_responsive_desktop":{"unit":"px","size":"32"},"piotnetforms_style_spiner_height_responsive_tablet":{"unit":"px","size":"32"},"piotnetforms_style_spiner_height_responsive_mobile":{"unit":"px","size":"32"},"piotnetforms_style_spiner_input_width_responsive_desktop":{"unit":"px","size":"20"},"piotnetforms_style_spiner_input_width_responsive_tablet":{"unit":"px","size":"20"},"piotnetforms_style_spiner_input_width_responsive_mobile":{"unit":"px","size":"20"},"piotnetforms_image_select_field_item_width_responsive_desktop":"25","piotnetforms_image_select_field_item_width_responsive_tablet":"25","piotnetforms_image_select_field_item_width_responsive_mobile":"25","piotnetforms_image_select_field_item_spacing_responsive_desktop":{"unit":"px","size":"10"},"piotnetforms_image_select_field_item_spacing_responsive_tablet":{"unit":"px","size":"10"},"piotnetforms_image_select_field_item_spacing_responsive_mobile":{"unit":"px","size":"10"},"label_animation_focus_spacing_responsive_desktop":{"unit":"px","size":"24"},"label_animation_focus_spacing_responsive_tablet":{"unit":"px","size":"24"},"label_animation_focus_spacing_responsive_mobile":{"unit":"px","size":"24"},"piotnetforms_repeater_trigger_action":"add","next_prev_multi_step_form_action":"next","multi_step_form_animation_animate":"fadeIn","conditional_visibility_roles":["all"],"conditional_visibility_date_and_time_operators":"or","conditional_visibility_action_for_date_and_time":"show","conditional_visibility_action":"show","width":"100","field_label":"Repayment period (years)"}},"p10591581":{"type":"field","settings":{"field_type":"calculated_fields","field_id":"total_payment","form_id":"22733","msg_repassword_err":"Password don't match","country":"All","google_maps_lat":"21.028511","google_maps_lng":"105.804817","google_maps_zoom":{"unit":"px","size":"15"},"google_maps_height_responsive_desktop":{"unit":"px","size":"200"},"google_maps_height_responsive_tablet":{"unit":"px","size":"200"},"google_maps_height_responsive_mobile":{"unit":"px","size":"200"},"signature_clear_text":"Clear","signature_max_width_responsive_desktop":{"unit":"px","size":"400"},"signature_max_width_responsive_tablet":{"unit":"px","size":"400"},"signature_max_width_responsive_mobile":{"unit":"px","size":"400"},"signature_height_responsive_desktop":{"unit":"px","size":"200"},"signature_height_responsive_tablet":{"unit":"px","size":"200"},"signature_height_responsive_mobile":{"unit":"px","size":"200"},"field_label_show":"true","field_label_inline_width_responsive_desktop":{"unit":"%","size":"10"},"field_label_inline_width_responsive_tablet":{"unit":"%","size":"10"},"field_label_inline_width_responsive_mobile":{"unit":"%","size":"10"},"piotnetforms_style_checkbox_type":"native","stripe_font_size":{"unit":"px","size":"16"},"stripe_custom_style":"{\"base\":{\"color\":\"#303238\",\"fontSize\":\"16px\",\"fontFamily\":\"\\\"Open Sans\\\", sans-serif\",\"fontSmoothing\":\"antialiased\",\"::placeholder\":{\"color\":\"#CFD7DF\"}},\"invalid\":{\"color\":\"#e5424d\",\":focus\":{\"color\":\"#303238\"}}}","field_taxonomy_slug":"category","terms_select_type":"select","file_sizes":"1","file_sizes_message":"File size must be less than 1MB","file_types_message":"Please enter a value with a valid mimetype.","rows":"4","min_select_required_message":"Please select the minimum number of images.","recaptcha_size":"normal","recaptcha_style":"light","date_format":"F j, Y","date_language":"english","time_format":"h:i K","time_minute_increment":"5","piotnetforms_range_slider_field_options":"skin: \"round\", type: \"double\", grid: true, min: 0, max: 1000, from: 200, to: 800, prefix: \"$\"","piotnetforms_calculated_fields_form_distance_calculation_unit":"km","piotnetforms_calculated_fields_form_calculation_rounding_decimals":"2","piotnetforms_calculated_fields_form_calculation_rounding_decimals_decimals_symbol":".","piotnetforms_calculated_fields_form_calculation_rounding_decimals_seperators_symbol":",","field_pattern":"[0-9()#&+*-=.]+","iban_invalid_message":"This BBAN is invalid.","field_autocomplete":"true","shortcode":"[field id=\"p10591581\"]","live_preview_code":"<span data-piotnetforms-live-preview=\"p10591581\"><\/span>","live_preview_image_width":"150","live_preview_image_height":"150","field_icon_type":"font_awesome","piotnetforms_conditional_logic_form_speed":"400","piotnetforms_conditional_logic_form_easing":"swing","piotnetforms_style_checkbox_button_icon_position":"relative","piotnetforms_style_checkbox_button_icon_position_absolute_top_responsive_desktop":"auto","piotnetforms_style_checkbox_button_icon_position_absolute_top_responsive_tablet":"auto","piotnetforms_style_checkbox_button_icon_position_absolute_top_responsive_mobile":"auto","piotnetforms_style_checkbox_button_icon_position_absolute_right_responsive_desktop":"auto","piotnetforms_style_checkbox_button_icon_position_absolute_right_responsive_tablet":"auto","piotnetforms_style_checkbox_button_icon_position_absolute_right_responsive_mobile":"auto","piotnetforms_style_checkbox_button_icon_position_absolute_bottom_responsive_desktop":"auto","piotnetforms_style_checkbox_button_icon_position_absolute_bottom_responsive_tablet":"auto","piotnetforms_style_checkbox_button_icon_position_absolute_bottom_responsive_mobile":"auto","piotnetforms_style_checkbox_button_icon_position_absolute_left_responsive_desktop":"auto","piotnetforms_style_checkbox_button_icon_position_absolute_left_responsive_tablet":"auto","piotnetforms_style_checkbox_button_icon_position_absolute_left_responsive_mobile":"auto","piotnetforms_style_checkbox_item_width_type":"auto","piotnetforms_style_checkbox_replacement_icon_type":"font_awesome","piotnetforms_style_checkbox_square_size_responsive_desktop":{"unit":"px","size":"18"},"piotnetforms_style_checkbox_square_size_responsive_tablet":{"unit":"px","size":"18"},"piotnetforms_style_checkbox_square_size_responsive_mobile":{"unit":"px","size":"18"},"piotnetforms_style_checkbox_square_border_width":{"unit":"px","size":"1"},"piotnetforms_style_checkbox_square_border_color":"#000000","piotnetforms_style_checkbox_square_background_color":"#000000","piotnetforms_style_checkbox_square_spacing_responsive_desktop":{"unit":"px","size":"30"},"piotnetforms_style_checkbox_square_spacing_responsive_tablet":{"unit":"px","size":"30"},"piotnetforms_style_checkbox_square_spacing_responsive_mobile":{"unit":"px","size":"30"},"piotnetforms_style_spiner_width_responsive_desktop":{"unit":"px","size":"32"},"piotnetforms_style_spiner_width_responsive_tablet":{"unit":"px","size":"32"},"piotnetforms_style_spiner_width_responsive_mobile":{"unit":"px","size":"32"},"piotnetforms_style_spiner_height_responsive_desktop":{"unit":"px","size":"32"},"piotnetforms_style_spiner_height_responsive_tablet":{"unit":"px","size":"32"},"piotnetforms_style_spiner_height_responsive_mobile":{"unit":"px","size":"32"},"piotnetforms_style_spiner_input_width_responsive_desktop":{"unit":"px","size":"20"},"piotnetforms_style_spiner_input_width_responsive_tablet":{"unit":"px","size":"20"},"piotnetforms_style_spiner_input_width_responsive_mobile":{"unit":"px","size":"20"},"piotnetforms_image_select_field_item_width_responsive_desktop":"25","piotnetforms_image_select_field_item_width_responsive_tablet":"25","piotnetforms_image_select_field_item_width_responsive_mobile":"25","piotnetforms_image_select_field_item_spacing_responsive_desktop":{"unit":"px","size":"10"},"piotnetforms_image_select_field_item_spacing_responsive_tablet":{"unit":"px","size":"10"},"piotnetforms_image_select_field_item_spacing_responsive_mobile":{"unit":"px","size":"10"},"label_animation_focus_spacing_responsive_desktop":{"unit":"px","size":"24"},"label_animation_focus_spacing_responsive_tablet":{"unit":"px","size":"24"},"label_animation_focus_spacing_responsive_mobile":{"unit":"px","size":"24"},"piotnetforms_repeater_trigger_action":"add","next_prev_multi_step_form_action":"next","multi_step_form_animation_animate":"fadeIn","conditional_visibility_roles":["all"],"conditional_visibility_date_and_time_operators":"or","conditional_visibility_action_for_date_and_time":"show","conditional_visibility_action":"show","width":"100","field_label":"Total Payment","piotnetforms_calculated_fields_form_calculation":"[field id=\"monthly_payment\"]*[field id=\"repayment_period\"]*12","piotnetforms_calculated_fields_form_before":"$"}},"p96469394":{"type":"field","settings":{"field_type":"calculated_fields","field_id":"monthly_payment","form_id":"22733","msg_repassword_err":"Password don't match","country":"All","google_maps_lat":"21.028511","google_maps_lng":"105.804817","google_maps_zoom":{"unit":"px","size":"15"},"google_maps_height_responsive_desktop":{"unit":"px","size":"200"},"google_maps_height_responsive_tablet":{"unit":"px","size":"200"},"google_maps_height_responsive_mobile":{"unit":"px","size":"200"},"signature_clear_text":"Clear","signature_max_width_responsive_desktop":{"unit":"px","size":"400"},"signature_max_width_responsive_tablet":{"unit":"px","size":"400"},"signature_max_width_responsive_mobile":{"unit":"px","size":"400"},"signature_height_responsive_desktop":{"unit":"px","size":"200"},"signature_height_responsive_tablet":{"unit":"px","size":"200"},"signature_height_responsive_mobile":{"unit":"px","size":"200"},"field_label_show":"true","field_label_inline_width_responsive_desktop":{"unit":"%","size":"10"},"field_label_inline_width_responsive_tablet":{"unit":"%","size":"10"},"field_label_inline_width_responsive_mobile":{"unit":"%","size":"10"},"piotnetforms_style_checkbox_type":"native","stripe_font_size":{"unit":"px","size":"16"},"stripe_custom_style":"{\"base\":{\"color\":\"#303238\",\"fontSize\":\"16px\",\"fontFamily\":\"\\\"Open Sans\\\", sans-serif\",\"fontSmoothing\":\"antialiased\",\"::placeholder\":{\"color\":\"#CFD7DF\"}},\"invalid\":{\"color\":\"#e5424d\",\":focus\":{\"color\":\"#303238\"}}}","field_taxonomy_slug":"category","terms_select_type":"select","file_sizes":"1","file_sizes_message":"File size must be less than 1MB","file_types_message":"Please enter a value with a valid mimetype.","rows":"4","min_select_required_message":"Please select the minimum number of images.","recaptcha_size":"normal","recaptcha_style":"light","date_format":"F j, Y","date_language":"english","time_format":"h:i K","time_minute_increment":"5","piotnetforms_range_slider_field_options":"skin: \"round\", type: \"double\", grid: true, min: 0, max: 1000, from: 200, to: 800, prefix: \"$\"","piotnetforms_calculated_fields_form_distance_calculation_unit":"km","piotnetforms_calculated_fields_form_calculation_rounding_decimals":"2","piotnetforms_calculated_fields_form_calculation_rounding_decimals_decimals_symbol":".","piotnetforms_calculated_fields_form_calculation_rounding_decimals_seperators_symbol":",","field_pattern":"[0-9()#&+*-=.]+","iban_invalid_message":"This BBAN is invalid.","field_autocomplete":"true","shortcode":"[field id=\"p10591581\"]","live_preview_code":"<span data-piotnetforms-live-preview=\"p10591581\"><\/span>","live_preview_image_width":"150","live_preview_image_height":"150","field_icon_type":"font_awesome","piotnetforms_conditional_logic_form_speed":"400","piotnetforms_conditional_logic_form_easing":"swing","piotnetforms_style_checkbox_button_icon_position":"relative","piotnetforms_style_checkbox_button_icon_position_absolute_top_responsive_desktop":"auto","piotnetforms_style_checkbox_button_icon_position_absolute_top_responsive_tablet":"auto","piotnetforms_style_checkbox_button_icon_position_absolute_top_responsive_mobile":"auto","piotnetforms_style_checkbox_button_icon_position_absolute_right_responsive_desktop":"auto","piotnetforms_style_checkbox_button_icon_position_absolute_right_responsive_tablet":"auto","piotnetforms_style_checkbox_button_icon_position_absolute_right_responsive_mobile":"auto","piotnetforms_style_checkbox_button_icon_position_absolute_bottom_responsive_desktop":"auto","piotnetforms_style_checkbox_button_icon_position_absolute_bottom_responsive_tablet":"auto","piotnetforms_style_checkbox_button_icon_position_absolute_bottom_responsive_mobile":"auto","piotnetforms_style_checkbox_button_icon_position_absolute_left_responsive_desktop":"auto","piotnetforms_style_checkbox_button_icon_position_absolute_left_responsive_tablet":"auto","piotnetforms_style_checkbox_button_icon_position_absolute_left_responsive_mobile":"auto","piotnetforms_style_checkbox_item_width_type":"auto","piotnetforms_style_checkbox_replacement_icon_type":"font_awesome","piotnetforms_style_checkbox_square_size_responsive_desktop":{"unit":"px","size":"18"},"piotnetforms_style_checkbox_square_size_responsive_tablet":{"unit":"px","size":"18"},"piotnetforms_style_checkbox_square_size_responsive_mobile":{"unit":"px","size":"18"},"piotnetforms_style_checkbox_square_border_width":{"unit":"px","size":"1"},"piotnetforms_style_checkbox_square_border_color":"#000000","piotnetforms_style_checkbox_square_background_color":"#000000","piotnetforms_style_checkbox_square_spacing_responsive_desktop":{"unit":"px","size":"30"},"piotnetforms_style_checkbox_square_spacing_responsive_tablet":{"unit":"px","size":"30"},"piotnetforms_style_checkbox_square_spacing_responsive_mobile":{"unit":"px","size":"30"},"piotnetforms_style_spiner_width_responsive_desktop":{"unit":"px","size":"32"},"piotnetforms_style_spiner_width_responsive_tablet":{"unit":"px","size":"32"},"piotnetforms_style_spiner_width_responsive_mobile":{"unit":"px","size":"32"},"piotnetforms_style_spiner_height_responsive_desktop":{"unit":"px","size":"32"},"piotnetforms_style_spiner_height_responsive_tablet":{"unit":"px","size":"32"},"piotnetforms_style_spiner_height_responsive_mobile":{"unit":"px","size":"32"},"piotnetforms_style_spiner_input_width_responsive_desktop":{"unit":"px","size":"20"},"piotnetforms_style_spiner_input_width_responsive_tablet":{"unit":"px","size":"20"},"piotnetforms_style_spiner_input_width_responsive_mobile":{"unit":"px","size":"20"},"piotnetforms_image_select_field_item_width_responsive_desktop":"25","piotnetforms_image_select_field_item_width_responsive_tablet":"25","piotnetforms_image_select_field_item_width_responsive_mobile":"25","piotnetforms_image_select_field_item_spacing_responsive_desktop":{"unit":"px","size":"10"},"piotnetforms_image_select_field_item_spacing_responsive_tablet":{"unit":"px","size":"10"},"piotnetforms_image_select_field_item_spacing_responsive_mobile":{"unit":"px","size":"10"},"label_animation_focus_spacing_responsive_desktop":{"unit":"px","size":"24"},"label_animation_focus_spacing_responsive_tablet":{"unit":"px","size":"24"},"label_animation_focus_spacing_responsive_mobile":{"unit":"px","size":"24"},"piotnetforms_repeater_trigger_action":"add","next_prev_multi_step_form_action":"next","multi_step_form_animation_animate":"fadeIn","conditional_visibility_roles":["all"],"conditional_visibility_date_and_time_operators":"or","conditional_visibility_action_for_date_and_time":"show","conditional_visibility_action":"show","width":"100","field_label":"Monthly Payment","piotnetforms_calculated_fields_form_calculation":"[field id=\"amount\"]*([field id=\"annual_interest\"]\/1200)\/(1-(Math.pow(1\/(1+([field id=\"annual_interest\"]\/1200)),([field id=\"repayment_period\"]*12))))","piotnetforms_calculated_fields_form_before":"$"}},"p09163190":{"type":"field","settings":{"field_type":"calculated_fields","field_id":"total_interest","form_id":"22733","msg_repassword_err":"Password don't match","country":"All","google_maps_lat":"21.028511","google_maps_lng":"105.804817","google_maps_zoom":{"unit":"px","size":"15"},"google_maps_height_responsive_desktop":{"unit":"px","size":"200"},"google_maps_height_responsive_tablet":{"unit":"px","size":"200"},"google_maps_height_responsive_mobile":{"unit":"px","size":"200"},"signature_clear_text":"Clear","signature_max_width_responsive_desktop":{"unit":"px","size":"400"},"signature_max_width_responsive_tablet":{"unit":"px","size":"400"},"signature_max_width_responsive_mobile":{"unit":"px","size":"400"},"signature_height_responsive_desktop":{"unit":"px","size":"200"},"signature_height_responsive_tablet":{"unit":"px","size":"200"},"signature_height_responsive_mobile":{"unit":"px","size":"200"},"field_label_show":"true","field_label_inline_width_responsive_desktop":{"unit":"%","size":"10"},"field_label_inline_width_responsive_tablet":{"unit":"%","size":"10"},"field_label_inline_width_responsive_mobile":{"unit":"%","size":"10"},"piotnetforms_style_checkbox_type":"native","stripe_font_size":{"unit":"px","size":"16"},"stripe_custom_style":"{\"base\":{\"color\":\"#303238\",\"fontSize\":\"16px\",\"fontFamily\":\"\\\"Open Sans\\\", sans-serif\",\"fontSmoothing\":\"antialiased\",\"::placeholder\":{\"color\":\"#CFD7DF\"}},\"invalid\":{\"color\":\"#e5424d\",\":focus\":{\"color\":\"#303238\"}}}","field_taxonomy_slug":"category","terms_select_type":"select","file_sizes":"1","file_sizes_message":"File size must be less than 1MB","file_types_message":"Please enter a value with a valid mimetype.","rows":"4","min_select_required_message":"Please select the minimum number of images.","recaptcha_size":"normal","recaptcha_style":"light","date_format":"F j, Y","date_language":"english","time_format":"h:i K","time_minute_increment":"5","piotnetforms_range_slider_field_options":"skin: \"round\", type: \"double\", grid: true, min: 0, max: 1000, from: 200, to: 800, prefix: \"$\"","piotnetforms_calculated_fields_form_distance_calculation_unit":"km","piotnetforms_calculated_fields_form_calculation_rounding_decimals":"2","piotnetforms_calculated_fields_form_calculation_rounding_decimals_decimals_symbol":".","piotnetforms_calculated_fields_form_calculation_rounding_decimals_seperators_symbol":",","field_pattern":"[0-9()#&+*-=.]+","iban_invalid_message":"This BBAN is invalid.","field_autocomplete":"true","shortcode":"[field id=\"p10591581\"]","live_preview_code":"<span data-piotnetforms-live-preview=\"p10591581\"><\/span>","live_preview_image_width":"150","live_preview_image_height":"150","field_icon_type":"font_awesome","piotnetforms_conditional_logic_form_speed":"400","piotnetforms_conditional_logic_form_easing":"swing","piotnetforms_style_checkbox_button_icon_position":"relative","piotnetforms_style_checkbox_button_icon_position_absolute_top_responsive_desktop":"auto","piotnetforms_style_checkbox_button_icon_position_absolute_top_responsive_tablet":"auto","piotnetforms_style_checkbox_button_icon_position_absolute_top_responsive_mobile":"auto","piotnetforms_style_checkbox_button_icon_position_absolute_right_responsive_desktop":"auto","piotnetforms_style_checkbox_button_icon_position_absolute_right_responsive_tablet":"auto","piotnetforms_style_checkbox_button_icon_position_absolute_right_responsive_mobile":"auto","piotnetforms_style_checkbox_button_icon_position_absolute_bottom_responsive_desktop":"auto","piotnetforms_style_checkbox_button_icon_position_absolute_bottom_responsive_tablet":"auto","piotnetforms_style_checkbox_button_icon_position_absolute_bottom_responsive_mobile":"auto","piotnetforms_style_checkbox_button_icon_position_absolute_left_responsive_desktop":"auto","piotnetforms_style_checkbox_button_icon_position_absolute_left_responsive_tablet":"auto","piotnetforms_style_checkbox_button_icon_position_absolute_left_responsive_mobile":"auto","piotnetforms_style_checkbox_item_width_type":"auto","piotnetforms_style_checkbox_replacement_icon_type":"font_awesome","piotnetforms_style_checkbox_square_size_responsive_desktop":{"unit":"px","size":"18"},"piotnetforms_style_checkbox_square_size_responsive_tablet":{"unit":"px","size":"18"},"piotnetforms_style_checkbox_square_size_responsive_mobile":{"unit":"px","size":"18"},"piotnetforms_style_checkbox_square_border_width":{"unit":"px","size":"1"},"piotnetforms_style_checkbox_square_border_color":"#000000","piotnetforms_style_checkbox_square_background_color":"#000000","piotnetforms_style_checkbox_square_spacing_responsive_desktop":{"unit":"px","size":"30"},"piotnetforms_style_checkbox_square_spacing_responsive_tablet":{"unit":"px","size":"30"},"piotnetforms_style_checkbox_square_spacing_responsive_mobile":{"unit":"px","size":"30"},"piotnetforms_style_spiner_width_responsive_desktop":{"unit":"px","size":"32"},"piotnetforms_style_spiner_width_responsive_tablet":{"unit":"px","size":"32"},"piotnetforms_style_spiner_width_responsive_mobile":{"unit":"px","size":"32"},"piotnetforms_style_spiner_height_responsive_desktop":{"unit":"px","size":"32"},"piotnetforms_style_spiner_height_responsive_tablet":{"unit":"px","size":"32"},"piotnetforms_style_spiner_height_responsive_mobile":{"unit":"px","size":"32"},"piotnetforms_style_spiner_input_width_responsive_desktop":{"unit":"px","size":"20"},"piotnetforms_style_spiner_input_width_responsive_tablet":{"unit":"px","size":"20"},"piotnetforms_style_spiner_input_width_responsive_mobile":{"unit":"px","size":"20"},"piotnetforms_image_select_field_item_width_responsive_desktop":"25","piotnetforms_image_select_field_item_width_responsive_tablet":"25","piotnetforms_image_select_field_item_width_responsive_mobile":"25","piotnetforms_image_select_field_item_spacing_responsive_desktop":{"unit":"px","size":"10"},"piotnetforms_image_select_field_item_spacing_responsive_tablet":{"unit":"px","size":"10"},"piotnetforms_image_select_field_item_spacing_responsive_mobile":{"unit":"px","size":"10"},"label_animation_focus_spacing_responsive_desktop":{"unit":"px","size":"24"},"label_animation_focus_spacing_responsive_tablet":{"unit":"px","size":"24"},"label_animation_focus_spacing_responsive_mobile":{"unit":"px","size":"24"},"piotnetforms_repeater_trigger_action":"add","next_prev_multi_step_form_action":"next","multi_step_form_animation_animate":"fadeIn","conditional_visibility_roles":["all"],"conditional_visibility_date_and_time_operators":"or","conditional_visibility_action_for_date_and_time":"show","conditional_visibility_action":"show","width":"100","field_label":"Total Interest","piotnetforms_calculated_fields_form_calculation":"[field id=\"total_payment\"]-[field id=\"amount\"]","piotnetforms_calculated_fields_form_before":"$"}}},"content":[{"id":"p57104565","class_name":"Piotnetforms_Field"},{"id":"p03301606","class_name":"Piotnetforms_Field"},{"id":"p02980016","class_name":"Piotnetforms_Field"},{"id":"p96469394","class_name":"Piotnetforms_Field"},{"id":"p10591581","class_name":"Piotnetforms_Field"},{"id":"p09163190","class_name":"Piotnetforms_Field"}],"css":".piotnetforms-22733{max-width: 700px;} #piotnetforms .p57104565 .piotnetforms-label-inline{width: 10%;}#piotnetforms .p57104565 .piotnetforms-field-inline{width: calc(100% - 10%)}@media (max-width:1025px) {#piotnetforms .p57104565 .piotnetforms-label-inline{width: 10%;}}@media (max-width:1025px) {#piotnetforms .p57104565 .piotnetforms-field-inline{width: calc(100% - 10%)}}@media (max-width:767px) {#piotnetforms .p57104565 .piotnetforms-label-inline{width: 10%;}}@media (max-width:767px) {#piotnetforms .p57104565 .piotnetforms-field-inline{width: calc(100% - 10%)}}#piotnetforms .p57104565 [data-piotnetforms-spiner] button{width: 32px;}@media (max-width:1025px) {#piotnetforms .p57104565 [data-piotnetforms-spiner] button{width: 32px;}}@media (max-width:767px) {#piotnetforms .p57104565 [data-piotnetforms-spiner] button{width: 32px;}}#piotnetforms .p57104565 [data-piotnetforms-spiner] button{height: 32px;}@media (max-width:1025px) {#piotnetforms .p57104565 [data-piotnetforms-spiner] button{height: 32px;}}@media (max-width:767px) {#piotnetforms .p57104565 [data-piotnetforms-spiner] button{height: 32px;}}#piotnetforms .p57104565 [data-piotnetforms-spiner] .nice-number input{width: 20px!important;}@media (max-width:1025px) {#piotnetforms .p57104565 [data-piotnetforms-spiner] .nice-number input{width: 20px!important;}}@media (max-width:767px) {#piotnetforms .p57104565 [data-piotnetforms-spiner] .nice-number input{width: 20px!important;}}#piotnetforms .p57104565.piotnetforms-label-animation.piotnetforms-label-animated label{transform: translate3d(0,-24px,10px);}@media (max-width:1025px) {#piotnetforms .p57104565.piotnetforms-label-animation.piotnetforms-label-animated label{transform: translate3d(0,-24px,10px);}}@media (max-width:767px) {#piotnetforms .p57104565.piotnetforms-label-animation.piotnetforms-label-animated label{transform: translate3d(0,-24px,10px);}} #piotnetforms .p03301606 .piotnetforms-label-inline{width: 10%;}#piotnetforms .p03301606 .piotnetforms-field-inline{width: calc(100% - 10%)}@media (max-width:1025px) {#piotnetforms .p03301606 .piotnetforms-label-inline{width: 10%;}}@media (max-width:1025px) {#piotnetforms .p03301606 .piotnetforms-field-inline{width: calc(100% - 10%)}}@media (max-width:767px) {#piotnetforms .p03301606 .piotnetforms-label-inline{width: 10%;}}@media (max-width:767px) {#piotnetforms .p03301606 .piotnetforms-field-inline{width: calc(100% - 10%)}}#piotnetforms .p03301606 [data-piotnetforms-spiner] button{width: 32px;}@media (max-width:1025px) {#piotnetforms .p03301606 [data-piotnetforms-spiner] button{width: 32px;}}@media (max-width:767px) {#piotnetforms .p03301606 [data-piotnetforms-spiner] button{width: 32px;}}#piotnetforms .p03301606 [data-piotnetforms-spiner] button{height: 32px;}@media (max-width:1025px) {#piotnetforms .p03301606 [data-piotnetforms-spiner] button{height: 32px;}}@media (max-width:767px) {#piotnetforms .p03301606 [data-piotnetforms-spiner] button{height: 32px;}}#piotnetforms .p03301606 [data-piotnetforms-spiner] .nice-number input{width: 20px!important;}@media (max-width:1025px) {#piotnetforms .p03301606 [data-piotnetforms-spiner] .nice-number input{width: 20px!important;}}@media (max-width:767px) {#piotnetforms .p03301606 [data-piotnetforms-spiner] .nice-number input{width: 20px!important;}}#piotnetforms .p03301606.piotnetforms-label-animation.piotnetforms-label-animated label{transform: translate3d(0,-24px,10px);}@media (max-width:1025px) {#piotnetforms .p03301606.piotnetforms-label-animation.piotnetforms-label-animated label{transform: translate3d(0,-24px,10px);}}@media (max-width:767px) {#piotnetforms .p03301606.piotnetforms-label-animation.piotnetforms-label-animated label{transform: translate3d(0,-24px,10px);}} #piotnetforms .p02980016 .piotnetforms-label-inline{width: 10%;}#piotnetforms .p02980016 .piotnetforms-field-inline{width: calc(100% - 10%)}@media (max-width:1025px) {#piotnetforms .p02980016 .piotnetforms-label-inline{width: 10%;}}@media (max-width:1025px) {#piotnetforms .p02980016 .piotnetforms-field-inline{width: calc(100% - 10%)}}@media (max-width:767px) {#piotnetforms .p02980016 .piotnetforms-label-inline{width: 10%;}}@media (max-width:767px) {#piotnetforms .p02980016 .piotnetforms-field-inline{width: calc(100% - 10%)}}#piotnetforms .p02980016 [data-piotnetforms-spiner] button{width: 32px;}@media (max-width:1025px) {#piotnetforms .p02980016 [data-piotnetforms-spiner] button{width: 32px;}}@media (max-width:767px) {#piotnetforms .p02980016 [data-piotnetforms-spiner] button{width: 32px;}}#piotnetforms .p02980016 [data-piotnetforms-spiner] button{height: 32px;}@media (max-width:1025px) {#piotnetforms .p02980016 [data-piotnetforms-spiner] button{height: 32px;}}@media (max-width:767px) {#piotnetforms .p02980016 [data-piotnetforms-spiner] button{height: 32px;}}#piotnetforms .p02980016 [data-piotnetforms-spiner] .nice-number input{width: 20px!important;}@media (max-width:1025px) {#piotnetforms .p02980016 [data-piotnetforms-spiner] .nice-number input{width: 20px!important;}}@media (max-width:767px) {#piotnetforms .p02980016 [data-piotnetforms-spiner] .nice-number input{width: 20px!important;}}#piotnetforms .p02980016.piotnetforms-label-animation.piotnetforms-label-animated label{transform: translate3d(0,-24px,10px);}@media (max-width:1025px) {#piotnetforms .p02980016.piotnetforms-label-animation.piotnetforms-label-animated label{transform: translate3d(0,-24px,10px);}}@media (max-width:767px) {#piotnetforms .p02980016.piotnetforms-label-animation.piotnetforms-label-animated label{transform: translate3d(0,-24px,10px);}} #piotnetforms .p10591581 .piotnetforms-label-inline{width: 10%;}#piotnetforms .p10591581 .piotnetforms-field-inline{width: calc(100% - 10%)}@media (max-width:1025px) {#piotnetforms .p10591581 .piotnetforms-label-inline{width: 10%;}}@media (max-width:1025px) {#piotnetforms .p10591581 .piotnetforms-field-inline{width: calc(100% - 10%)}}@media (max-width:767px) {#piotnetforms .p10591581 .piotnetforms-label-inline{width: 10%;}}@media (max-width:767px) {#piotnetforms .p10591581 .piotnetforms-field-inline{width: calc(100% - 10%)}}#piotnetforms .p10591581.piotnetforms-label-animation.piotnetforms-label-animated label{transform: translate3d(0,-24px,10px);}@media (max-width:1025px) {#piotnetforms .p10591581.piotnetforms-label-animation.piotnetforms-label-animated label{transform: translate3d(0,-24px,10px);}}@media (max-width:767px) {#piotnetforms .p10591581.piotnetforms-label-animation.piotnetforms-label-animated label{transform: translate3d(0,-24px,10px);}} #piotnetforms .p96469394 .piotnetforms-label-inline{width: 10%;}#piotnetforms .p96469394 .piotnetforms-field-inline{width: calc(100% - 10%)}@media (max-width:1025px) {#piotnetforms .p96469394 .piotnetforms-label-inline{width: 10%;}}@media (max-width:1025px) {#piotnetforms .p96469394 .piotnetforms-field-inline{width: calc(100% - 10%)}}@media (max-width:767px) {#piotnetforms .p96469394 .piotnetforms-label-inline{width: 10%;}}@media (max-width:767px) {#piotnetforms .p96469394 .piotnetforms-field-inline{width: calc(100% - 10%)}}#piotnetforms .p96469394.piotnetforms-label-animation.piotnetforms-label-animated label{transform: translate3d(0,-24px,10px);}@media (max-width:1025px) {#piotnetforms .p96469394.piotnetforms-label-animation.piotnetforms-label-animated label{transform: translate3d(0,-24px,10px);}}@media (max-width:767px) {#piotnetforms .p96469394.piotnetforms-label-animation.piotnetforms-label-animated label{transform: translate3d(0,-24px,10px);}} #piotnetforms .p09163190 .piotnetforms-label-inline{width: 10%;}#piotnetforms .p09163190 .piotnetforms-field-inline{width: calc(100% - 10%)}@media (max-width:1025px) {#piotnetforms .p09163190 .piotnetforms-label-inline{width: 10%;}}@media (max-width:1025px) {#piotnetforms .p09163190 .piotnetforms-field-inline{width: calc(100% - 10%)}}@media (max-width:767px) {#piotnetforms .p09163190 .piotnetforms-label-inline{width: 10%;}}@media (max-width:767px) {#piotnetforms .p09163190 .piotnetforms-field-inline{width: calc(100% - 10%)}}#piotnetforms .p09163190.piotnetforms-label-animation.piotnetforms-label-animated label{transform: translate3d(0,-24px,10px);}@media (max-width:1025px) {#piotnetforms .p09163190.piotnetforms-label-animation.piotnetforms-label-animated label{transform: translate3d(0,-24px,10px);}}@media (max-width:767px) {#piotnetforms .p09163190.piotnetforms-label-animation.piotnetforms-label-animated label{transform: translate3d(0,-24px,10px);}} "}