{
  "name": "e-smart-zoom-jquery",
  "title": "Smart zoom : Smooth cross-browser pan and zoom plugin (mobile and desktop)",
  "description": "Smooth cross-browser pan and zoom plugin (mobile and desktop). Use CSS3 transitions on compatible web browsers. Manage scroll, click, touch, double tap, pinch and more.",
  "keywords": [
    "zoom",
	 "pinch",
	 "jquery",
   "panzoom",
   "tap",
   "smooth",
   "touch",
   "pan",
   "iphone",
   "android",
   "mobile",
    "CSS3"
  ],
  "version": "1.1.3",
  "author": {
    "name": "Damien Corzani",
    "url": "http://e-smartdev.com"
  },
  "licenses": [
    {
      "type": "MIT",
      "url": "https://github.com/e-smartdev/smartJQueryZoom/blob/master/MIT-License.txt"
    }
  ],
  "bugs": "https://github.com/e-smartdev/smartJQueryZoom/issues",
  "homepage": "http://e-smartdev.com/#!jsPluginList/panAndZoomJQuery",
  "docs": "http://e-smartdev.com/#!jsPluginList/panAndZoomJQuery",
  "demo": "http://e-smartdev.com/#!jsPluginList/panAndZoomJQuery",
  "download": "https://github.com/e-smartdev/smartJQueryHitTest/zipball/master",
  "dependencies": {
    "jquery": ">=1.11.0"
  }
}
