{"version":"0.4","title":"Vertical Menu Section","type":"section","content":[{"id":"6ed7f2cd","settings":{"background_background":"classic","padding":{"unit":"px","top":"70","right":"0","bottom":"70","left":"0","isLinked":false},"background_position":"top left","background_repeat":"repeat","background_overlay_position":"top center","background_overlay_repeat":"repeat-x","background_overlay_size":"cover","background_overlay_opacity":{"unit":"px","size":1},"custom_height":{"unit":"px","size":800},"custom_height_tablet":{"unit":"px","size":660},"custom_height_mobile":{"unit":"px","size":400},"background_color":"#f7f7fb","structure":"21","content_width":{"unit":"px","size":1180},"gap":"extended","jet_parallax_layout_list":[{"jet_parallax_layout_image":{"url":""},"_id":"e920e9f","jet_parallax_layout_speed":{"unit":"%","size":50},"jet_parallax_layout_type":"scroll","jet_parallax_layout_z_index":"","jet_parallax_layout_bg_x":50,"jet_parallax_layout_bg_y":50,"jet_parallax_layout_bg_size":"auto","jet_parallax_layout_animation_prop":"transform","jet_parallax_layout_on":["desktop","tablet"]}]},"elements":[{"id":"73b6165d","settings":{"_column_size":33,"_inline_size":null},"elements":[{"id":"2c92acc2","settings":{"menu":"32","main_menu_border_radius":{"unit":"px","top":"5","right":"5","bottom":"5","left":"5","isLinked":true},"main_menu_box_shadow_box_shadow_type":"yes","main_menu_box_shadow_box_shadow":{"horizontal":0,"vertical":6,"blur":13,"spread":0,"color":"rgba(3,11,31,0.11)"},"main_items_bg_color":"#ffffff","main_items_color":"#42527b","main_items_typography_typography":"custom","main_items_typography_font_size":{"unit":"px","size":13},"main_items_typography_font_weight":"700","main_items_typography_text_transform":"uppercase","main_items_padding":{"unit":"px","top":"13","right":"15","bottom":"13","left":"15","isLinked":false},"main_items_margin":{"unit":"px","top":"0","right":"0","bottom":"0","left":"0","isLinked":true},"main_items_border_border":"solid","main_items_border_width":{"unit":"px","top":"0","right":"0","bottom":"1","left":"0","isLinked":false},"main_items_border_color":"#e2e4ec","main_items_hover_bg_color":"#4dc4e7","main_items_hover_color":"#ffffff","main_first_item_custom_styles":"yes","main_first_item_border_radius":{"unit":"px","top":"5","right":"5","bottom":"0","left":"0","isLinked":false},"main_last_item_custom_styles":"yes","main_last_item_border_radius":{"unit":"px","top":"0","right":"0","bottom":"5","left":"5","isLinked":false},"main_last_item_border_border":"solid","main_last_item_border_width":{"unit":"px","top":"0","right":"0","bottom":"0","left":"0","isLinked":true},"icon_color":"#8d96ae","icon_bg_color":"rgba(255,255,255,0)","icon_color_hover":"#ffffff","icon_bg_color_hover":"rgba(255,255,255,0)","icon_font_size":{"unit":"px","size":14},"dropdown_icon_color":"#8d96ae","dropdown_icon_bg_color":"rgba(0,0,0,0)","dropdown_icon_color_hover":"#ffffff","dropdown_icon_font_size":{"unit":"px","size":14},"sub_menu_box_shadow_box_shadow_type":"yes","sub_menu_box_shadow_box_shadow":{"horizontal":0,"vertical":6,"blur":13,"spread":0,"color":"rgba(3,11,31,0.16)"},"sub_items_bg_color":"#ffffff","sub_items_color":"#42527b","sub_items_padding":{"unit":"px","top":"13","right":"15","bottom":"13","left":"15","isLinked":false},"sub_items_border_border":"solid","sub_items_border_width":{"unit":"px","top":"0","right":"0","bottom":"1","left":"0","isLinked":false},"sub_items_border_color":"#e2e4ec","sub_items_hover_bg_color":"#4dc4e7","sub_items_hover_color":"#ffffff","sub_last_item_custom_styles":"yes","sub_last_item_border_border":"solid","sub_last_item_border_width":{"unit":"px","top":"0","right":"0","bottom":"0","left":"0","isLinked":true},"dropdown_icon":"fa fa-angle-right","main_items_hover_bg_background":"gradient","main_items_hover_bg_color_b":"#53e0b1","main_items_hover_bg_gradient_angle":{"unit":"deg","size":90},"mega_menu_box_shadow_box_shadow_type":"yes","mega_menu_box_shadow_box_shadow":{"horizontal":0,"vertical":6,"blur":13,"spread":0,"color":"rgba(3,11,31,0.11)"},"sub_items_hover_bg_background":"gradient","sub_items_hover_bg_color_b":"#53e0b1","sub_items_hover_bg_gradient_angle":{"unit":"deg","size":90},"menu_width_mobile":{"unit":"%","size":100},"mega_menu_width":{"unit":"px","size":511}},"elements":[],"isInner":false,"widgetType":"jet-custom-menu","elType":"widget"}],"isInner":false,"elType":"column"},{"id":"18e18a57","settings":{"_column_size":66,"_inline_size":null,"content_position":"center"},"elements":[{"id":"a1a3fa8","settings":{"content_width":{"unit":"px","size":680},"margin":{"unit":"px","top":"0","right":0,"bottom":"15","left":0,"isLinked":false},"jet_parallax_layout_list":[{"jet_parallax_layout_image":{"url":""},"_id":"dc52562","jet_parallax_layout_speed":{"unit":"%","size":50},"jet_parallax_layout_type":"scroll","jet_parallax_layout_z_index":"","jet_parallax_layout_bg_x":50,"jet_parallax_layout_bg_y":50,"jet_parallax_layout_bg_size":"auto","jet_parallax_layout_animation_prop":"transform","jet_parallax_layout_on":["desktop","tablet"]}]},"elements":[{"id":"55f9db81","settings":{"_column_size":100,"_inline_size":null},"elements":[{"id":"9da4864","settings":{"title":"Finally You can Create Menu\n<span class=\"color-primary\">Really Fast and Easy!<\/span>\n","align":"center","title_color":"#42527b","typography_typography":"custom","typography_font_size":{"unit":"px","size":40},"typography_font_family":"Muli","typography_font_weight":"700","typography_text_transform":"none","typography_line_height":{"unit":"em","size":1.22},"typography_font_size_tablet":{"unit":"px","size":40},"typography_font_size_mobile":{"unit":"px","size":33},"header_size":"h1","typography_line_height_mobile":{"unit":"px","size":37},"_padding":{"unit":"%","top":"","right":"","bottom":"","left":"","isLinked":true},"_padding_tablet":{"unit":"%","top":"0","right":"15","bottom":"0","left":"15","isLinked":false},"_padding_mobile":{"unit":"px","top":"0","right":"10","bottom":"0","left":"10","isLinked":false}},"elements":[],"isInner":false,"widgetType":"heading","elType":"widget"}],"isInner":true,"elType":"column"}],"isInner":true,"elType":"section"},{"id":"410eb4cd","settings":{"editor":"<p>Create menu using a clear madxartwork live content builder. Now You can stuff a menu with whatever content You want! Feel the freedom of creativity!<\/p>","align":"center","typography_typography":"custom","typography_font_size":{"unit":"px","size":16}},"elements":[],"isInner":false,"widgetType":"text-editor","elType":"widget"},{"id":"7024d835","settings":{"text":"Purchase Plugin","align":"center","size":"md","icon":"fa fa-cloud-download","typography_typography":"custom","typography_font_size":{"unit":"px","size":16},"typography_font_family":"Muli","typography_font_weight":"700","typography_text_transform":"capitalize","hover_color":"#ffffff","border_border":"solid","border_width":{"unit":"px","top":"1","right":"1","bottom":"1","left":"1","isLinked":true},"_css_classes":"gradient transparent","button_background_hover_color":"#525c79","border_color":"rgba(82,92,121,0)","button_hover_border_color":"#42527b","border_radius":{"unit":"px","top":"5","right":"5","bottom":"5","left":"5","isLinked":true},"link":{"url":"https:\/\/www.templatemonster.com\/wordpress-plugins\/jetmenu-mega-menu-for-madxartwork-page-builder-wordpress-plugin-69509.html","is_external":"on","nofollow":""},"button_box_shadow_box_shadow_type":"yes","button_box_shadow_box_shadow":{"horizontal":0,"vertical":6,"blur":13,"spread":0,"color":"rgba(3,11,31,0.11)"},"_margin":{"unit":"px","top":"40","right":"0","bottom":"0","left":"0","isLinked":false}},"elements":[],"isInner":false,"widgetType":"button","elType":"widget"}],"isInner":false,"elType":"column"}],"isInner":false,"elType":"section"}]}