{"title":"Inline Fields","version":"1.9.9","widgets":{"p19454476":{"type":"text","settings":{"text_content":"Hi, my name is","text_html_tag":"div","text_link_target":"_self","piotnetforms_repeater_trigger_action":"add","piotnetforms_conditional_logic_form_form_id":"22103","piotnetforms_conditional_logic_form_speed_new":"400","piotnetforms_conditional_logic_form_easing_new":"swing","conditional_visibility_roles":["all"],"conditional_visibility_date_and_time_operators":"or","conditional_visibility_action_for_date_and_time":"show","conditional_visibility_action":"show","advanced_width_custom_responsive_desktop":"auto","text_typography_font_size_responsive_desktop":{"unit":"px","size":"30"},"text_typography_font_size_responsive_mobile":{"unit":"px","size":"20"}}},"p03360903":{"type":"field","settings":{"field_type":"text","field_id":"p03360903","form_id":"22103","msg_repassword_err":"Password don't match","country":"All","google_maps_lat":"21.028511","google_maps_lng":"105.804817","google_maps_zoom":{"unit":"px","size":"15"},"google_maps_height_responsive_desktop":{"unit":"px","size":"200"},"google_maps_height_responsive_tablet":{"unit":"px","size":"200"},"google_maps_height_responsive_mobile":{"unit":"px","size":"200"},"signature_clear_text":"Clear","signature_max_width_responsive_desktop":{"unit":"px","size":"400"},"signature_max_width_responsive_tablet":{"unit":"px","size":"400"},"signature_max_width_responsive_mobile":{"unit":"px","size":"400"},"signature_height_responsive_desktop":{"unit":"px","size":"200"},"signature_height_responsive_tablet":{"unit":"px","size":"200"},"signature_height_responsive_mobile":{"unit":"px","size":"200"},"field_label_inline_width_responsive_desktop":{"unit":"%","size":"10"},"field_label_inline_width_responsive_tablet":{"unit":"%","size":"10"},"field_label_inline_width_responsive_mobile":{"unit":"%","size":"10"},"piotnetforms_style_checkbox_type":"native","stripe_font_size":{"unit":"px","size":"16"},"stripe_custom_style":"{\"base\":{\"color\":\"#303238\",\"fontSize\":\"16px\",\"fontFamily\":\"\\\"Open Sans\\\", sans-serif\",\"fontSmoothing\":\"antialiased\",\"::placeholder\":{\"color\":\"#CFD7DF\"}},\"invalid\":{\"color\":\"#e5424d\",\":focus\":{\"color\":\"#303238\"}}}","field_taxonomy_slug":"category","terms_select_type":"select","file_sizes":"1","file_sizes_message":"File size must be less than 1MB","file_types_message":"Please enter a value with a valid mimetype.","rows":"4","min_select_required_message":"Please select the minimum number of images.","recaptcha_size":"normal","recaptcha_style":"light","date_format":"F j, Y","date_language":"english","time_format":"h:i K","time_minute_increment":"5","piotnetforms_range_slider_field_options":"skin: \"round\", type: \"double\", grid: true, min: 0, max: 1000, from: 200, to: 800, prefix: \"$\"","piotnetforms_calculated_fields_form_distance_calculation_unit":"km","piotnetforms_calculated_fields_form_calculation_rounding_decimals":"2","piotnetforms_calculated_fields_form_calculation_rounding_decimals_decimals_symbol":".","piotnetforms_calculated_fields_form_calculation_rounding_decimals_seperators_symbol":",","field_pattern":"[0-9()#&+*-=.]+","iban_invalid_message":"This BBAN is invalid.","field_autocomplete":"true","shortcode":"[field id=\"p03360903\"]","live_preview_code":"<span data-piotnetforms-live-preview=\"p03360903\"><\/span>","live_preview_image_width":"150","live_preview_image_height":"150","field_icon_type":"font_awesome","piotnetforms_conditional_logic_form_speed":"400","piotnetforms_conditional_logic_form_easing":"swing","piotnetforms_style_checkbox_button_icon_position":"relative","piotnetforms_style_checkbox_button_icon_position_absolute_top_responsive_desktop":"auto","piotnetforms_style_checkbox_button_icon_position_absolute_top_responsive_tablet":"auto","piotnetforms_style_checkbox_button_icon_position_absolute_top_responsive_mobile":"auto","piotnetforms_style_checkbox_button_icon_position_absolute_right_responsive_desktop":"auto","piotnetforms_style_checkbox_button_icon_position_absolute_right_responsive_tablet":"auto","piotnetforms_style_checkbox_button_icon_position_absolute_right_responsive_mobile":"auto","piotnetforms_style_checkbox_button_icon_position_absolute_bottom_responsive_desktop":"auto","piotnetforms_style_checkbox_button_icon_position_absolute_bottom_responsive_tablet":"auto","piotnetforms_style_checkbox_button_icon_position_absolute_bottom_responsive_mobile":"auto","piotnetforms_style_checkbox_button_icon_position_absolute_left_responsive_desktop":"auto","piotnetforms_style_checkbox_button_icon_position_absolute_left_responsive_tablet":"auto","piotnetforms_style_checkbox_button_icon_position_absolute_left_responsive_mobile":"auto","piotnetforms_style_checkbox_item_width_type":"auto","piotnetforms_style_checkbox_replacement_icon_type":"font_awesome","piotnetforms_style_checkbox_square_size":{"unit":"px","size":"18"},"piotnetforms_style_checkbox_square_border_width":{"unit":"px","size":"1"},"piotnetforms_style_checkbox_square_border_color":"#23a455","piotnetforms_style_checkbox_square_background_color":"#23a455","piotnetforms_style_checkbox_square_spacing":{"unit":"px","size":"30"},"piotnetforms_style_spiner_width_responsive_desktop":{"unit":"px","size":"32"},"piotnetforms_style_spiner_width_responsive_tablet":{"unit":"px","size":"32"},"piotnetforms_style_spiner_width_responsive_mobile":{"unit":"px","size":"32"},"piotnetforms_style_spiner_height_responsive_desktop":{"unit":"px","size":"32"},"piotnetforms_style_spiner_height_responsive_tablet":{"unit":"px","size":"32"},"piotnetforms_style_spiner_height_responsive_mobile":{"unit":"px","size":"32"},"piotnetforms_style_spiner_input_width_responsive_desktop":{"unit":"px","size":"20"},"piotnetforms_style_spiner_input_width_responsive_tablet":{"unit":"px","size":"20"},"piotnetforms_style_spiner_input_width_responsive_mobile":{"unit":"px","size":"20"},"piotnetforms_image_select_field_item_width_responsive_desktop":"25","piotnetforms_image_select_field_item_width_responsive_tablet":"25","piotnetforms_image_select_field_item_width_responsive_mobile":"25","piotnetforms_image_select_field_item_spacing_responsive_desktop":{"unit":"px","size":"10"},"piotnetforms_image_select_field_item_spacing_responsive_tablet":{"unit":"px","size":"10"},"piotnetforms_image_select_field_item_spacing_responsive_mobile":{"unit":"px","size":"10"},"label_animation_focus_spacing_responsive_desktop":{"unit":"px","size":"24"},"label_animation_focus_spacing_responsive_tablet":{"unit":"px","size":"24"},"label_animation_focus_spacing_responsive_mobile":{"unit":"px","size":"24"},"piotnetforms_repeater_trigger_action":"add","conditional_visibility_roles":["all"],"conditional_visibility_date_and_time_operators":"or","conditional_visibility_action_for_date_and_time":"show","conditional_visibility_action":"show","width":"100","field_placeholder":"Your Name","advanced_width_custom_responsive_desktop":"300px","field_border_type":"solid","field_border_width_responsive_desktop":{"unit":"px","top":"0","right":"0","bottom":"2","left":"0","isLinked":""},"field_border_radius_responsive_desktop":{"unit":"px","top":"0","right":"0","bottom":"0","left":"0","isLinked":"1"},"field_border_color":"rgba(33, 33, 33, 1)","field_typography_font_size_responsive_desktop":{"unit":"px","size":"30"},"input_placeholder_color":"rgba(219, 219, 219, 1)","field_text_align_responsive_desktop":"center","field_label":"Your Name","advanced_width_custom_responsive_tablet":"300px","advanced_padding_responsive_desktop":{"unit":"px","top":"0","right":"0","bottom":"0","left":"0","isLinked":""},"input_padding_responsive_desktop":{"unit":"px","top":"3","right":"10","bottom":"10","left":"10","isLinked":""},"field_typography_font_size_responsive_mobile":{"unit":"px","size":"20"}}},"p69711799":{"type":"text","settings":{"text_content":"and I'm looking for","text_html_tag":"div","text_link_target":"_self","piotnetforms_repeater_trigger_action":"add","piotnetforms_conditional_logic_form_form_id":"22103","piotnetforms_conditional_logic_form_speed_new":"400","piotnetforms_conditional_logic_form_easing_new":"swing","conditional_visibility_roles":["all"],"conditional_visibility_date_and_time_operators":"or","conditional_visibility_action_for_date_and_time":"show","conditional_visibility_action":"show","advanced_width_custom_responsive_desktop":"auto","text_typography_font_size_responsive_desktop":{"unit":"px","size":"30"},"text_typography_font_size_responsive_mobile":{"unit":"px","size":"20"}}},"p95919866":{"type":"field","settings":{"field_type":"text","field_id":"p95919866","form_id":"22103","msg_repassword_err":"Password don't match","country":"All","google_maps_lat":"21.028511","google_maps_lng":"105.804817","google_maps_zoom":{"unit":"px","size":"15"},"google_maps_height_responsive_desktop":{"unit":"px","size":"200"},"google_maps_height_responsive_tablet":{"unit":"px","size":"200"},"google_maps_height_responsive_mobile":{"unit":"px","size":"200"},"signature_clear_text":"Clear","signature_max_width_responsive_desktop":{"unit":"px","size":"400"},"signature_max_width_responsive_tablet":{"unit":"px","size":"400"},"signature_max_width_responsive_mobile":{"unit":"px","size":"400"},"signature_height_responsive_desktop":{"unit":"px","size":"200"},"signature_height_responsive_tablet":{"unit":"px","size":"200"},"signature_height_responsive_mobile":{"unit":"px","size":"200"},"field_label_inline_width_responsive_desktop":{"unit":"%","size":"10"},"field_label_inline_width_responsive_tablet":{"unit":"%","size":"10"},"field_label_inline_width_responsive_mobile":{"unit":"%","size":"10"},"piotnetforms_style_checkbox_type":"native","stripe_font_size":{"unit":"px","size":"16"},"stripe_custom_style":"{\"base\":{\"color\":\"#303238\",\"fontSize\":\"16px\",\"fontFamily\":\"\\\"Open Sans\\\", sans-serif\",\"fontSmoothing\":\"antialiased\",\"::placeholder\":{\"color\":\"#CFD7DF\"}},\"invalid\":{\"color\":\"#e5424d\",\":focus\":{\"color\":\"#303238\"}}}","field_taxonomy_slug":"category","terms_select_type":"select","file_sizes":"1","file_sizes_message":"File size must be less than 1MB","file_types_message":"Please enter a value with a valid mimetype.","rows":"4","min_select_required_message":"Please select the minimum number of images.","recaptcha_size":"normal","recaptcha_style":"light","date_format":"F j, Y","date_language":"english","time_format":"h:i K","time_minute_increment":"5","piotnetforms_range_slider_field_options":"skin: \"round\", type: \"double\", grid: true, min: 0, max: 1000, from: 200, to: 800, prefix: \"$\"","piotnetforms_calculated_fields_form_distance_calculation_unit":"km","piotnetforms_calculated_fields_form_calculation_rounding_decimals":"2","piotnetforms_calculated_fields_form_calculation_rounding_decimals_decimals_symbol":".","piotnetforms_calculated_fields_form_calculation_rounding_decimals_seperators_symbol":",","field_pattern":"[0-9()#&+*-=.]+","iban_invalid_message":"This BBAN is invalid.","field_autocomplete":"true","shortcode":"[field id=\"p03360903\"]","live_preview_code":"<span data-piotnetforms-live-preview=\"p03360903\"><\/span>","live_preview_image_width":"150","live_preview_image_height":"150","field_icon_type":"font_awesome","piotnetforms_conditional_logic_form_speed":"400","piotnetforms_conditional_logic_form_easing":"swing","piotnetforms_style_checkbox_button_icon_position":"relative","piotnetforms_style_checkbox_button_icon_position_absolute_top_responsive_desktop":"auto","piotnetforms_style_checkbox_button_icon_position_absolute_top_responsive_tablet":"auto","piotnetforms_style_checkbox_button_icon_position_absolute_top_responsive_mobile":"auto","piotnetforms_style_checkbox_button_icon_position_absolute_right_responsive_desktop":"auto","piotnetforms_style_checkbox_button_icon_position_absolute_right_responsive_tablet":"auto","piotnetforms_style_checkbox_button_icon_position_absolute_right_responsive_mobile":"auto","piotnetforms_style_checkbox_button_icon_position_absolute_bottom_responsive_desktop":"auto","piotnetforms_style_checkbox_button_icon_position_absolute_bottom_responsive_tablet":"auto","piotnetforms_style_checkbox_button_icon_position_absolute_bottom_responsive_mobile":"auto","piotnetforms_style_checkbox_button_icon_position_absolute_left_responsive_desktop":"auto","piotnetforms_style_checkbox_button_icon_position_absolute_left_responsive_tablet":"auto","piotnetforms_style_checkbox_button_icon_position_absolute_left_responsive_mobile":"auto","piotnetforms_style_checkbox_item_width_type":"auto","piotnetforms_style_checkbox_replacement_icon_type":"font_awesome","piotnetforms_style_checkbox_square_size":{"unit":"px","size":"18"},"piotnetforms_style_checkbox_square_border_width":{"unit":"px","size":"1"},"piotnetforms_style_checkbox_square_border_color":"#23a455","piotnetforms_style_checkbox_square_background_color":"#23a455","piotnetforms_style_checkbox_square_spacing":{"unit":"px","size":"30"},"piotnetforms_style_spiner_width_responsive_desktop":{"unit":"px","size":"32"},"piotnetforms_style_spiner_width_responsive_tablet":{"unit":"px","size":"32"},"piotnetforms_style_spiner_width_responsive_mobile":{"unit":"px","size":"32"},"piotnetforms_style_spiner_height_responsive_desktop":{"unit":"px","size":"32"},"piotnetforms_style_spiner_height_responsive_tablet":{"unit":"px","size":"32"},"piotnetforms_style_spiner_height_responsive_mobile":{"unit":"px","size":"32"},"piotnetforms_style_spiner_input_width_responsive_desktop":{"unit":"px","size":"20"},"piotnetforms_style_spiner_input_width_responsive_tablet":{"unit":"px","size":"20"},"piotnetforms_style_spiner_input_width_responsive_mobile":{"unit":"px","size":"20"},"piotnetforms_image_select_field_item_width_responsive_desktop":"25","piotnetforms_image_select_field_item_width_responsive_tablet":"25","piotnetforms_image_select_field_item_width_responsive_mobile":"25","piotnetforms_image_select_field_item_spacing_responsive_desktop":{"unit":"px","size":"10"},"piotnetforms_image_select_field_item_spacing_responsive_tablet":{"unit":"px","size":"10"},"piotnetforms_image_select_field_item_spacing_responsive_mobile":{"unit":"px","size":"10"},"label_animation_focus_spacing_responsive_desktop":{"unit":"px","size":"24"},"label_animation_focus_spacing_responsive_tablet":{"unit":"px","size":"24"},"label_animation_focus_spacing_responsive_mobile":{"unit":"px","size":"24"},"piotnetforms_repeater_trigger_action":"add","conditional_visibility_roles":["all"],"conditional_visibility_date_and_time_operators":"or","conditional_visibility_action_for_date_and_time":"show","conditional_visibility_action":"show","width":"100","field_placeholder":"Your Subject","advanced_width_custom_responsive_desktop":"300px","field_border_type":"solid","field_border_width_responsive_desktop":{"unit":"px","top":"0","right":"0","bottom":"2","left":"0","isLinked":""},"field_border_radius_responsive_desktop":{"unit":"px","top":"0","right":"0","bottom":"0","left":"0","isLinked":"1"},"field_border_color":"rgba(33, 33, 33, 1)","field_typography_font_size_responsive_desktop":{"unit":"px","size":"30"},"input_placeholder_color":"rgba(219, 219, 219, 1)","field_text_align_responsive_desktop":"center","field_label":"Your Subject","input_padding_responsive_desktop":{"unit":"px","top":"3","right":"10","bottom":"10","left":"10","isLinked":""},"advanced_padding_responsive_desktop":{"unit":"px","top":"0","right":"0","bottom":"0","left":"0","isLinked":""},"advanced_width_custom_responsive_tablet":"300px","field_typography_font_size_responsive_mobile":{"unit":"px","size":"20"}}},"p63816816":{"type":"column","settings":{"piotnetforms_conditional_logic_form_speed_new":"400","piotnetforms_conditional_logic_form_easing_new":"swing","conditional_visibility_roles":["all"],"conditional_visibility_date_and_time_operators":"or","conditional_visibility_action_for_date_and_time":"show","conditional_visibility_action":"show"}},"p48665333":{"type":"section","settings":{"section_content_width_type":"boxed","section_content_width":{"unit":"px","size":"1140"},"piotnetforms_repeater_form_id":"22103","piotnetforms_conditional_logic_form_form_id":"22103","piotnetforms_conditional_logic_form_speed_new":"400","piotnetforms_conditional_logic_form_easing_new":"swing","conditional_visibility_roles":["all"],"conditional_visibility_date_and_time_operators":"or","conditional_visibility_action_for_date_and_time":"show","conditional_visibility_action":"show","advanced_margin_responsive_desktop":{"unit":"px","top":"50","right":"0","bottom":"0","left":"0","isLinked":""},"section_content_width_responsive_desktop":{"unit":"px","size":"1140"}}},"p95662434":{"type":"section","settings":{"section_content_width_type":"boxed","section_content_width":{"unit":"px","size":"1140"},"piotnetforms_repeater_form_id":"22103","piotnetforms_conditional_logic_form_form_id":"22103","piotnetforms_conditional_logic_form_speed_new":"400","piotnetforms_conditional_logic_form_easing_new":"swing","conditional_visibility_roles":["all"],"conditional_visibility_date_and_time_operators":"or","conditional_visibility_action_for_date_and_time":"show","conditional_visibility_action":"show","advanced_margin_responsive_desktop":{"unit":"px","top":"0","right":"0","bottom":"20","left":"0","isLinked":""},"section_content_width_responsive_desktop":{"unit":"px","size":"1140"}}},"p93934223":{"type":"column","settings":{"piotnetforms_conditional_logic_form_speed_new":"400","piotnetforms_conditional_logic_form_easing_new":"swing","conditional_visibility_roles":["all"],"conditional_visibility_date_and_time_operators":"or","conditional_visibility_action_for_date_and_time":"show","conditional_visibility_action":"show"}},"p64693405":{"type":"text","settings":{"text_content":"Get in touch with me at","text_html_tag":"div","text_link_target":"_self","piotnetforms_repeater_trigger_action":"add","piotnetforms_conditional_logic_form_form_id":"22103","piotnetforms_conditional_logic_form_speed_new":"400","piotnetforms_conditional_logic_form_easing_new":"swing","conditional_visibility_roles":["all"],"conditional_visibility_date_and_time_operators":"or","conditional_visibility_action_for_date_and_time":"show","conditional_visibility_action":"show","advanced_width_custom_responsive_desktop":"auto","text_typography_font_size_responsive_desktop":{"unit":"px","size":"30"},"text_typography_font_size_responsive_mobile":{"unit":"px","size":"20"}}},"p90346399":{"type":"field","settings":{"field_type":"text","field_id":"p90346399","form_id":"22103","msg_repassword_err":"Password don't match","country":"All","google_maps_lat":"21.028511","google_maps_lng":"105.804817","google_maps_zoom":{"unit":"px","size":"15"},"google_maps_height_responsive_desktop":{"unit":"px","size":"200"},"google_maps_height_responsive_tablet":{"unit":"px","size":"200"},"google_maps_height_responsive_mobile":{"unit":"px","size":"200"},"signature_clear_text":"Clear","signature_max_width_responsive_desktop":{"unit":"px","size":"400"},"signature_max_width_responsive_tablet":{"unit":"px","size":"400"},"signature_max_width_responsive_mobile":{"unit":"px","size":"400"},"signature_height_responsive_desktop":{"unit":"px","size":"200"},"signature_height_responsive_tablet":{"unit":"px","size":"200"},"signature_height_responsive_mobile":{"unit":"px","size":"200"},"field_label_inline_width_responsive_desktop":{"unit":"%","size":"10"},"field_label_inline_width_responsive_tablet":{"unit":"%","size":"10"},"field_label_inline_width_responsive_mobile":{"unit":"%","size":"10"},"piotnetforms_style_checkbox_type":"native","stripe_font_size":{"unit":"px","size":"16"},"stripe_custom_style":"{\"base\":{\"color\":\"#303238\",\"fontSize\":\"16px\",\"fontFamily\":\"\\\"Open Sans\\\", sans-serif\",\"fontSmoothing\":\"antialiased\",\"::placeholder\":{\"color\":\"#CFD7DF\"}},\"invalid\":{\"color\":\"#e5424d\",\":focus\":{\"color\":\"#303238\"}}}","field_taxonomy_slug":"category","terms_select_type":"select","file_sizes":"1","file_sizes_message":"File size must be less than 1MB","file_types_message":"Please enter a value with a valid mimetype.","rows":"4","min_select_required_message":"Please select the minimum number of images.","recaptcha_size":"normal","recaptcha_style":"light","date_format":"F j, Y","date_language":"english","time_format":"h:i K","time_minute_increment":"5","piotnetforms_range_slider_field_options":"skin: \"round\", type: \"double\", grid: true, min: 0, max: 1000, from: 200, to: 800, prefix: \"$\"","piotnetforms_calculated_fields_form_distance_calculation_unit":"km","piotnetforms_calculated_fields_form_calculation_rounding_decimals":"2","piotnetforms_calculated_fields_form_calculation_rounding_decimals_decimals_symbol":".","piotnetforms_calculated_fields_form_calculation_rounding_decimals_seperators_symbol":",","field_pattern":"[0-9()#&+*-=.]+","iban_invalid_message":"This BBAN is invalid.","field_autocomplete":"true","shortcode":"[field id=\"p03360903\"]","live_preview_code":"<span data-piotnetforms-live-preview=\"p03360903\"><\/span>","live_preview_image_width":"150","live_preview_image_height":"150","field_icon_type":"font_awesome","piotnetforms_conditional_logic_form_speed":"400","piotnetforms_conditional_logic_form_easing":"swing","piotnetforms_style_checkbox_button_icon_position":"relative","piotnetforms_style_checkbox_button_icon_position_absolute_top_responsive_desktop":"auto","piotnetforms_style_checkbox_button_icon_position_absolute_top_responsive_tablet":"auto","piotnetforms_style_checkbox_button_icon_position_absolute_top_responsive_mobile":"auto","piotnetforms_style_checkbox_button_icon_position_absolute_right_responsive_desktop":"auto","piotnetforms_style_checkbox_button_icon_position_absolute_right_responsive_tablet":"auto","piotnetforms_style_checkbox_button_icon_position_absolute_right_responsive_mobile":"auto","piotnetforms_style_checkbox_button_icon_position_absolute_bottom_responsive_desktop":"auto","piotnetforms_style_checkbox_button_icon_position_absolute_bottom_responsive_tablet":"auto","piotnetforms_style_checkbox_button_icon_position_absolute_bottom_responsive_mobile":"auto","piotnetforms_style_checkbox_button_icon_position_absolute_left_responsive_desktop":"auto","piotnetforms_style_checkbox_button_icon_position_absolute_left_responsive_tablet":"auto","piotnetforms_style_checkbox_button_icon_position_absolute_left_responsive_mobile":"auto","piotnetforms_style_checkbox_item_width_type":"auto","piotnetforms_style_checkbox_replacement_icon_type":"font_awesome","piotnetforms_style_checkbox_square_size":{"unit":"px","size":"18"},"piotnetforms_style_checkbox_square_border_width":{"unit":"px","size":"1"},"piotnetforms_style_checkbox_square_border_color":"#23a455","piotnetforms_style_checkbox_square_background_color":"#23a455","piotnetforms_style_checkbox_square_spacing":{"unit":"px","size":"30"},"piotnetforms_style_spiner_width_responsive_desktop":{"unit":"px","size":"32"},"piotnetforms_style_spiner_width_responsive_tablet":{"unit":"px","size":"32"},"piotnetforms_style_spiner_width_responsive_mobile":{"unit":"px","size":"32"},"piotnetforms_style_spiner_height_responsive_desktop":{"unit":"px","size":"32"},"piotnetforms_style_spiner_height_responsive_tablet":{"unit":"px","size":"32"},"piotnetforms_style_spiner_height_responsive_mobile":{"unit":"px","size":"32"},"piotnetforms_style_spiner_input_width_responsive_desktop":{"unit":"px","size":"20"},"piotnetforms_style_spiner_input_width_responsive_tablet":{"unit":"px","size":"20"},"piotnetforms_style_spiner_input_width_responsive_mobile":{"unit":"px","size":"20"},"piotnetforms_image_select_field_item_width_responsive_desktop":"25","piotnetforms_image_select_field_item_width_responsive_tablet":"25","piotnetforms_image_select_field_item_width_responsive_mobile":"25","piotnetforms_image_select_field_item_spacing_responsive_desktop":{"unit":"px","size":"10"},"piotnetforms_image_select_field_item_spacing_responsive_tablet":{"unit":"px","size":"10"},"piotnetforms_image_select_field_item_spacing_responsive_mobile":{"unit":"px","size":"10"},"label_animation_focus_spacing_responsive_desktop":{"unit":"px","size":"24"},"label_animation_focus_spacing_responsive_tablet":{"unit":"px","size":"24"},"label_animation_focus_spacing_responsive_mobile":{"unit":"px","size":"24"},"piotnetforms_repeater_trigger_action":"add","conditional_visibility_roles":["all"],"conditional_visibility_date_and_time_operators":"or","conditional_visibility_action_for_date_and_time":"show","conditional_visibility_action":"show","width":"100","field_placeholder":"Your Email ID Here","advanced_width_custom_responsive_desktop":"500px","field_border_type":"solid","field_border_width_responsive_desktop":{"unit":"px","top":"0","right":"0","bottom":"2","left":"0","isLinked":""},"field_border_radius_responsive_desktop":{"unit":"px","top":"0","right":"0","bottom":"0","left":"0","isLinked":"1"},"field_border_color":"rgba(33, 33, 33, 1)","field_typography_font_size_responsive_desktop":{"unit":"px","size":"30"},"input_placeholder_color":"rgba(219, 219, 219, 1)","field_text_align_responsive_desktop":"center","field_label":"Your Email","input_padding_responsive_desktop":{"unit":"px","top":"3","right":"10","bottom":"10","left":"10","isLinked":""},"advanced_padding_responsive_desktop":{"unit":"px","top":"0","right":"0","bottom":"0","left":"0","isLinked":""},"advanced_width_custom_responsive_tablet":"300px","field_typography_font_size_responsive_mobile":{"unit":"px","size":"20"}}},"p99353650":{"type":"column","settings":{"piotnetforms_conditional_logic_form_speed_new":"400","piotnetforms_conditional_logic_form_easing_new":"swing","conditional_visibility_roles":["all"],"conditional_visibility_date_and_time_operators":"or","conditional_visibility_action_for_date_and_time":"show","conditional_visibility_action":"show"}},"p54054849":{"type":"section","settings":{"section_content_width_type":"boxed","section_content_width":{"unit":"px","size":"1140"},"piotnetforms_repeater_form_id":"22103","piotnetforms_conditional_logic_form_form_id":"22103","piotnetforms_conditional_logic_form_speed_new":"400","piotnetforms_conditional_logic_form_easing_new":"swing","conditional_visibility_roles":["all"],"conditional_visibility_date_and_time_operators":"or","conditional_visibility_action_for_date_and_time":"show","conditional_visibility_action":"show","section_content_width_responsive_desktop":{"unit":"px","size":"1140"}}},"p57438719":{"type":"field","settings":{"field_type":"acceptance","field_id":"p57438719","form_id":"22103","msg_repassword_err":"Password don't match","country":"All","google_maps_lat":"21.028511","google_maps_lng":"105.804817","google_maps_zoom":{"unit":"px","size":"15"},"google_maps_height_responsive_desktop":{"unit":"px","size":"200"},"google_maps_height_responsive_tablet":{"unit":"px","size":"200"},"google_maps_height_responsive_mobile":{"unit":"px","size":"200"},"signature_clear_text":"Clear","signature_max_width_responsive_desktop":{"unit":"px","size":"400"},"signature_max_width_responsive_tablet":{"unit":"px","size":"400"},"signature_max_width_responsive_mobile":{"unit":"px","size":"400"},"signature_height_responsive_desktop":{"unit":"px","size":"200"},"signature_height_responsive_tablet":{"unit":"px","size":"200"},"signature_height_responsive_mobile":{"unit":"px","size":"200"},"field_label_show":"true","field_label_inline_width_responsive_desktop":{"unit":"%","size":"10"},"field_label_inline_width_responsive_tablet":{"unit":"%","size":"10"},"field_label_inline_width_responsive_mobile":{"unit":"%","size":"10"},"piotnetforms_style_checkbox_type":"square","stripe_font_size":{"unit":"px","size":"16"},"stripe_custom_style":"{\"base\":{\"color\":\"#303238\",\"fontSize\":\"16px\",\"fontFamily\":\"\\\"Open Sans\\\", sans-serif\",\"fontSmoothing\":\"antialiased\",\"::placeholder\":{\"color\":\"#CFD7DF\"}},\"invalid\":{\"color\":\"#e5424d\",\":focus\":{\"color\":\"#303238\"}}}","field_taxonomy_slug":"category","terms_select_type":"select","file_sizes":"1","file_sizes_message":"File size must be less than 1MB","file_types_message":"Please enter a value with a valid mimetype.","rows":"4","min_select_required_message":"Please select the minimum number of images.","recaptcha_size":"normal","recaptcha_style":"light","date_format":"F j, Y","date_language":"english","time_format":"h:i K","time_minute_increment":"5","piotnetforms_range_slider_field_options":"skin: \"round\", type: \"double\", grid: true, min: 0, max: 1000, from: 200, to: 800, prefix: \"$\"","piotnetforms_calculated_fields_form_distance_calculation_unit":"km","piotnetforms_calculated_fields_form_calculation_rounding_decimals":"2","piotnetforms_calculated_fields_form_calculation_rounding_decimals_decimals_symbol":".","piotnetforms_calculated_fields_form_calculation_rounding_decimals_seperators_symbol":",","field_pattern":"[0-9()#&+*-=.]+","iban_invalid_message":"This BBAN is invalid.","field_autocomplete":"true","shortcode":"[field id=\"p57438719\"]","live_preview_code":"<span data-piotnetforms-live-preview=\"p57438719\"><\/span>","live_preview_image_width":"150","live_preview_image_height":"150","field_icon_type":"font_awesome","piotnetforms_conditional_logic_form_speed":"400","piotnetforms_conditional_logic_form_easing":"swing","piotnetforms_style_checkbox_button_icon_position":"relative","piotnetforms_style_checkbox_button_icon_position_absolute_top_responsive_desktop":"auto","piotnetforms_style_checkbox_button_icon_position_absolute_top_responsive_tablet":"auto","piotnetforms_style_checkbox_button_icon_position_absolute_top_responsive_mobile":"auto","piotnetforms_style_checkbox_button_icon_position_absolute_right_responsive_desktop":"auto","piotnetforms_style_checkbox_button_icon_position_absolute_right_responsive_tablet":"auto","piotnetforms_style_checkbox_button_icon_position_absolute_right_responsive_mobile":"auto","piotnetforms_style_checkbox_button_icon_position_absolute_bottom_responsive_desktop":"auto","piotnetforms_style_checkbox_button_icon_position_absolute_bottom_responsive_tablet":"auto","piotnetforms_style_checkbox_button_icon_position_absolute_bottom_responsive_mobile":"auto","piotnetforms_style_checkbox_button_icon_position_absolute_left_responsive_desktop":"auto","piotnetforms_style_checkbox_button_icon_position_absolute_left_responsive_tablet":"auto","piotnetforms_style_checkbox_button_icon_position_absolute_left_responsive_mobile":"auto","piotnetforms_style_checkbox_item_width_type":"auto","piotnetforms_style_checkbox_replacement_icon_type":"font_awesome","piotnetforms_style_checkbox_square_size":{"unit":"px","size":"30"},"piotnetforms_style_checkbox_square_border_width":{"unit":"px","size":"2"},"piotnetforms_style_checkbox_square_border_color":"rgba(0, 0, 0, 1)","piotnetforms_style_checkbox_square_background_color":"rgba(0, 0, 0, 1)","piotnetforms_style_checkbox_square_spacing":{"unit":"px","size":"50"},"piotnetforms_style_spiner_width_responsive_desktop":{"unit":"px","size":"32"},"piotnetforms_style_spiner_width_responsive_tablet":{"unit":"px","size":"32"},"piotnetforms_style_spiner_width_responsive_mobile":{"unit":"px","size":"32"},"piotnetforms_style_spiner_height_responsive_desktop":{"unit":"px","size":"32"},"piotnetforms_style_spiner_height_responsive_tablet":{"unit":"px","size":"32"},"piotnetforms_style_spiner_height_responsive_mobile":{"unit":"px","size":"32"},"piotnetforms_style_spiner_input_width_responsive_desktop":{"unit":"px","size":"20"},"piotnetforms_style_spiner_input_width_responsive_tablet":{"unit":"px","size":"20"},"piotnetforms_style_spiner_input_width_responsive_mobile":{"unit":"px","size":"20"},"piotnetforms_image_select_field_item_width_responsive_desktop":"25","piotnetforms_image_select_field_item_width_responsive_tablet":"25","piotnetforms_image_select_field_item_width_responsive_mobile":"25","piotnetforms_image_select_field_item_spacing_responsive_desktop":{"unit":"px","size":"10"},"piotnetforms_image_select_field_item_spacing_responsive_tablet":{"unit":"px","size":"10"},"piotnetforms_image_select_field_item_spacing_responsive_mobile":{"unit":"px","size":"10"},"label_animation_focus_spacing_responsive_desktop":{"unit":"px","size":"24"},"label_animation_focus_spacing_responsive_tablet":{"unit":"px","size":"24"},"label_animation_focus_spacing_responsive_mobile":{"unit":"px","size":"24"},"piotnetforms_repeater_trigger_action":"add","conditional_visibility_roles":["all"],"conditional_visibility_date_and_time_operators":"or","conditional_visibility_action_for_date_and_time":"show","conditional_visibility_action":"show","width":"100","acceptance_text":"I accept all terms and conditions","piotnetforms_style_checkbox_horizontal_spacing":{"unit":"px","size":"12"},"field_typography_font_size_responsive_desktop":{"unit":"px","size":"20"},"field_typography_font_weight":"300","advanced_margin_responsive_desktop":{"unit":"px","top":"0","right":"0","bottom":"50","left":"0","isLinked":""},"field_typography_font_size_responsive_mobile":{"unit":"px","size":"16"},"piotnetforms_style_checkbox_square_spacing_responsive_desktop":{"unit":"px","size":"50"},"piotnetforms_style_checkbox_square_size_responsive_desktop":{"unit":"px","size":"30"},"piotnetforms_style_checkbox_square_size_responsive_mobile":{"unit":"px","size":"18"},"piotnetforms_style_checkbox_square_spacing_responsive_mobile":{"unit":"px","size":"30"}}},"p74784648":{"type":"submit","settings":{"form_id":"22103","text":"Send Enquiry","icon_align":"right","icon_indent":{"unit":"px","size":"35"},"icon_size":{"unit":"px","size":"24"},"email_subject":"New message from \"Piotnet Forms\"","email_content":"[all-fields]","email_from":"email@piotnetforms.com","email_from_name":"Piotnet Forms","form_metadata":["date","time","page_url","user_agent","remote_ip"],"email_content_type":"plain","email_to_2":"","email_subject_2":"New message from \"Piotnet Forms\"","email_content_2":"[all-fields]","email_from_2":"email@piotnetforms.com","email_from_name_2":"Piotnet Forms","email_content_type_2":"plain","register_role":"subscriber","register_password_confirm_message":"Wrong Password","submit_post_type":"post","submit_post_status":"publish","submit_post_custom_field_source":"post_custom_field","piotnetforms_stripe_currency":"USD","piotnetforms_stripe_subscriptions_product_name":"Piotnet Forms","piotnetforms_stripe_status_succeeded":"succeeded","piotnetforms_stripe_status_pending":"pending","piotnetforms_stripe_status_failed":"failed","piotnetforms_stripe_message_succeeded":"Payment success","piotnetforms_stripe_message_pending":"Payment pending","piotnetforms_stripe_message_failed":"Payment failed","paypal_currency":"USD","webhooks_advanced_data":"true","mailchimp_api_key_source_v3":"default","mailchimp_acceptance_enable_v3":"yes","mailerlite_api_key_source_v2":"default","sendinblue_api_key_source":"default","getresponse_api_key_source":"default","mailpoet_acceptance_field":"yes","activecampaign_api_key_source":"default","activecampaign_list":"1","convertkit_api_key_source":"default","convertkit_acceptance_field":"yes","google_calendar_date_type":"date","google_calendar_remind_method":"email","piotnetforms_hubspot_acceptance_field":"yes","slack_message":"[all-fields]","slack_color":"#2eb886","whatsapp_message":"[all-fields]","twilio_sms_message":"[all-fields]","pdfgenerator_size":"a4","pdfgenerator_font_family":"default","pdfgenerator_title_text_align":"left","pdfgenerator_title_font_size":{"unit":"px","size":"10"},"pdfgenerator_font_size":{"unit":"px","size":"10"},"pdfgenerator_color":"rgba(0, 0, 0, 1)","pdfgenerator_background_image_enable":"yes","pdfgenerator_heading_field_mapping_font_size":{"unit":"px","size":"12"},"pdfgenerator_heading_field_mapping_color":"rgba(0, 0, 0, 1)","pdfgenerator_heading_field_mapping_text_align":"left","success_message":"The form was sent successfully.","error_message":"An error occured.","required_field_message":"This field is required.","invalid_message":"There's something wrong. The form is invalid.","piotnetforms_limit_entries_custom_message":"Your contents have not been sent yet. The Form will be opened soon.","piotnetforms_conditional_logic_form_speed":"400","piotnetforms_conditional_logic_form_easing":"swing","piotnetforms_repeater_trigger_action":"add","conditional_visibility_roles":["all"],"conditional_visibility_date_and_time_operators":"or","conditional_visibility_action_for_date_and_time":"show","conditional_visibility_action":"show","style_normalbackground_color":"rgba(31, 31, 31, 1)","style_normalborder_radius":{"unit":"px","top":"6","right":"6","bottom":"6","left":"6","isLinked":"1"},"style_normaltext_padding_responsive_desktop":{"unit":"px","top":"20","right":"40","bottom":"20","left":"30","isLinked":""},"typography_font_size_responsive_desktop":{"unit":"px","size":"20"},"icon":"fas fa-long-arrow-alt-right","submit_actions":["email"],"piotnetforms_database_disable":"yes"}}},"content":[{"id":"p48665333","class_name":"piotnetforms_Section","elements":[{"id":"p63816816","class_name":"piotnetforms_Column","elements":[{"id":"p19454476","class_name":"piotnetforms_Text"},{"id":"p03360903","class_name":"Piotnetforms_Field"},{"id":"p69711799","class_name":"piotnetforms_Text"},{"id":"p95919866","class_name":"Piotnetforms_Field"}]}]},{"id":"p95662434","class_name":"piotnetforms_Section","elements":[{"id":"p93934223","class_name":"piotnetforms_Column","elements":[{"id":"p64693405","class_name":"piotnetforms_Text"},{"id":"p90346399","class_name":"Piotnetforms_Field"}]}]},{"id":"p54054849","class_name":"piotnetforms_Section","elements":[{"id":"p99353650","class_name":"piotnetforms_Column","elements":[{"id":"p57438719","class_name":"Piotnetforms_Field"},{"id":"p74784648","class_name":"Piotnetforms_Submit"}]}]}],"css":" #piotnetforms .p19454476{font-size:30px}@media (max-width:767px) {#piotnetforms .p19454476{font-size:20px}}#piotnetforms .p19454476{width: auto;}#piotnetforms [data-piotnet-editor-widgets-item-id=\"p19454476\"]{width: auto;} #piotnetforms .p03360903 .piotnetforms-label-inline{width: 10%;}#piotnetforms .p03360903 .piotnetforms-field-inline{width: calc(100% - 10%)}@media (max-width:1025px) {#piotnetforms .p03360903 .piotnetforms-label-inline{width: 10%;}}@media (max-width:1025px) {#piotnetforms .p03360903 .piotnetforms-field-inline{width: calc(100% - 10%)}}@media (max-width:767px) {#piotnetforms .p03360903 .piotnetforms-label-inline{width: 10%;}}@media (max-width:767px) {#piotnetforms .p03360903 .piotnetforms-field-inline{width: calc(100% - 10%)}}#piotnetforms .p03360903.piotnetforms-label-animation.piotnetforms-label-animated label{transform: translate3d(0,-24px,10px);}@media (max-width:1025px) {#piotnetforms .p03360903.piotnetforms-label-animation.piotnetforms-label-animated label{transform: translate3d(0,-24px,10px);}}@media (max-width:767px) {#piotnetforms .p03360903.piotnetforms-label-animation.piotnetforms-label-animated label{transform: translate3d(0,-24px,10px);}}#piotnetforms .p03360903 .piotnetforms-field-group .piotnetforms-field{text-align: center;}#piotnetforms .p03360903 .piotnetforms-field-group .piotnetforms-field-subgroup{justify-content: center;}#piotnetforms .p03360903 .piotnetforms-field-group .piotnetforms-field, #piotnetforms .p03360903 .piotnetforms-field-group .piotnetforms-field .piotnetforms-field-textual, #piotnetforms .p03360903 .piotnetforms-field-subgroup label, #piotnetforms .p03360903 .piotnetforms-field-group .piotnetforms-select-wrapper select::placeholder, #piotnetforms .p03360903 .piotnetforms-field-group .piotnetforms-field .selectize-control .selectize-dropdown .selectize-dropdown-content, #piotnetforms .p03360903 .piotnetforms-field-group .piotnetforms-field .selectize-control .selectize-input input::placeholder, #piotnetforms .p03360903 .piotnetforms-field-group .piotnetforms-field .selectize-control .selectize-input input, #piotnetforms .p03360903 .piotnetforms-field-group .piotnetforms-field .selectize-control .selectize-input .item{font-size:30px}@media (max-width:767px) {#piotnetforms .p03360903 .piotnetforms-field-group .piotnetforms-field, #piotnetforms .p03360903 .piotnetforms-field-group .piotnetforms-field .piotnetforms-field-textual, #piotnetforms .p03360903 .piotnetforms-field-subgroup label, #piotnetforms .p03360903 .piotnetforms-field-group .piotnetforms-select-wrapper select::placeholder, #piotnetforms .p03360903 .piotnetforms-field-group .piotnetforms-field .selectize-control .selectize-dropdown .selectize-dropdown-content, #piotnetforms .p03360903 .piotnetforms-field-group .piotnetforms-field .selectize-control .selectize-input input::placeholder, #piotnetforms .p03360903 .piotnetforms-field-group .piotnetforms-field .selectize-control .selectize-input input, #piotnetforms .p03360903 .piotnetforms-field-group .piotnetforms-field .selectize-control .selectize-input .item{font-size:20px}}#piotnetforms .p03360903 .piotnetforms-field-group:not(.piotnetforms-field-type-upload) .piotnetforms-field:not(.piotnetforms-select-wrapper){padding: 3px 10px 10px 10px;}#piotnetforms .p03360903 .piotnetforms-field-group:not(.piotnetforms-field-type-upload) .piotnetforms-field select{padding: 3px 10px 10px 10px;}#piotnetforms .p03360903 .piotnetforms-field-group:not(.piotnetforms-field-type-upload) .piotnetforms-field .piotnetforms-field-textual .selectize-input{padding: 3px 10px 10px 10px;}#piotnetforms .p03360903 .piotnetforms-field-group:not(.piotnetforms-field-type-upload) .piotnetforms-field .selectize-control .selectize-dropdown .selectize-dropdown-content{padding: 3px 10px 10px 10px;}#piotnetforms .p03360903 .piotnetforms-field-group:not(.piotnetforms-field-type-upload) .piotnetforms-field:not(.piotnetforms-select-wrapper)::placeholder{color: rgba(219, 219, 219, 1); opacity: 1;}#piotnetforms .p03360903 .piotnetforms-field-group:not(.piotnetforms-field-type-upload) .piotnetforms-field:not(.piotnetforms-select-wrapper)::-webkit-input-placeholder{color: rgba(219, 219, 219, 1); opacity: 1;}#piotnetforms .p03360903 .piotnetforms-field-group:not(.piotnetforms-field-type-upload) .piotnetforms-field:not(.piotnetforms-select-wrapper)::-moz-placeholder{color: rgba(219, 219, 219, 1); opacity: 1;}#piotnetforms .p03360903 .piotnetforms-field-group:not(.piotnetforms-field-type-upload) .piotnetforms-field:not(.piotnetforms-select-wrapper):-ms-input-placeholder{color: rgba(219, 219, 219, 1); opacity: 1;}#piotnetforms .p03360903 .piotnetforms-field-group:not(.piotnetforms-field-type-upload) .piotnetforms-field:not(.piotnetforms-select-wrapper):-moz-placeholder{color: rgba(219, 219, 219, 1); opacity: 1;}#piotnetforms .p03360903 .piotnetforms-field-group:not(.piotnetforms-field-type-upload) .piotnetforms-field .piotnetforms-field-textual{color: rgba(219, 219, 219, 1); opacity: 1;}#piotnetforms .p03360903 .piotnetforms-field-group:not(.piotnetforms-field-type-upload) .piotnetforms-field .selectize-control .selectize-input input::placeholder{color: rgba(219, 219, 219, 1); opacity: 1;}#piotnetforms .p03360903 .piotnetforms-field-group:not(.piotnetforms-field-type-upload) .piotnetforms-field .selectize-control .input-active input{color: rgba(219, 219, 219, 1); opacity: 1;}#piotnetforms .p03360903 .piotnetforms-field-group:not(.piotnetforms-field-type-upload) .piotnetforms-field.piotnetforms-field-textual::-webkit-input-placeholder{color: rgba(219, 219, 219, 1); opacity: 1;}#piotnetforms .p03360903 .piotnetforms-field-group:not(.piotnetforms-field-type-upload) .piotnetforms-field.piotnetforms-field-textual::-moz-placeholder{color: rgba(219, 219, 219, 1); opacity: 1;}#piotnetforms .p03360903 .piotnetforms-field-group:not(.piotnetforms-field-type-upload) .piotnetforms-field.piotnetforms-field-textual:-ms-input-placeholder{color: rgba(219, 219, 219, 1); opacity: 1;}#piotnetforms .p03360903 .piotnetforms-field-group:not(.piotnetforms-field-type-upload) .piotnetforms-field.piotnetforms-field-textual:-moz-placeholder{color: rgba(219, 219, 219, 1); opacity: 1;}#piotnetforms .p03360903 .piotnetforms-field-group:not(.piotnetforms-field-type-upload) .piotnetforms-field:not(.piotnetforms-select-wrapper){border-style: solid;}#piotnetforms .p03360903 .piotnetforms-field-group:not(.piotnetforms-field-type-upload) .piotnetforms-field .piotnetforms-field-textual{border-style: solid;}#piotnetforms .p03360903 .piotnetforms-field-group:not(.piotnetforms-field-type-upload) .piotnetforms-field .piotnetforms-field-textual .selectize-input{border-style: solid;}#piotnetforms .p03360903 .piotnetforms-field-group:not(.piotnetforms-field-type-upload) .piotnetforms-field .selectize-control .selectize-dropdown{border-style: solid;}#piotnetforms .p03360903 .piotnetforms-signature canvas{border-style: solid;}#piotnetforms .p03360903 .piotnetforms-field-group:not(.piotnetforms-field-type-upload) .piotnetforms-field:not(.piotnetforms-select-wrapper){border-width: 0px 0px 2px 0px;}#piotnetforms .p03360903 .piotnetforms-field-group:not(.piotnetforms-field-type-upload) .piotnetforms-field .piotnetforms-field-textual{border-width: 0px 0px 2px 0px;}#piotnetforms .p03360903 .piotnetforms-field-group:not(.piotnetforms-field-type-upload) .piotnetforms-field .piotnetforms-field-textual .selectize-input{border-width: 0px 0px 2px 0px;}#piotnetforms .p03360903 .piotnetforms-field-group:not(.piotnetforms-field-type-upload) .piotnetforms-field .selectize-control .selectize-dropdown{border-width: 0px 0px 2px 0px;}#piotnetforms .p03360903 .piotnetforms-signature canvas{border-width: 0px 0px 2px 0px;}#piotnetforms .p03360903 .piotnetforms-field-group:not(.piotnetforms-field-type-upload) .piotnetforms-field:not(.piotnetforms-select-wrapper){border-color: rgba(33, 33, 33, 1);}#piotnetforms .p03360903 .piotnetforms-field-group:not(.piotnetforms-field-type-upload) .piotnetforms-field .piotnetforms-field-textual{border-color: rgba(33, 33, 33, 1);}#piotnetforms .p03360903 .piotnetforms-field-group:not(.piotnetforms-field-type-upload) .piotnetforms-field .piotnetforms-field-textual .selectize-input{border-color: rgba(33, 33, 33, 1);}#piotnetforms .p03360903 .piotnetforms-field-group:not(.piotnetforms-field-type-upload) .piotnetforms-field .selectize-control .selectize-dropdown{border-color: rgba(33, 33, 33, 1);}#piotnetforms .p03360903 .piotnetforms-signature canvas{border-color: rgba(33, 33, 33, 1);}#piotnetforms .p03360903 .piotnetforms-field-group:not(.piotnetforms-field-type-upload) .piotnetforms-field:not(.piotnetforms-select-wrapper){border-radius: 0px 0px 0px 0px;}#piotnetforms .p03360903 .piotnetforms-field-group .piotnetforms-select-wrapper select{border-radius: 0px 0px 0px 0px;}#piotnetforms .p03360903 .piotnetforms-field-group .piotnetforms-select-wrapper .piotnetforms-field-textual{border-radius: 0px 0px 0px 0px;}#piotnetforms .p03360903 .piotnetforms-field-group .piotnetforms-select-wrapper .piotnetforms-field-textual .selectize-input{border-radius: 0px 0px 0px 0px;}#piotnetforms .p03360903 .piotnetforms-field-group .piotnetforms-select-wrapper .selectize-control .selectize-dropdown .selectize-dropdown-content{border-radius: 0px 0px 0px 0px;}#piotnetforms .p03360903 .piotnetforms-signature canvas{border-radius: 0px 0px 0px 0px;}#piotnetforms .p03360903{padding: 0px 0px 0px 0px;}#piotnetforms .p03360903{width: 300px;}#piotnetforms [data-piotnet-editor-widgets-item-id=\"p03360903\"]{width: 300px;}@media (max-width:1025px) {#piotnetforms .p03360903{width: 300px;}}@media (max-width:1025px) {#piotnetforms [data-piotnet-editor-widgets-item-id=\"p03360903\"]{width: 300px;}} #piotnetforms .p69711799{font-size:30px}@media (max-width:767px) {#piotnetforms .p69711799{font-size:20px}}#piotnetforms .p69711799{width: auto;}#piotnetforms [data-piotnet-editor-widgets-item-id=\"p69711799\"]{width: auto;} #piotnetforms .p95919866 .piotnetforms-label-inline{width: 10%;}#piotnetforms .p95919866 .piotnetforms-field-inline{width: calc(100% - 10%)}@media (max-width:1025px) {#piotnetforms .p95919866 .piotnetforms-label-inline{width: 10%;}}@media (max-width:1025px) {#piotnetforms .p95919866 .piotnetforms-field-inline{width: calc(100% - 10%)}}@media (max-width:767px) {#piotnetforms .p95919866 .piotnetforms-label-inline{width: 10%;}}@media (max-width:767px) {#piotnetforms .p95919866 .piotnetforms-field-inline{width: calc(100% - 10%)}}#piotnetforms .p95919866.piotnetforms-label-animation.piotnetforms-label-animated label{transform: translate3d(0,-24px,10px);}@media (max-width:1025px) {#piotnetforms .p95919866.piotnetforms-label-animation.piotnetforms-label-animated label{transform: translate3d(0,-24px,10px);}}@media (max-width:767px) {#piotnetforms .p95919866.piotnetforms-label-animation.piotnetforms-label-animated label{transform: translate3d(0,-24px,10px);}}#piotnetforms .p95919866 .piotnetforms-field-group .piotnetforms-field{text-align: center;}#piotnetforms .p95919866 .piotnetforms-field-group .piotnetforms-field-subgroup{justify-content: center;}#piotnetforms .p95919866 .piotnetforms-field-group .piotnetforms-field, #piotnetforms .p95919866 .piotnetforms-field-group .piotnetforms-field .piotnetforms-field-textual, #piotnetforms .p95919866 .piotnetforms-field-subgroup label, #piotnetforms .p95919866 .piotnetforms-field-group .piotnetforms-select-wrapper select::placeholder, #piotnetforms .p95919866 .piotnetforms-field-group .piotnetforms-field .selectize-control .selectize-dropdown .selectize-dropdown-content, #piotnetforms .p95919866 .piotnetforms-field-group .piotnetforms-field .selectize-control .selectize-input input::placeholder, #piotnetforms .p95919866 .piotnetforms-field-group .piotnetforms-field .selectize-control .selectize-input input, #piotnetforms .p95919866 .piotnetforms-field-group .piotnetforms-field .selectize-control .selectize-input .item{font-size:30px}@media (max-width:767px) {#piotnetforms .p95919866 .piotnetforms-field-group .piotnetforms-field, #piotnetforms .p95919866 .piotnetforms-field-group .piotnetforms-field .piotnetforms-field-textual, #piotnetforms .p95919866 .piotnetforms-field-subgroup label, #piotnetforms .p95919866 .piotnetforms-field-group .piotnetforms-select-wrapper select::placeholder, #piotnetforms .p95919866 .piotnetforms-field-group .piotnetforms-field .selectize-control .selectize-dropdown .selectize-dropdown-content, #piotnetforms .p95919866 .piotnetforms-field-group .piotnetforms-field .selectize-control .selectize-input input::placeholder, #piotnetforms .p95919866 .piotnetforms-field-group .piotnetforms-field .selectize-control .selectize-input input, #piotnetforms .p95919866 .piotnetforms-field-group .piotnetforms-field .selectize-control .selectize-input .item{font-size:20px}}#piotnetforms .p95919866 .piotnetforms-field-group:not(.piotnetforms-field-type-upload) .piotnetforms-field:not(.piotnetforms-select-wrapper){padding: 3px 10px 10px 10px;}#piotnetforms .p95919866 .piotnetforms-field-group:not(.piotnetforms-field-type-upload) .piotnetforms-field select{padding: 3px 10px 10px 10px;}#piotnetforms .p95919866 .piotnetforms-field-group:not(.piotnetforms-field-type-upload) .piotnetforms-field .piotnetforms-field-textual .selectize-input{padding: 3px 10px 10px 10px;}#piotnetforms .p95919866 .piotnetforms-field-group:not(.piotnetforms-field-type-upload) .piotnetforms-field .selectize-control .selectize-dropdown .selectize-dropdown-content{padding: 3px 10px 10px 10px;}#piotnetforms .p95919866 .piotnetforms-field-group:not(.piotnetforms-field-type-upload) .piotnetforms-field:not(.piotnetforms-select-wrapper)::placeholder{color: rgba(219, 219, 219, 1); opacity: 1;}#piotnetforms .p95919866 .piotnetforms-field-group:not(.piotnetforms-field-type-upload) .piotnetforms-field:not(.piotnetforms-select-wrapper)::-webkit-input-placeholder{color: rgba(219, 219, 219, 1); opacity: 1;}#piotnetforms .p95919866 .piotnetforms-field-group:not(.piotnetforms-field-type-upload) .piotnetforms-field:not(.piotnetforms-select-wrapper)::-moz-placeholder{color: rgba(219, 219, 219, 1); opacity: 1;}#piotnetforms .p95919866 .piotnetforms-field-group:not(.piotnetforms-field-type-upload) .piotnetforms-field:not(.piotnetforms-select-wrapper):-ms-input-placeholder{color: rgba(219, 219, 219, 1); opacity: 1;}#piotnetforms .p95919866 .piotnetforms-field-group:not(.piotnetforms-field-type-upload) .piotnetforms-field:not(.piotnetforms-select-wrapper):-moz-placeholder{color: rgba(219, 219, 219, 1); opacity: 1;}#piotnetforms .p95919866 .piotnetforms-field-group:not(.piotnetforms-field-type-upload) .piotnetforms-field .piotnetforms-field-textual{color: rgba(219, 219, 219, 1); opacity: 1;}#piotnetforms .p95919866 .piotnetforms-field-group:not(.piotnetforms-field-type-upload) .piotnetforms-field .selectize-control .selectize-input input::placeholder{color: rgba(219, 219, 219, 1); opacity: 1;}#piotnetforms .p95919866 .piotnetforms-field-group:not(.piotnetforms-field-type-upload) .piotnetforms-field .selectize-control .input-active input{color: rgba(219, 219, 219, 1); opacity: 1;}#piotnetforms .p95919866 .piotnetforms-field-group:not(.piotnetforms-field-type-upload) .piotnetforms-field.piotnetforms-field-textual::-webkit-input-placeholder{color: rgba(219, 219, 219, 1); opacity: 1;}#piotnetforms .p95919866 .piotnetforms-field-group:not(.piotnetforms-field-type-upload) .piotnetforms-field.piotnetforms-field-textual::-moz-placeholder{color: rgba(219, 219, 219, 1); opacity: 1;}#piotnetforms .p95919866 .piotnetforms-field-group:not(.piotnetforms-field-type-upload) .piotnetforms-field.piotnetforms-field-textual:-ms-input-placeholder{color: rgba(219, 219, 219, 1); opacity: 1;}#piotnetforms .p95919866 .piotnetforms-field-group:not(.piotnetforms-field-type-upload) .piotnetforms-field.piotnetforms-field-textual:-moz-placeholder{color: rgba(219, 219, 219, 1); opacity: 1;}#piotnetforms .p95919866 .piotnetforms-field-group:not(.piotnetforms-field-type-upload) .piotnetforms-field:not(.piotnetforms-select-wrapper){border-style: solid;}#piotnetforms .p95919866 .piotnetforms-field-group:not(.piotnetforms-field-type-upload) .piotnetforms-field .piotnetforms-field-textual{border-style: solid;}#piotnetforms .p95919866 .piotnetforms-field-group:not(.piotnetforms-field-type-upload) .piotnetforms-field .piotnetforms-field-textual .selectize-input{border-style: solid;}#piotnetforms .p95919866 .piotnetforms-field-group:not(.piotnetforms-field-type-upload) .piotnetforms-field .selectize-control .selectize-dropdown{border-style: solid;}#piotnetforms .p95919866 .piotnetforms-signature canvas{border-style: solid;}#piotnetforms .p95919866 .piotnetforms-field-group:not(.piotnetforms-field-type-upload) .piotnetforms-field:not(.piotnetforms-select-wrapper){border-width: 0px 0px 2px 0px;}#piotnetforms .p95919866 .piotnetforms-field-group:not(.piotnetforms-field-type-upload) .piotnetforms-field .piotnetforms-field-textual{border-width: 0px 0px 2px 0px;}#piotnetforms .p95919866 .piotnetforms-field-group:not(.piotnetforms-field-type-upload) .piotnetforms-field .piotnetforms-field-textual .selectize-input{border-width: 0px 0px 2px 0px;}#piotnetforms .p95919866 .piotnetforms-field-group:not(.piotnetforms-field-type-upload) .piotnetforms-field .selectize-control .selectize-dropdown{border-width: 0px 0px 2px 0px;}#piotnetforms .p95919866 .piotnetforms-signature canvas{border-width: 0px 0px 2px 0px;}#piotnetforms .p95919866 .piotnetforms-field-group:not(.piotnetforms-field-type-upload) .piotnetforms-field:not(.piotnetforms-select-wrapper){border-color: rgba(33, 33, 33, 1);}#piotnetforms .p95919866 .piotnetforms-field-group:not(.piotnetforms-field-type-upload) .piotnetforms-field .piotnetforms-field-textual{border-color: rgba(33, 33, 33, 1);}#piotnetforms .p95919866 .piotnetforms-field-group:not(.piotnetforms-field-type-upload) .piotnetforms-field .piotnetforms-field-textual .selectize-input{border-color: rgba(33, 33, 33, 1);}#piotnetforms .p95919866 .piotnetforms-field-group:not(.piotnetforms-field-type-upload) .piotnetforms-field .selectize-control .selectize-dropdown{border-color: rgba(33, 33, 33, 1);}#piotnetforms .p95919866 .piotnetforms-signature canvas{border-color: rgba(33, 33, 33, 1);}#piotnetforms .p95919866 .piotnetforms-field-group:not(.piotnetforms-field-type-upload) .piotnetforms-field:not(.piotnetforms-select-wrapper){border-radius: 0px 0px 0px 0px;}#piotnetforms .p95919866 .piotnetforms-field-group .piotnetforms-select-wrapper select{border-radius: 0px 0px 0px 0px;}#piotnetforms .p95919866 .piotnetforms-field-group .piotnetforms-select-wrapper .piotnetforms-field-textual{border-radius: 0px 0px 0px 0px;}#piotnetforms .p95919866 .piotnetforms-field-group .piotnetforms-select-wrapper .piotnetforms-field-textual .selectize-input{border-radius: 0px 0px 0px 0px;}#piotnetforms .p95919866 .piotnetforms-field-group .piotnetforms-select-wrapper .selectize-control .selectize-dropdown .selectize-dropdown-content{border-radius: 0px 0px 0px 0px;}#piotnetforms .p95919866 .piotnetforms-signature canvas{border-radius: 0px 0px 0px 0px;}#piotnetforms .p95919866{padding: 0px 0px 0px 0px;}#piotnetforms .p95919866{width: 300px;}#piotnetforms [data-piotnet-editor-widgets-item-id=\"p95919866\"]{width: 300px;}@media (max-width:1025px) {#piotnetforms .p95919866{width: 300px;}}@media (max-width:1025px) {#piotnetforms [data-piotnet-editor-widgets-item-id=\"p95919866\"]{width: 300px;}}  #piotnetforms .p48665333>.piotnet-section__container{max-width: 1140px;}#piotnetforms .p48665333{margin: 50px 0px 0px 0px;} #piotnetforms .p95662434>.piotnet-section__container{max-width: 1140px;}#piotnetforms .p95662434{margin: 0px 0px 20px 0px;}  #piotnetforms .p64693405{font-size:30px}@media (max-width:767px) {#piotnetforms .p64693405{font-size:20px}}#piotnetforms .p64693405{width: auto;}#piotnetforms [data-piotnet-editor-widgets-item-id=\"p64693405\"]{width: auto;} #piotnetforms .p90346399 .piotnetforms-label-inline{width: 10%;}#piotnetforms .p90346399 .piotnetforms-field-inline{width: calc(100% - 10%)}@media (max-width:1025px) {#piotnetforms .p90346399 .piotnetforms-label-inline{width: 10%;}}@media (max-width:1025px) {#piotnetforms .p90346399 .piotnetforms-field-inline{width: calc(100% - 10%)}}@media (max-width:767px) {#piotnetforms .p90346399 .piotnetforms-label-inline{width: 10%;}}@media (max-width:767px) {#piotnetforms .p90346399 .piotnetforms-field-inline{width: calc(100% - 10%)}}#piotnetforms .p90346399.piotnetforms-label-animation.piotnetforms-label-animated label{transform: translate3d(0,-24px,10px);}@media (max-width:1025px) {#piotnetforms .p90346399.piotnetforms-label-animation.piotnetforms-label-animated label{transform: translate3d(0,-24px,10px);}}@media (max-width:767px) {#piotnetforms .p90346399.piotnetforms-label-animation.piotnetforms-label-animated label{transform: translate3d(0,-24px,10px);}}#piotnetforms .p90346399 .piotnetforms-field-group .piotnetforms-field{text-align: center;}#piotnetforms .p90346399 .piotnetforms-field-group .piotnetforms-field-subgroup{justify-content: center;}#piotnetforms .p90346399 .piotnetforms-field-group .piotnetforms-field, #piotnetforms .p90346399 .piotnetforms-field-group .piotnetforms-field .piotnetforms-field-textual, #piotnetforms .p90346399 .piotnetforms-field-subgroup label, #piotnetforms .p90346399 .piotnetforms-field-group .piotnetforms-select-wrapper select::placeholder, #piotnetforms .p90346399 .piotnetforms-field-group .piotnetforms-field .selectize-control .selectize-dropdown .selectize-dropdown-content, #piotnetforms .p90346399 .piotnetforms-field-group .piotnetforms-field .selectize-control .selectize-input input::placeholder, #piotnetforms .p90346399 .piotnetforms-field-group .piotnetforms-field .selectize-control .selectize-input input, #piotnetforms .p90346399 .piotnetforms-field-group .piotnetforms-field .selectize-control .selectize-input .item{font-size:30px}@media (max-width:767px) {#piotnetforms .p90346399 .piotnetforms-field-group .piotnetforms-field, #piotnetforms .p90346399 .piotnetforms-field-group .piotnetforms-field .piotnetforms-field-textual, #piotnetforms .p90346399 .piotnetforms-field-subgroup label, #piotnetforms .p90346399 .piotnetforms-field-group .piotnetforms-select-wrapper select::placeholder, #piotnetforms .p90346399 .piotnetforms-field-group .piotnetforms-field .selectize-control .selectize-dropdown .selectize-dropdown-content, #piotnetforms .p90346399 .piotnetforms-field-group .piotnetforms-field .selectize-control .selectize-input input::placeholder, #piotnetforms .p90346399 .piotnetforms-field-group .piotnetforms-field .selectize-control .selectize-input input, #piotnetforms .p90346399 .piotnetforms-field-group .piotnetforms-field .selectize-control .selectize-input .item{font-size:20px}}#piotnetforms .p90346399 .piotnetforms-field-group:not(.piotnetforms-field-type-upload) .piotnetforms-field:not(.piotnetforms-select-wrapper){padding: 3px 10px 10px 10px;}#piotnetforms .p90346399 .piotnetforms-field-group:not(.piotnetforms-field-type-upload) .piotnetforms-field select{padding: 3px 10px 10px 10px;}#piotnetforms .p90346399 .piotnetforms-field-group:not(.piotnetforms-field-type-upload) .piotnetforms-field .piotnetforms-field-textual .selectize-input{padding: 3px 10px 10px 10px;}#piotnetforms .p90346399 .piotnetforms-field-group:not(.piotnetforms-field-type-upload) .piotnetforms-field .selectize-control .selectize-dropdown .selectize-dropdown-content{padding: 3px 10px 10px 10px;}#piotnetforms .p90346399 .piotnetforms-field-group:not(.piotnetforms-field-type-upload) .piotnetforms-field:not(.piotnetforms-select-wrapper)::placeholder{color: rgba(219, 219, 219, 1); opacity: 1;}#piotnetforms .p90346399 .piotnetforms-field-group:not(.piotnetforms-field-type-upload) .piotnetforms-field:not(.piotnetforms-select-wrapper)::-webkit-input-placeholder{color: rgba(219, 219, 219, 1); opacity: 1;}#piotnetforms .p90346399 .piotnetforms-field-group:not(.piotnetforms-field-type-upload) .piotnetforms-field:not(.piotnetforms-select-wrapper)::-moz-placeholder{color: rgba(219, 219, 219, 1); opacity: 1;}#piotnetforms .p90346399 .piotnetforms-field-group:not(.piotnetforms-field-type-upload) .piotnetforms-field:not(.piotnetforms-select-wrapper):-ms-input-placeholder{color: rgba(219, 219, 219, 1); opacity: 1;}#piotnetforms .p90346399 .piotnetforms-field-group:not(.piotnetforms-field-type-upload) .piotnetforms-field:not(.piotnetforms-select-wrapper):-moz-placeholder{color: rgba(219, 219, 219, 1); opacity: 1;}#piotnetforms .p90346399 .piotnetforms-field-group:not(.piotnetforms-field-type-upload) .piotnetforms-field .piotnetforms-field-textual{color: rgba(219, 219, 219, 1); opacity: 1;}#piotnetforms .p90346399 .piotnetforms-field-group:not(.piotnetforms-field-type-upload) .piotnetforms-field .selectize-control .selectize-input input::placeholder{color: rgba(219, 219, 219, 1); opacity: 1;}#piotnetforms .p90346399 .piotnetforms-field-group:not(.piotnetforms-field-type-upload) .piotnetforms-field .selectize-control .input-active input{color: rgba(219, 219, 219, 1); opacity: 1;}#piotnetforms .p90346399 .piotnetforms-field-group:not(.piotnetforms-field-type-upload) .piotnetforms-field.piotnetforms-field-textual::-webkit-input-placeholder{color: rgba(219, 219, 219, 1); opacity: 1;}#piotnetforms .p90346399 .piotnetforms-field-group:not(.piotnetforms-field-type-upload) .piotnetforms-field.piotnetforms-field-textual::-moz-placeholder{color: rgba(219, 219, 219, 1); opacity: 1;}#piotnetforms .p90346399 .piotnetforms-field-group:not(.piotnetforms-field-type-upload) .piotnetforms-field.piotnetforms-field-textual:-ms-input-placeholder{color: rgba(219, 219, 219, 1); opacity: 1;}#piotnetforms .p90346399 .piotnetforms-field-group:not(.piotnetforms-field-type-upload) .piotnetforms-field.piotnetforms-field-textual:-moz-placeholder{color: rgba(219, 219, 219, 1); opacity: 1;}#piotnetforms .p90346399 .piotnetforms-field-group:not(.piotnetforms-field-type-upload) .piotnetforms-field:not(.piotnetforms-select-wrapper){border-style: solid;}#piotnetforms .p90346399 .piotnetforms-field-group:not(.piotnetforms-field-type-upload) .piotnetforms-field .piotnetforms-field-textual{border-style: solid;}#piotnetforms .p90346399 .piotnetforms-field-group:not(.piotnetforms-field-type-upload) .piotnetforms-field .piotnetforms-field-textual .selectize-input{border-style: solid;}#piotnetforms .p90346399 .piotnetforms-field-group:not(.piotnetforms-field-type-upload) .piotnetforms-field .selectize-control .selectize-dropdown{border-style: solid;}#piotnetforms .p90346399 .piotnetforms-signature canvas{border-style: solid;}#piotnetforms .p90346399 .piotnetforms-field-group:not(.piotnetforms-field-type-upload) .piotnetforms-field:not(.piotnetforms-select-wrapper){border-width: 0px 0px 2px 0px;}#piotnetforms .p90346399 .piotnetforms-field-group:not(.piotnetforms-field-type-upload) .piotnetforms-field .piotnetforms-field-textual{border-width: 0px 0px 2px 0px;}#piotnetforms .p90346399 .piotnetforms-field-group:not(.piotnetforms-field-type-upload) .piotnetforms-field .piotnetforms-field-textual .selectize-input{border-width: 0px 0px 2px 0px;}#piotnetforms .p90346399 .piotnetforms-field-group:not(.piotnetforms-field-type-upload) .piotnetforms-field .selectize-control .selectize-dropdown{border-width: 0px 0px 2px 0px;}#piotnetforms .p90346399 .piotnetforms-signature canvas{border-width: 0px 0px 2px 0px;}#piotnetforms .p90346399 .piotnetforms-field-group:not(.piotnetforms-field-type-upload) .piotnetforms-field:not(.piotnetforms-select-wrapper){border-color: rgba(33, 33, 33, 1);}#piotnetforms .p90346399 .piotnetforms-field-group:not(.piotnetforms-field-type-upload) .piotnetforms-field .piotnetforms-field-textual{border-color: rgba(33, 33, 33, 1);}#piotnetforms .p90346399 .piotnetforms-field-group:not(.piotnetforms-field-type-upload) .piotnetforms-field .piotnetforms-field-textual .selectize-input{border-color: rgba(33, 33, 33, 1);}#piotnetforms .p90346399 .piotnetforms-field-group:not(.piotnetforms-field-type-upload) .piotnetforms-field .selectize-control .selectize-dropdown{border-color: rgba(33, 33, 33, 1);}#piotnetforms .p90346399 .piotnetforms-signature canvas{border-color: rgba(33, 33, 33, 1);}#piotnetforms .p90346399 .piotnetforms-field-group:not(.piotnetforms-field-type-upload) .piotnetforms-field:not(.piotnetforms-select-wrapper){border-radius: 0px 0px 0px 0px;}#piotnetforms .p90346399 .piotnetforms-field-group .piotnetforms-select-wrapper select{border-radius: 0px 0px 0px 0px;}#piotnetforms .p90346399 .piotnetforms-field-group .piotnetforms-select-wrapper .piotnetforms-field-textual{border-radius: 0px 0px 0px 0px;}#piotnetforms .p90346399 .piotnetforms-field-group .piotnetforms-select-wrapper .piotnetforms-field-textual .selectize-input{border-radius: 0px 0px 0px 0px;}#piotnetforms .p90346399 .piotnetforms-field-group .piotnetforms-select-wrapper .selectize-control .selectize-dropdown .selectize-dropdown-content{border-radius: 0px 0px 0px 0px;}#piotnetforms .p90346399 .piotnetforms-signature canvas{border-radius: 0px 0px 0px 0px;}#piotnetforms .p90346399{padding: 0px 0px 0px 0px;}#piotnetforms .p90346399{width: 500px;}#piotnetforms [data-piotnet-editor-widgets-item-id=\"p90346399\"]{width: 500px;}@media (max-width:1025px) {#piotnetforms .p90346399{width: 300px;}}@media (max-width:1025px) {#piotnetforms [data-piotnet-editor-widgets-item-id=\"p90346399\"]{width: 300px;}}  #piotnetforms .p54054849>.piotnet-section__container{max-width: 1140px;} #piotnetforms .p57438719 .piotnetforms-label-inline{width: 10%;}#piotnetforms .p57438719 .piotnetforms-field-inline{width: calc(100% - 10%)}@media (max-width:1025px) {#piotnetforms .p57438719 .piotnetforms-label-inline{width: 10%;}}@media (max-width:1025px) {#piotnetforms .p57438719 .piotnetforms-field-inline{width: calc(100% - 10%)}}@media (max-width:767px) {#piotnetforms .p57438719 .piotnetforms-label-inline{width: 10%;}}@media (max-width:767px) {#piotnetforms .p57438719 .piotnetforms-field-inline{width: calc(100% - 10%)}}#piotnetforms .p57438719 span.piotnetforms-field-option{position: relative;}#piotnetforms .p57438719 span.piotnetforms-field-option input{position: absolute; top: 50%; left: 0px; transform: translateY(-50%); opacity: 0; z-index: 9;}#piotnetforms .p57438719 span.piotnetforms-field-option label{display: block !important; cursor: pointer; margin: 0 auto; padding: 0px 0px 0px 30px;}#piotnetforms .p57438719 span.piotnetforms-field-option label:before{content: \"\"; display: block; width: 30px; height: 30px; position: absolute; top: 50%; left: 0px; transform: translateY(-50%); background: #fff; border-style: solid; border-width: 1px;}@media (max-width:767px) {#piotnetforms .p57438719 span.piotnetforms-field-option{position: relative;}}@media (max-width:767px) {#piotnetforms .p57438719 span.piotnetforms-field-option input{position: absolute; top: 50%; left: 0px; transform: translateY(-50%); opacity: 0; z-index: 9;}}@media (max-width:767px) {#piotnetforms .p57438719 span.piotnetforms-field-option label{display: block !important; cursor: pointer; margin: 0 auto; padding: 0px 0px 0px 30px;}}@media (max-width:767px) {#piotnetforms .p57438719 span.piotnetforms-field-option label:before{content: \"\"; display: block; width: 18px; height: 18px; position: absolute; top: 50%; left: 0px; transform: translateY(-50%); background: #fff; border-style: solid; border-width: 1px;}}#piotnetforms .p57438719 span.piotnetforms-field-option label:before{border-width: 2px;}#piotnetforms .p57438719 span.piotnetforms-field-option label:before{border-color: rgba(0, 0, 0, 1);}#piotnetforms .p57438719 span.piotnetforms-field-option input:checked ~ label:before{background: rgba(0, 0, 0, 1);}#piotnetforms .p57438719 span.piotnetforms-field-option label{padding-left: 50px;}@media (max-width:767px) {#piotnetforms .p57438719 span.piotnetforms-field-option label{padding-left: 30px;}}#piotnetforms .p57438719.piotnetforms-label-animation.piotnetforms-label-animated label{transform: translate3d(0,-24px,10px);}@media (max-width:1025px) {#piotnetforms .p57438719.piotnetforms-label-animation.piotnetforms-label-animated label{transform: translate3d(0,-24px,10px);}}@media (max-width:767px) {#piotnetforms .p57438719.piotnetforms-label-animation.piotnetforms-label-animated label{transform: translate3d(0,-24px,10px);}}#piotnetforms .p57438719 .piotnetforms-field-group .piotnetforms-field, #piotnetforms .p57438719 .piotnetforms-field-group .piotnetforms-field .piotnetforms-field-textual, #piotnetforms .p57438719 .piotnetforms-field-subgroup label, #piotnetforms .p57438719 .piotnetforms-field-group .piotnetforms-select-wrapper select::placeholder, #piotnetforms .p57438719 .piotnetforms-field-group .piotnetforms-field .selectize-control .selectize-dropdown .selectize-dropdown-content, #piotnetforms .p57438719 .piotnetforms-field-group .piotnetforms-field .selectize-control .selectize-input input::placeholder, #piotnetforms .p57438719 .piotnetforms-field-group .piotnetforms-field .selectize-control .selectize-input input, #piotnetforms .p57438719 .piotnetforms-field-group .piotnetforms-field .selectize-control .selectize-input .item{font-size:20px}@media (max-width:767px) {#piotnetforms .p57438719 .piotnetforms-field-group .piotnetforms-field, #piotnetforms .p57438719 .piotnetforms-field-group .piotnetforms-field .piotnetforms-field-textual, #piotnetforms .p57438719 .piotnetforms-field-subgroup label, #piotnetforms .p57438719 .piotnetforms-field-group .piotnetforms-select-wrapper select::placeholder, #piotnetforms .p57438719 .piotnetforms-field-group .piotnetforms-field .selectize-control .selectize-dropdown .selectize-dropdown-content, #piotnetforms .p57438719 .piotnetforms-field-group .piotnetforms-field .selectize-control .selectize-input input::placeholder, #piotnetforms .p57438719 .piotnetforms-field-group .piotnetforms-field .selectize-control .selectize-input input, #piotnetforms .p57438719 .piotnetforms-field-group .piotnetforms-field .selectize-control .selectize-input .item{font-size:16px}}#piotnetforms .p57438719 .piotnetforms-field-group .piotnetforms-field, #piotnetforms .p57438719 .piotnetforms-field-group .piotnetforms-field .piotnetforms-field-textual, #piotnetforms .p57438719 .piotnetforms-field-subgroup label, #piotnetforms .p57438719 .piotnetforms-field-group .piotnetforms-select-wrapper select::placeholder, #piotnetforms .p57438719 .piotnetforms-field-group .piotnetforms-field .selectize-control .selectize-dropdown .selectize-dropdown-content, #piotnetforms .p57438719 .piotnetforms-field-group .piotnetforms-field .selectize-control .selectize-input input::placeholder, #piotnetforms .p57438719 .piotnetforms-field-group .piotnetforms-field .selectize-control .selectize-input input, #piotnetforms .p57438719 .piotnetforms-field-group .piotnetforms-field .selectize-control .selectize-input .item{font-weight:300}#piotnetforms .p57438719{margin: 0px 0px 50px 0px;} #piotnetforms .p74784648 .piotnetforms-align-icon-right{margin-left: 35px;}#piotnetforms .p74784648 .piotnetforms-align-icon-left{margin-right: 35px;}#piotnetforms .p74784648 .piotnetforms-button-icon{font-size: 24px;}#piotnetforms .p74784648 a.piotnetforms-button, #piotnetforms .p74784648 .piotnetforms-button{font-size:20px}#piotnetforms .p74784648 a.piotnetforms-button, #piotnetforms .p74784648 .piotnetforms-button{background-color: rgba(31, 31, 31, 1);}#piotnetforms .p74784648 a.piotnetforms-button, #piotnetforms .p74784648 .piotnetforms-button{border-radius: 6px 6px 6px 6px;}#piotnetforms .p74784648 a.piotnetforms-button, #piotnetforms .p74784648 .piotnetforms-button{padding: 20px 40px 20px 30px;} "}