{"title":"Login Form (Starter Form)","version":1,"widgets":{"p16914211":{"type":"column","settings":{"column_width_responsive_desktop":"50","column_typography_font_weight":"400","advanced_padding_responsive_desktop":{"unit":"px","top":"200","right":"70","bottom":"160","left":"70","isLinked":"1"},"advanced_background_position_responsive_desktop":"center center","advanced_background_size_responsive_desktop":"cover","advanced_background_image":{"id":"592","url":"https:\/\/piotnetforms.com\/wp-content\/uploads\/2020\/09\/slide2222.jpg"},"column_width_responsive_tablet":"100","column_width_responsive_mobile":"100","advanced_padding_responsive_mobile":{"unit":"px","top":"40","right":"15","bottom":"40","left":"15","isLinked":"1"},"advanced_padding_responsive_tablet":{"unit":"px","top":"50","right":"50","bottom":"50","left":"50","isLinked":"1"}}},"p16914226":{"type":"section","settings":{"section_content_width_type":"boxed","section_content_width":{"unit":"px","size":"1140"},"advanced_margin_responsive_desktop":{"unit":"px","top":"10","right":"0","bottom":"0","left":"0","isLinked":"1"},"advanced_box_shadow":{"horizontal":"0","vertical":"0","blur":"20","spread":"0","color":"rgba(189, 189, 189, 0.35)"}}},"p16914231":{"type":"text","fonts":{"text_typography_font_family":"https:\/\/fonts.googleapis.com\/css2?family=Poppins:wght@600&display=swap"},"settings":{"text_content":"Register & Login Form","text_html_tag":"h2","text_align_responsive_desktop":"center","text_color":"rgba(255, 255, 255, 1)","text_typography_font_family":"'Poppins', sans-serif","text_typography_font_weight":"600","advanced_margin_responsive_desktop":{"unit":"px","top":"","right":"","bottom":"50","left":"","isLinked":"1"}}},"p16914258":{"type":"field","settings":{"form_id":"login","field_id":"email","field_type":"email","field_label":"Email","field_placeholder":"Email","field_icon_enable":"true","field_icon_type":"font_awesome","field_icon_font_awesome":"far fa-envelope","field_icon_width_responsive_desktop":{"unit":"px","size":"50"},"field_icon_size_responsive_desktop":{"unit":"px","size":"18"},"field_icon_x_responsive_desktop":{"unit":"px","size":"19"},"field_icon_y_responsive_desktop":{"unit":"px","size":"10"},"field_icon_color":"rgba(255, 255, 255, 1)","field_autocomplete":"true","field_required":"true","piotnetforms_conditional_logic_form_list":[],"label_typography_font_weight":"400","field_text_color":"rgba(255, 255, 255, 1)","field_typography_font_weight":"400","field_background_color":"rgba(255, 255, 255, 0)","input_placeholder_color":"rgba(255, 255, 255, 1)","field_border_type":"solid","field_border_radius_responsive_desktop":{"unit":"px","top":"50","right":"50","bottom":"50","left":"50","isLinked":"1"},"advanced_margin_responsive_desktop":{"unit":"px","top":"","right":"","bottom":"20","left":"","isLinked":"1"}}},"p16914281":{"type":"field","settings":{"form_id":"login","field_id":"password","field_type":"password","field_label":"Password","field_placeholder":"Password","field_icon_enable":"true","field_icon_type":"font_awesome","field_icon_font_awesome":"fas fa-lock","field_icon_size_responsive_desktop":{"unit":"px","size":"18"},"field_icon_x_responsive_desktop":{"unit":"px","size":"19"},"field_icon_y_responsive_desktop":{"unit":"px","size":"10"},"field_icon_color":"rgba(255, 255, 255, 1)","field_autocomplete":"true","field_required":"true","piotnetforms_conditional_logic_form_list":[],"label_typography_font_weight":"400","field_text_color":"rgba(255, 255, 255, 1)","field_typography_font_weight":"400","field_background_color":"rgba(255, 255, 255, 0)","input_placeholder_color":"rgba(255, 255, 255, 1)","field_border_radius_responsive_desktop":{"unit":"px","top":"50","right":"50","bottom":"50","left":"50","isLinked":"1"},"advanced_margin_responsive_desktop":{"unit":"px","top":"","right":"","bottom":"20","left":"","isLinked":"1"},"field_icon_width_responsive_desktop":{"unit":"px","size":"50"}}},"p16914302":{"type":"field","settings":{"form_id":"login","field_id":"remember","field_type":"acceptance","field_label_show":"true","field_autocomplete":"true","acceptance_text":"Remember","piotnetforms_conditional_logic_form_list":[],"piotnetforms_style_checkbox_type":"square","piotnetforms_style_checkbox_square_size":{"unit":"px","size":"18"},"piotnetforms_style_checkbox_square_border_width":{"unit":"px","size":"1"},"piotnetforms_style_checkbox_square_border_color":"#006afe","piotnetforms_style_checkbox_square_background_color":"rgba(55, 237, 9, 1)","piotnetforms_style_checkbox_square_spacing":{"unit":"px","size":"32"},"label_color":"rgba(255, 255, 255, 1)","label_typography_font_weight":"400","field_typography_font_weight":"400","field_background_color":"#ffffff","advanced_margin_responsive_desktop":{"unit":"px","top":"","right":"","bottom":"","left":"18","isLinked":"1"}}},"p16914323":{"type":"submit","settings":{"form_id":"login","text":"Login","align_responsive_desktop":"center","icon":"fas fa-chevron-right","icon_align":"right","icon_indent":{"unit":"px","size":"6"},"icon_size":{"unit":"px","size":"10"},"submit_actions":["login"],"login_username":"[field id=\"email\"]","login_password":"[field id=\"password\"]","login_remember":"[field id=\"remember\"]","success_message":"Login successfully.","error_message":"An error occured.","required_field_message":"This field is required.","invalid_message":"There's something wrong. The form is invalid.","typography_font_weight":"400","style_normalbackground_color":"rgba(0, 0, 0, 0)","style_normal_button_border_type":"solid","style_normal_button_border_color":"rgba(255, 255, 255, 1)","style_normal_button_border_width_responsive_desktop":{"unit":"px","top":"1","right":"1","bottom":"1","left":"1","isLinked":"1"},"style_normalborder_radius":{"unit":"px","top":"50","right":"50","bottom":"50","left":"50","isLinked":"1"},"style_hoverbutton_text_color":"rgba(0, 77, 184, 1)","style_hoverbackground_color":"rgba(255, 255, 255, 1)","message_typography_font_weight":"400","success_message_color":"rgba(255, 255, 255, 1)","error_message_color":"rgba(255, 255, 255, 1)","inline_message_color":"rgba(255, 255, 255, 1)","advanced_margin_responsive_desktop":{"unit":"px","top":"40","right":"","bottom":"","left":"","isLinked":"1"}}},"p16914343":{"type":"column","settings":{"column_width_responsive_desktop":"50","column_typography_font_weight":"400","advanced_padding_responsive_desktop":{"unit":"px","top":"200","right":"60","bottom":"160","left":"60","isLinked":"1"},"advanced_background_position_responsive_desktop":"center center","advanced_background_size_responsive_desktop":"cover","advanced_padding_responsive_mobile":{"unit":"px","top":"40","right":"15","bottom":"40","left":"15","isLinked":"1"},"advanced_padding_responsive_tablet":{"unit":"px","top":"50","right":"50","bottom":"50","left":"50","isLinked":"1"}}},"p16914352":{"type":"text","fonts":{"text_typography_font_family":"https:\/\/fonts.googleapis.com\/css2?family=Poppins:wght@600&display=swap"},"settings":{"text_content":"Contact Form","text_html_tag":"h2","text_align_responsive_desktop":"center","text_typography_font_family":"'Poppins', sans-serif","text_typography_font_weight":"600","advanced_margin_responsive_desktop":{"unit":"px","top":"","right":"","bottom":"20","left":"","isLinked":"1"}}},"p16914362":{"type":"column","settings":{"column_typography_font_weight":"400","advanced_padding_responsive_desktop":{"unit":"px","top":"10","right":"10","bottom":"0","left":"10","isLinked":"1"}}},"p16914380":{"type":"section","settings":{"section_content_width_type":"boxed","section_content_width":{"unit":"px","size":"1140"},"advanced_margin_responsive_desktop":{"unit":"px","top":"","right":"","bottom":"10","left":"","isLinked":"1"}}},"p16914390":{"type":"field","settings":{"form_id":"contact","field_id":"first_name","field_type":"text","field_label":"First Name","field_autocomplete":"true","piotnetforms_conditional_logic_form_list":[],"label_typography_font_weight":"400","field_typography_font_weight":"400","field_background_color":"#ffffff","input_placeholder_color":"rgba(110, 110, 110, 1)","field_border_type":"solid","field_border_width_responsive_desktop":{"unit":"px","top":"0","right":"0","bottom":"2","left":"0","isLinked":"1"},"field_border_color":"rgba(54, 54, 54, 1)","advanced_margin_responsive_desktop":{"unit":"px","top":"0","right":"0","bottom":"0","left":"0","isLinked":"1"},"field_border_radius_responsive_desktop":{"unit":"px","top":"0","right":"0","bottom":"0","left":"0","isLinked":"1"},"label_animation":"yes","width":"100","field_label_show":"true"}},"p16914411":{"type":"column","settings":{"column_typography_font_weight":"400","advanced_padding_responsive_desktop":{"unit":"px","top":"10","right":"10","bottom":"0","left":"10","isLinked":"1"}}},"p16914430":{"type":"field","settings":{"form_id":"contact","field_id":"last_name","field_type":"text","field_label":"Last Name","field_autocomplete":"true","piotnetforms_conditional_logic_form_list":[],"label_typography_font_weight":"400","field_typography_font_weight":"400","field_background_color":"#ffffff","input_placeholder_color":"rgba(110, 110, 110, 1)","field_border_type":"solid","field_border_width_responsive_desktop":{"unit":"px","top":"0","right":"0","bottom":"2","left":"0","isLinked":"1"},"field_border_color":"rgba(54, 54, 54, 1)","advanced_margin_responsive_desktop":{"unit":"px","top":"0","right":"0","bottom":"0","left":"0","isLinked":"1"},"field_border_radius_responsive_desktop":{"unit":"px","top":"0","right":"0","bottom":"0","left":"0","isLinked":"1"},"field_label_show":"true","width":"100","label_animation":"yes"}},"p16914451":{"type":"section","settings":{"section_content_width_type":"boxed","section_content_width":{"unit":"px","size":"1140"},"advanced_margin_responsive_desktop":{"unit":"px","top":"","right":"","bottom":"10","left":"","isLinked":"1"}}},"p16914466":{"type":"column","settings":{"column_typography_font_weight":"400","advanced_padding_responsive_desktop":{"unit":"px","top":"10","right":"10","bottom":"0","left":"10","isLinked":"1"}}},"p16914485":{"type":"field","settings":{"form_id":"contact","field_id":"email","field_type":"text","field_label":"Email","field_autocomplete":"true","field_required":"true","piotnetforms_conditional_logic_form_list":[],"label_typography_font_weight":"400","field_typography_font_weight":"400","field_background_color":"#ffffff","input_placeholder_color":"rgba(110, 110, 110, 1)","field_border_type":"solid","field_border_width_responsive_desktop":{"unit":"px","top":"0","right":"0","bottom":"2","left":"0","isLinked":"1"},"field_border_color":"rgba(54, 54, 54, 1)","advanced_margin_responsive_desktop":{"unit":"px","top":"0","right":"0","bottom":"0","left":"0","isLinked":"1"},"field_border_radius_responsive_desktop":{"unit":"px","top":"0","right":"0","bottom":"0","left":"0","isLinked":"1"},"field_label_show":"true","width":"100","label_animation":"yes"}},"p16914507":{"type":"section","settings":{"section_content_width_type":"boxed","section_content_width":{"unit":"px","size":"1140"}}},"p16914525":{"type":"column","settings":{"column_typography_font_weight":"400","advanced_padding_responsive_desktop":{"unit":"px","top":"10","right":"10","bottom":"0","left":"10","isLinked":"1"}}},"p16914544":{"type":"field","settings":{"form_id":"contact","field_id":"message","field_type":"textarea","field_label":"Message","field_autocomplete":"true","rows":"1","piotnetforms_conditional_logic_form_list":[],"label_typography_font_weight":"400","field_typography_font_weight":"400","field_background_color":"#ffffff","input_placeholder_color":"rgba(110, 110, 110, 1)","field_border_type":"solid","field_border_width_responsive_desktop":{"unit":"px","top":"0","right":"0","bottom":"2","left":"0","isLinked":"1"},"field_border_color":"rgba(54, 54, 54, 1)","advanced_margin_responsive_desktop":{"unit":"px","top":"0","right":"0","bottom":"0","left":"0","isLinked":"1"},"field_border_radius_responsive_desktop":{"unit":"px","top":"0","right":"0","bottom":"0","left":"0","isLinked":"1"},"width":"100","field_label_show":"true","label_animation":"yes"}},"p16914564":{"type":"submit","settings":{"form_id":"contact","text":"Submit","align_responsive_desktop":"center","submit_actions":["email"],"email_to":"","email_subject":"New message from \"WP\"","email_content":"[all-fields]","email_from_name":"WP","form_metadata":["date","time","page_url","user_agent","remote_ip"],"success_message":"The form was sent successfully.","error_message":"An error occured.","required_field_message":"This field is required.","invalid_message":"There's something wrong. The form is invalid.","typography_font_weight":"400","style_normalborder_radius":{"unit":"px","top":"50","right":"50","bottom":"50","left":"50","isLinked":"1"},"style_normalbutton_box_shadow":{"horizontal":"0","vertical":"0","blur":"15","spread":"0","color":"rgba(109, 134, 232, 0.75)"},"style_normaltext_padding_responsive_desktop":{"unit":"px","top":"12","right":"26","bottom":"12","left":"26","isLinked":"1"},"message_typography_font_weight":"400","success_message_color":"rgba(255, 255, 255, 1)","error_message_color":"rgba(255, 255, 255, 1)","inline_message_color":"rgba(255, 255, 255, 1)","advanced_margin_responsive_desktop":{"unit":"px","top":"56","right":"56","bottom":"56","left":"56","isLinked":"1"},"advanced_margin_responsive_tablet":{"unit":"px","top":"50","right":"0","bottom":"0","left":"0","isLinked":"1"}}}},"content":[{"id":"p16914226","class_name":"piotnetforms_Section","elements":[{"id":"p16914211","class_name":"piotnetforms_Column","elements":[{"id":"p16914231","class_name":"piotnetforms_Text"},{"id":"p16914258","class_name":"Piotnetforms_Field"},{"id":"p16914281","class_name":"Piotnetforms_Field"},{"id":"p16914302","class_name":"Piotnetforms_Field"},{"id":"p16914323","class_name":"Piotnetforms_Submit"}]},{"id":"p16914343","class_name":"piotnetforms_Column","elements":[{"id":"p16914352","class_name":"piotnetforms_Text"},{"id":"p16914380","class_name":"piotnetforms_Section","elements":[{"id":"p16914362","class_name":"piotnetforms_Column","elements":[{"id":"p16914390","class_name":"Piotnetforms_Field"}]},{"id":"p16914411","class_name":"piotnetforms_Column","elements":[{"id":"p16914430","class_name":"Piotnetforms_Field"}]}]},{"id":"p16914451","class_name":"piotnetforms_Section","elements":[{"id":"p16914466","class_name":"piotnetforms_Column","elements":[{"id":"p16914485","class_name":"Piotnetforms_Field"}]}]},{"id":"p16914507","class_name":"piotnetforms_Section","elements":[{"id":"p16914525","class_name":"piotnetforms_Column","elements":[{"id":"p16914544","class_name":"Piotnetforms_Field"}]}]},{"id":"p16914564","class_name":"Piotnetforms_Submit"}]}]}],"css":"#piotnetforms .p16914211{width: 50%;}@media (max-width:1025px) {#piotnetforms .p16914211{width: 100%;}}@media (max-width:767px) {#piotnetforms .p16914211{width: 100%;}}#piotnetforms .p16914211{font-weight:400}#piotnetforms .p16914211>.piotnet-column__inner{padding: 200px 70px 160px 70px;}@media (max-width:1025px) {#piotnetforms .p16914211>.piotnet-column__inner{padding: 50px 50px 50px 50px;}}@media (max-width:767px) {#piotnetforms .p16914211>.piotnet-column__inner{padding: 40px 15px 40px 15px;}}#piotnetforms .p16914211{background-image: url(https:\/\/piotnetforms.com\/wp-content\/uploads\/2020\/09\/slide2222.jpg)}#piotnetforms .p16914211{background-position: center center}#piotnetforms .p16914211{background-size: cover} #piotnetforms .p16914226>.piotnet-section__container{max-width: 1140px;}#piotnetforms .p16914226{margin: 10px 0px 0px 0px;}#piotnetforms .p16914226{box-shadow: 0px 0px 20px 0px rgba(189, 189, 189, 0.35);} #piotnetforms .p16914231{text-align: center}#piotnetforms .p16914231{color: rgba(255, 255, 255, 1)}#piotnetforms .p16914231{font-family:'Poppins', sans-serif}#piotnetforms .p16914231{font-weight:600}#piotnetforms .p16914231{margin: 0px 0px 50px 0px;} #piotnetforms .p16914258 .piotnetforms-field-group:not(.piotnetforms-field-type-upload) .piotnetforms-field:not(.piotnetforms-select-wrapper){padding-left: 50px !important;}#piotnetforms .p16914258 .piotnetforms-field-group:not(.piotnetforms-field-type-upload) .piotnetforms-field .piotnetforms-field-textual{padding-left: 50px !important;}#piotnetforms .p16914258 .piotnetforms-field-icon{width: 50px;}#piotnetforms .p16914258 .piotnetforms-field-icon{font-size: 18px;}#piotnetforms .p16914258 .piotnetforms-field-icon i, #piotnetforms .p16914258 .piotnetforms-field-icon img{margin-left: 19px;}#piotnetforms .p16914258 .piotnetforms-field-icon i, #piotnetforms .p16914258 .piotnetforms-field-icon img{margin-top: 10px;}#piotnetforms .p16914258 .piotnetforms-field-icon i{color: rgba(255, 255, 255, 1);}#piotnetforms .p16914258 .piotnetforms-field-group > label{font-weight:400}#piotnetforms .p16914258 .piotnetforms-field-group .piotnetforms-field{color: rgba(255, 255, 255, 1);}#piotnetforms .p16914258 .piotnetforms-field-group .piotnetforms-field, #piotnetforms .p16914258 .piotnetforms-field-subgroup label{font-weight:400}#piotnetforms .p16914258 .piotnetforms-field-group:not(.piotnetforms-field-type-upload) .piotnetforms-field:not(.piotnetforms-select-wrapper){background-color: rgba(255, 255, 255, 0);}#piotnetforms .p16914258 .piotnetforms-field-group:not(.piotnetforms-field-type-upload) .piotnetforms-field .piotnetforms-field-textual{background-color: rgba(255, 255, 255, 0);}#piotnetforms .p16914258 .piotnetforms-field-group .piotnetforms-select-wrapper select{background-color: rgba(255, 255, 255, 0);}#piotnetforms .p16914258 .piotnetforms-field-group:not(.piotnetforms-field-type-upload) .piotnetforms-field:not(.piotnetforms-select-wrapper)::placeholder{color: rgba(255, 255, 255, 1); opacity: 1;}#piotnetforms .p16914258 .piotnetforms-field-group:not(.piotnetforms-field-type-upload) .piotnetforms-field:not(.piotnetforms-select-wrapper)::-webkit-input-placeholder{color: rgba(255, 255, 255, 1); opacity: 1;}#piotnetforms .p16914258 .piotnetforms-field-group:not(.piotnetforms-field-type-upload) .piotnetforms-field:not(.piotnetforms-select-wrapper)::-moz-placeholder{color: rgba(255, 255, 255, 1); opacity: 1;}#piotnetforms .p16914258 .piotnetforms-field-group:not(.piotnetforms-field-type-upload) .piotnetforms-field:not(.piotnetforms-select-wrapper):-ms-input-placeholder{color: rgba(255, 255, 255, 1); opacity: 1;}#piotnetforms .p16914258 .piotnetforms-field-group:not(.piotnetforms-field-type-upload) .piotnetforms-field:not(.piotnetforms-select-wrapper):-moz-placeholder{color: rgba(255, 255, 255, 1); opacity: 1;}#piotnetforms .p16914258 .piotnetforms-field-group:not(.piotnetforms-field-type-upload) .piotnetforms-field.piotnetforms-field-textual::placeholder{color: rgba(255, 255, 255, 1); opacity: 1;}#piotnetforms .p16914258 .piotnetforms-field-group:not(.piotnetforms-field-type-upload) .piotnetforms-field.piotnetforms-field-textual::-webkit-input-placeholder{color: rgba(255, 255, 255, 1); opacity: 1;}#piotnetforms .p16914258 .piotnetforms-field-group:not(.piotnetforms-field-type-upload) .piotnetforms-field.piotnetforms-field-textual::-moz-placeholder{color: rgba(255, 255, 255, 1); opacity: 1;}#piotnetforms .p16914258 .piotnetforms-field-group:not(.piotnetforms-field-type-upload) .piotnetforms-field.piotnetforms-field-textual:-ms-input-placeholder{color: rgba(255, 255, 255, 1); opacity: 1;}#piotnetforms .p16914258 .piotnetforms-field-group:not(.piotnetforms-field-type-upload) .piotnetforms-field.piotnetforms-field-textual:-moz-placeholder{color: rgba(255, 255, 255, 1); opacity: 1;}#piotnetforms .p16914258 .piotnetforms-field-group:not(.piotnetforms-field-type-upload) .piotnetforms-field:not(.piotnetforms-select-wrapper){border-style: solid;}#piotnetforms .p16914258 .piotnetforms-field-group:not(.piotnetforms-field-type-upload) .piotnetforms-field .piotnetforms-field-textual{border-style: solid;}#piotnetforms .p16914258 .piotnetforms-signature canvas{border-style: solid;}#piotnetforms .p16914258 .piotnetforms-field-group:not(.piotnetforms-field-type-upload) .piotnetforms-field:not(.piotnetforms-select-wrapper){border-radius: 50px 50px 50px 50px;}#piotnetforms .p16914258 .piotnetforms-field-group .piotnetforms-select-wrapper select{border-radius: 50px 50px 50px 50px;}#piotnetforms .p16914258 .piotnetforms-signature canvas{border-radius: 50px 50px 50px 50px;}#piotnetforms .p16914258{margin: 0px 0px 20px 0px;} #piotnetforms .p16914281 .piotnetforms-field-group:not(.piotnetforms-field-type-upload) .piotnetforms-field:not(.piotnetforms-select-wrapper){padding-left: 50px !important;}#piotnetforms .p16914281 .piotnetforms-field-group:not(.piotnetforms-field-type-upload) .piotnetforms-field .piotnetforms-field-textual{padding-left: 50px !important;}#piotnetforms .p16914281 .piotnetforms-field-icon{width: 50px;}#piotnetforms .p16914281 .piotnetforms-field-icon{font-size: 18px;}#piotnetforms .p16914281 .piotnetforms-field-icon i, #piotnetforms .p16914281 .piotnetforms-field-icon img{margin-left: 19px;}#piotnetforms .p16914281 .piotnetforms-field-icon i, #piotnetforms .p16914281 .piotnetforms-field-icon img{margin-top: 10px;}#piotnetforms .p16914281 .piotnetforms-field-icon i{color: rgba(255, 255, 255, 1);}#piotnetforms .p16914281 .piotnetforms-field-group > label{font-weight:400}#piotnetforms .p16914281 .piotnetforms-field-group .piotnetforms-field{color: rgba(255, 255, 255, 1);}#piotnetforms .p16914281 .piotnetforms-field-group .piotnetforms-field, #piotnetforms .p16914281 .piotnetforms-field-subgroup label{font-weight:400}#piotnetforms .p16914281 .piotnetforms-field-group:not(.piotnetforms-field-type-upload) .piotnetforms-field:not(.piotnetforms-select-wrapper){background-color: rgba(255, 255, 255, 0);}#piotnetforms .p16914281 .piotnetforms-field-group:not(.piotnetforms-field-type-upload) .piotnetforms-field .piotnetforms-field-textual{background-color: rgba(255, 255, 255, 0);}#piotnetforms .p16914281 .piotnetforms-field-group .piotnetforms-select-wrapper select{background-color: rgba(255, 255, 255, 0);}#piotnetforms .p16914281 .piotnetforms-field-group:not(.piotnetforms-field-type-upload) .piotnetforms-field:not(.piotnetforms-select-wrapper)::placeholder{color: rgba(255, 255, 255, 1); opacity: 1;}#piotnetforms .p16914281 .piotnetforms-field-group:not(.piotnetforms-field-type-upload) .piotnetforms-field:not(.piotnetforms-select-wrapper)::-webkit-input-placeholder{color: rgba(255, 255, 255, 1); opacity: 1;}#piotnetforms .p16914281 .piotnetforms-field-group:not(.piotnetforms-field-type-upload) .piotnetforms-field:not(.piotnetforms-select-wrapper)::-moz-placeholder{color: rgba(255, 255, 255, 1); opacity: 1;}#piotnetforms .p16914281 .piotnetforms-field-group:not(.piotnetforms-field-type-upload) .piotnetforms-field:not(.piotnetforms-select-wrapper):-ms-input-placeholder{color: rgba(255, 255, 255, 1); opacity: 1;}#piotnetforms .p16914281 .piotnetforms-field-group:not(.piotnetforms-field-type-upload) .piotnetforms-field:not(.piotnetforms-select-wrapper):-moz-placeholder{color: rgba(255, 255, 255, 1); opacity: 1;}#piotnetforms .p16914281 .piotnetforms-field-group:not(.piotnetforms-field-type-upload) .piotnetforms-field.piotnetforms-field-textual::placeholder{color: rgba(255, 255, 255, 1); opacity: 1;}#piotnetforms .p16914281 .piotnetforms-field-group:not(.piotnetforms-field-type-upload) .piotnetforms-field.piotnetforms-field-textual::-webkit-input-placeholder{color: rgba(255, 255, 255, 1); opacity: 1;}#piotnetforms .p16914281 .piotnetforms-field-group:not(.piotnetforms-field-type-upload) .piotnetforms-field.piotnetforms-field-textual::-moz-placeholder{color: rgba(255, 255, 255, 1); opacity: 1;}#piotnetforms .p16914281 .piotnetforms-field-group:not(.piotnetforms-field-type-upload) .piotnetforms-field.piotnetforms-field-textual:-ms-input-placeholder{color: rgba(255, 255, 255, 1); opacity: 1;}#piotnetforms .p16914281 .piotnetforms-field-group:not(.piotnetforms-field-type-upload) .piotnetforms-field.piotnetforms-field-textual:-moz-placeholder{color: rgba(255, 255, 255, 1); opacity: 1;}#piotnetforms .p16914281 .piotnetforms-field-group:not(.piotnetforms-field-type-upload) .piotnetforms-field:not(.piotnetforms-select-wrapper){border-radius: 50px 50px 50px 50px;}#piotnetforms .p16914281 .piotnetforms-field-group .piotnetforms-select-wrapper select{border-radius: 50px 50px 50px 50px;}#piotnetforms .p16914281 .piotnetforms-signature canvas{border-radius: 50px 50px 50px 50px;}#piotnetforms .p16914281{margin: 0px 0px 20px 0px;} #piotnetforms .p16914302 span.piotnetforms-field-option{position: relative;}#piotnetforms .p16914302 span.piotnetforms-field-option input[type=\"checkbox\"]{position: absolute; top: 50%; left: 0px; transform: translateY(-50%); opacity: 0; z-index: 9;}#piotnetforms .p16914302 span.piotnetforms-field-option label{display: block !important; cursor: pointer; margin: 0 auto; padding: 0px 0px 0px 30px;}#piotnetforms .p16914302 span.piotnetforms-field-option label:before{content: \"\"; display: block; width: 18px; height: 18px; position: absolute; top: 50%; left: 0px; transform: translateY(-50%); background: #fff; border-style: solid; border-width: 1px;}#piotnetforms .p16914302 span.piotnetforms-field-option label:before{border-width: 1px;}#piotnetforms .p16914302 span.piotnetforms-field-option label:before{border-color: #006afe;}#piotnetforms .p16914302 span.piotnetforms-field-option input[type=\"checkbox\"]:checked ~ label:before{background: rgba(55, 237, 9, 1);}#piotnetforms .p16914302 span.piotnetforms-field-option label{padding-left: 32px;}#piotnetforms .p16914302 .piotnetforms-field-group > label, #piotnetforms .p16914302 .piotnetforms-field-subgroup label{color: rgba(255, 255, 255, 1);}#piotnetforms .p16914302 .piotnetforms-field-group > label{font-weight:400}#piotnetforms .p16914302 .piotnetforms-field-group .piotnetforms-field, #piotnetforms .p16914302 .piotnetforms-field-subgroup label{font-weight:400}#piotnetforms .p16914302 .piotnetforms-field-group:not(.piotnetforms-field-type-upload) .piotnetforms-field:not(.piotnetforms-select-wrapper){background-color: #ffffff;}#piotnetforms .p16914302 .piotnetforms-field-group:not(.piotnetforms-field-type-upload) .piotnetforms-field .piotnetforms-field-textual{background-color: #ffffff;}#piotnetforms .p16914302 .piotnetforms-field-group .piotnetforms-select-wrapper select{background-color: #ffffff;}#piotnetforms .p16914302{margin: 0px 0px 0px 18px;} #piotnetforms .p16914323{text-align: center}#piotnetforms .p16914323 .piotnetforms-align-icon-right{margin-left: 6px;}#piotnetforms .p16914323 .piotnetforms-align-icon-left{margin-right: 6px;}#piotnetforms .p16914323 .piotnetforms-button-icon{font-size: 10px;}#piotnetforms .p16914323 a.piotnetforms-button, #piotnetforms .p16914323 .piotnetforms-button{font-weight:400}#piotnetforms .p16914323 a.piotnetforms-button, #piotnetforms .p16914323 .piotnetforms-button{background-color: rgba(0, 0, 0, 0);}#piotnetforms .p16914323 a.piotnetforms-button, #piotnetforms .p16914323 .piotnetforms-button{border-style:solid;}#piotnetforms .p16914323 a.piotnetforms-button, #piotnetforms .p16914323 .piotnetforms-button{border-color: rgba(255, 255, 255, 1);}#piotnetforms .p16914323 a.piotnetforms-button, #piotnetforms .p16914323 .piotnetforms-button{border-width: 1px 1px 1px 1px;}#piotnetforms .p16914323 a.piotnetforms-button, #piotnetforms .p16914323 .piotnetforms-button{border-radius: 50px 50px 50px 50px;}#piotnetforms .p16914323 a.piotnetforms-button:hover, #piotnetforms .p16914323 .piotnetforms-button:hover, #piotnetforms .p16914323 a.piotnetforms-button:focus, #piotnetforms .p16914323 .piotnetforms-button:focus{color: rgba(0, 77, 184, 1);}#piotnetforms .p16914323 a.piotnetforms-button:hover, #piotnetforms .p16914323 .piotnetforms-button:hover, #piotnetforms .p16914323 a.piotnetforms-button:focus, #piotnetforms .p16914323 .piotnetforms-button:focus{background-color: rgba(255, 255, 255, 1);}#piotnetforms .p16914323 .piotnetforms-message{font-weight:400}#piotnetforms .p16914323 .piotnetforms-message.piotnetforms-message-success{color: rgba(255, 255, 255, 1);}#piotnetforms .p16914323 .piotnetforms-message.piotnetforms-message-danger{color: rgba(255, 255, 255, 1);}#piotnetforms .p16914323 .piotnetforms-message.piotnetforms-help-inline{color: rgba(255, 255, 255, 1);}#piotnetforms .p16914323{margin: 40px 0px 0px 0px;} #piotnetforms .p16914343{width: 50%;}#piotnetforms .p16914343{font-weight:400}#piotnetforms .p16914343>.piotnet-column__inner{padding: 200px 60px 160px 60px;}@media (max-width:1025px) {#piotnetforms .p16914343>.piotnet-column__inner{padding: 50px 50px 50px 50px;}}@media (max-width:767px) {#piotnetforms .p16914343>.piotnet-column__inner{padding: 40px 15px 40px 15px;}}#piotnetforms .p16914343{background-position: center center}#piotnetforms .p16914343{background-size: cover} #piotnetforms .p16914352{text-align: center}#piotnetforms .p16914352{font-family:'Poppins', sans-serif}#piotnetforms .p16914352{font-weight:600}#piotnetforms .p16914352{margin: 0px 0px 20px 0px;} #piotnetforms .p16914362{font-weight:400}#piotnetforms .p16914362>.piotnet-column__inner{padding: 10px 10px 0px 10px;} #piotnetforms .p16914380>.piotnet-section__container{max-width: 1140px;}#piotnetforms .p16914380{margin: 0px 0px 10px 0px;} #piotnetforms .p16914390 .piotnetforms-field-group > label{font-weight:400}#piotnetforms .p16914390 .piotnetforms-field-group .piotnetforms-field, #piotnetforms .p16914390 .piotnetforms-field-subgroup label{font-weight:400}#piotnetforms .p16914390 .piotnetforms-field-group:not(.piotnetforms-field-type-upload) .piotnetforms-field:not(.piotnetforms-select-wrapper){background-color: #ffffff;}#piotnetforms .p16914390 .piotnetforms-field-group:not(.piotnetforms-field-type-upload) .piotnetforms-field .piotnetforms-field-textual{background-color: #ffffff;}#piotnetforms .p16914390 .piotnetforms-field-group .piotnetforms-select-wrapper select{background-color: #ffffff;}#piotnetforms .p16914390 .piotnetforms-field-group:not(.piotnetforms-field-type-upload) .piotnetforms-field:not(.piotnetforms-select-wrapper)::placeholder{color: rgba(110, 110, 110, 1); opacity: 1;}#piotnetforms .p16914390 .piotnetforms-field-group:not(.piotnetforms-field-type-upload) .piotnetforms-field:not(.piotnetforms-select-wrapper)::-webkit-input-placeholder{color: rgba(110, 110, 110, 1); opacity: 1;}#piotnetforms .p16914390 .piotnetforms-field-group:not(.piotnetforms-field-type-upload) .piotnetforms-field:not(.piotnetforms-select-wrapper)::-moz-placeholder{color: rgba(110, 110, 110, 1); opacity: 1;}#piotnetforms .p16914390 .piotnetforms-field-group:not(.piotnetforms-field-type-upload) .piotnetforms-field:not(.piotnetforms-select-wrapper):-ms-input-placeholder{color: rgba(110, 110, 110, 1); opacity: 1;}#piotnetforms .p16914390 .piotnetforms-field-group:not(.piotnetforms-field-type-upload) .piotnetforms-field:not(.piotnetforms-select-wrapper):-moz-placeholder{color: rgba(110, 110, 110, 1); opacity: 1;}#piotnetforms .p16914390 .piotnetforms-field-group:not(.piotnetforms-field-type-upload) .piotnetforms-field.piotnetforms-field-textual::placeholder{color: rgba(110, 110, 110, 1); opacity: 1;}#piotnetforms .p16914390 .piotnetforms-field-group:not(.piotnetforms-field-type-upload) .piotnetforms-field.piotnetforms-field-textual::-webkit-input-placeholder{color: rgba(110, 110, 110, 1); opacity: 1;}#piotnetforms .p16914390 .piotnetforms-field-group:not(.piotnetforms-field-type-upload) .piotnetforms-field.piotnetforms-field-textual::-moz-placeholder{color: rgba(110, 110, 110, 1); opacity: 1;}#piotnetforms .p16914390 .piotnetforms-field-group:not(.piotnetforms-field-type-upload) .piotnetforms-field.piotnetforms-field-textual:-ms-input-placeholder{color: rgba(110, 110, 110, 1); opacity: 1;}#piotnetforms .p16914390 .piotnetforms-field-group:not(.piotnetforms-field-type-upload) .piotnetforms-field.piotnetforms-field-textual:-moz-placeholder{color: rgba(110, 110, 110, 1); opacity: 1;}#piotnetforms .p16914390 .piotnetforms-field-group:not(.piotnetforms-field-type-upload) .piotnetforms-field:not(.piotnetforms-select-wrapper){border-style: solid;}#piotnetforms .p16914390 .piotnetforms-field-group:not(.piotnetforms-field-type-upload) .piotnetforms-field .piotnetforms-field-textual{border-style: solid;}#piotnetforms .p16914390 .piotnetforms-signature canvas{border-style: solid;}#piotnetforms .p16914390 .piotnetforms-field-group:not(.piotnetforms-field-type-upload) .piotnetforms-field:not(.piotnetforms-select-wrapper){border-width: 0px 0px 2px 0px;}#piotnetforms .p16914390 .piotnetforms-field-group:not(.piotnetforms-field-type-upload) .piotnetforms-field .piotnetforms-field-textual{border-width: 0px 0px 2px 0px;}#piotnetforms .p16914390 .piotnetforms-signature canvas{border-width: 0px 0px 2px 0px;}#piotnetforms .p16914390 .piotnetforms-field-group:not(.piotnetforms-field-type-upload) .piotnetforms-field:not(.piotnetforms-select-wrapper){border-color: rgba(54, 54, 54, 1);}#piotnetforms .p16914390 .piotnetforms-field-group:not(.piotnetforms-field-type-upload) .piotnetforms-field .piotnetforms-field-textual{border-color: rgba(54, 54, 54, 1);}#piotnetforms .p16914390 .piotnetforms-signature canvas{border-color: rgba(54, 54, 54, 1);}#piotnetforms .p16914390 .piotnetforms-field-group:not(.piotnetforms-field-type-upload) .piotnetforms-field:not(.piotnetforms-select-wrapper){border-radius: 0px 0px 0px 0px;}#piotnetforms .p16914390 .piotnetforms-field-group .piotnetforms-select-wrapper select{border-radius: 0px 0px 0px 0px;}#piotnetforms .p16914390 .piotnetforms-signature canvas{border-radius: 0px 0px 0px 0px;}#piotnetforms .p16914390{margin: 0px 0px 0px 0px;} #piotnetforms .p16914411{font-weight:400}#piotnetforms .p16914411>.piotnet-column__inner{padding: 10px 10px 0px 10px;} #piotnetforms .p16914430 .piotnetforms-field-group > label{font-weight:400}#piotnetforms .p16914430 .piotnetforms-field-group .piotnetforms-field, #piotnetforms .p16914430 .piotnetforms-field-subgroup label{font-weight:400}#piotnetforms .p16914430 .piotnetforms-field-group:not(.piotnetforms-field-type-upload) .piotnetforms-field:not(.piotnetforms-select-wrapper){background-color: #ffffff;}#piotnetforms .p16914430 .piotnetforms-field-group:not(.piotnetforms-field-type-upload) .piotnetforms-field .piotnetforms-field-textual{background-color: #ffffff;}#piotnetforms .p16914430 .piotnetforms-field-group .piotnetforms-select-wrapper select{background-color: #ffffff;}#piotnetforms .p16914430 .piotnetforms-field-group:not(.piotnetforms-field-type-upload) .piotnetforms-field:not(.piotnetforms-select-wrapper)::placeholder{color: rgba(110, 110, 110, 1); opacity: 1;}#piotnetforms .p16914430 .piotnetforms-field-group:not(.piotnetforms-field-type-upload) .piotnetforms-field:not(.piotnetforms-select-wrapper)::-webkit-input-placeholder{color: rgba(110, 110, 110, 1); opacity: 1;}#piotnetforms .p16914430 .piotnetforms-field-group:not(.piotnetforms-field-type-upload) .piotnetforms-field:not(.piotnetforms-select-wrapper)::-moz-placeholder{color: rgba(110, 110, 110, 1); opacity: 1;}#piotnetforms .p16914430 .piotnetforms-field-group:not(.piotnetforms-field-type-upload) .piotnetforms-field:not(.piotnetforms-select-wrapper):-ms-input-placeholder{color: rgba(110, 110, 110, 1); opacity: 1;}#piotnetforms .p16914430 .piotnetforms-field-group:not(.piotnetforms-field-type-upload) .piotnetforms-field:not(.piotnetforms-select-wrapper):-moz-placeholder{color: rgba(110, 110, 110, 1); opacity: 1;}#piotnetforms .p16914430 .piotnetforms-field-group:not(.piotnetforms-field-type-upload) .piotnetforms-field.piotnetforms-field-textual::placeholder{color: rgba(110, 110, 110, 1); opacity: 1;}#piotnetforms .p16914430 .piotnetforms-field-group:not(.piotnetforms-field-type-upload) .piotnetforms-field.piotnetforms-field-textual::-webkit-input-placeholder{color: rgba(110, 110, 110, 1); opacity: 1;}#piotnetforms .p16914430 .piotnetforms-field-group:not(.piotnetforms-field-type-upload) .piotnetforms-field.piotnetforms-field-textual::-moz-placeholder{color: rgba(110, 110, 110, 1); opacity: 1;}#piotnetforms .p16914430 .piotnetforms-field-group:not(.piotnetforms-field-type-upload) .piotnetforms-field.piotnetforms-field-textual:-ms-input-placeholder{color: rgba(110, 110, 110, 1); opacity: 1;}#piotnetforms .p16914430 .piotnetforms-field-group:not(.piotnetforms-field-type-upload) .piotnetforms-field.piotnetforms-field-textual:-moz-placeholder{color: rgba(110, 110, 110, 1); opacity: 1;}#piotnetforms .p16914430 .piotnetforms-field-group:not(.piotnetforms-field-type-upload) .piotnetforms-field:not(.piotnetforms-select-wrapper){border-style: solid;}#piotnetforms .p16914430 .piotnetforms-field-group:not(.piotnetforms-field-type-upload) .piotnetforms-field .piotnetforms-field-textual{border-style: solid;}#piotnetforms .p16914430 .piotnetforms-signature canvas{border-style: solid;}#piotnetforms .p16914430 .piotnetforms-field-group:not(.piotnetforms-field-type-upload) .piotnetforms-field:not(.piotnetforms-select-wrapper){border-width: 0px 0px 2px 0px;}#piotnetforms .p16914430 .piotnetforms-field-group:not(.piotnetforms-field-type-upload) .piotnetforms-field .piotnetforms-field-textual{border-width: 0px 0px 2px 0px;}#piotnetforms .p16914430 .piotnetforms-signature canvas{border-width: 0px 0px 2px 0px;}#piotnetforms .p16914430 .piotnetforms-field-group:not(.piotnetforms-field-type-upload) .piotnetforms-field:not(.piotnetforms-select-wrapper){border-color: rgba(54, 54, 54, 1);}#piotnetforms .p16914430 .piotnetforms-field-group:not(.piotnetforms-field-type-upload) .piotnetforms-field .piotnetforms-field-textual{border-color: rgba(54, 54, 54, 1);}#piotnetforms .p16914430 .piotnetforms-signature canvas{border-color: rgba(54, 54, 54, 1);}#piotnetforms .p16914430 .piotnetforms-field-group:not(.piotnetforms-field-type-upload) .piotnetforms-field:not(.piotnetforms-select-wrapper){border-radius: 0px 0px 0px 0px;}#piotnetforms .p16914430 .piotnetforms-field-group .piotnetforms-select-wrapper select{border-radius: 0px 0px 0px 0px;}#piotnetforms .p16914430 .piotnetforms-signature canvas{border-radius: 0px 0px 0px 0px;}#piotnetforms .p16914430{margin: 0px 0px 0px 0px;} #piotnetforms .p16914451>.piotnet-section__container{max-width: 1140px;}#piotnetforms .p16914451{margin: 0px 0px 10px 0px;} #piotnetforms .p16914466{font-weight:400}#piotnetforms .p16914466>.piotnet-column__inner{padding: 10px 10px 0px 10px;} #piotnetforms .p16914485 .piotnetforms-field-group > label{font-weight:400}#piotnetforms .p16914485 .piotnetforms-field-group .piotnetforms-field, #piotnetforms .p16914485 .piotnetforms-field-subgroup label{font-weight:400}#piotnetforms .p16914485 .piotnetforms-field-group:not(.piotnetforms-field-type-upload) .piotnetforms-field:not(.piotnetforms-select-wrapper){background-color: #ffffff;}#piotnetforms .p16914485 .piotnetforms-field-group:not(.piotnetforms-field-type-upload) .piotnetforms-field .piotnetforms-field-textual{background-color: #ffffff;}#piotnetforms .p16914485 .piotnetforms-field-group .piotnetforms-select-wrapper select{background-color: #ffffff;}#piotnetforms .p16914485 .piotnetforms-field-group:not(.piotnetforms-field-type-upload) .piotnetforms-field:not(.piotnetforms-select-wrapper)::placeholder{color: rgba(110, 110, 110, 1); opacity: 1;}#piotnetforms .p16914485 .piotnetforms-field-group:not(.piotnetforms-field-type-upload) .piotnetforms-field:not(.piotnetforms-select-wrapper)::-webkit-input-placeholder{color: rgba(110, 110, 110, 1); opacity: 1;}#piotnetforms .p16914485 .piotnetforms-field-group:not(.piotnetforms-field-type-upload) .piotnetforms-field:not(.piotnetforms-select-wrapper)::-moz-placeholder{color: rgba(110, 110, 110, 1); opacity: 1;}#piotnetforms .p16914485 .piotnetforms-field-group:not(.piotnetforms-field-type-upload) .piotnetforms-field:not(.piotnetforms-select-wrapper):-ms-input-placeholder{color: rgba(110, 110, 110, 1); opacity: 1;}#piotnetforms .p16914485 .piotnetforms-field-group:not(.piotnetforms-field-type-upload) .piotnetforms-field:not(.piotnetforms-select-wrapper):-moz-placeholder{color: rgba(110, 110, 110, 1); opacity: 1;}#piotnetforms .p16914485 .piotnetforms-field-group:not(.piotnetforms-field-type-upload) .piotnetforms-field.piotnetforms-field-textual::placeholder{color: rgba(110, 110, 110, 1); opacity: 1;}#piotnetforms .p16914485 .piotnetforms-field-group:not(.piotnetforms-field-type-upload) .piotnetforms-field.piotnetforms-field-textual::-webkit-input-placeholder{color: rgba(110, 110, 110, 1); opacity: 1;}#piotnetforms .p16914485 .piotnetforms-field-group:not(.piotnetforms-field-type-upload) .piotnetforms-field.piotnetforms-field-textual::-moz-placeholder{color: rgba(110, 110, 110, 1); opacity: 1;}#piotnetforms .p16914485 .piotnetforms-field-group:not(.piotnetforms-field-type-upload) .piotnetforms-field.piotnetforms-field-textual:-ms-input-placeholder{color: rgba(110, 110, 110, 1); opacity: 1;}#piotnetforms .p16914485 .piotnetforms-field-group:not(.piotnetforms-field-type-upload) .piotnetforms-field.piotnetforms-field-textual:-moz-placeholder{color: rgba(110, 110, 110, 1); opacity: 1;}#piotnetforms .p16914485 .piotnetforms-field-group:not(.piotnetforms-field-type-upload) .piotnetforms-field:not(.piotnetforms-select-wrapper){border-style: solid;}#piotnetforms .p16914485 .piotnetforms-field-group:not(.piotnetforms-field-type-upload) .piotnetforms-field .piotnetforms-field-textual{border-style: solid;}#piotnetforms .p16914485 .piotnetforms-signature canvas{border-style: solid;}#piotnetforms .p16914485 .piotnetforms-field-group:not(.piotnetforms-field-type-upload) .piotnetforms-field:not(.piotnetforms-select-wrapper){border-width: 0px 0px 2px 0px;}#piotnetforms .p16914485 .piotnetforms-field-group:not(.piotnetforms-field-type-upload) .piotnetforms-field .piotnetforms-field-textual{border-width: 0px 0px 2px 0px;}#piotnetforms .p16914485 .piotnetforms-signature canvas{border-width: 0px 0px 2px 0px;}#piotnetforms .p16914485 .piotnetforms-field-group:not(.piotnetforms-field-type-upload) .piotnetforms-field:not(.piotnetforms-select-wrapper){border-color: rgba(54, 54, 54, 1);}#piotnetforms .p16914485 .piotnetforms-field-group:not(.piotnetforms-field-type-upload) .piotnetforms-field .piotnetforms-field-textual{border-color: rgba(54, 54, 54, 1);}#piotnetforms .p16914485 .piotnetforms-signature canvas{border-color: rgba(54, 54, 54, 1);}#piotnetforms .p16914485 .piotnetforms-field-group:not(.piotnetforms-field-type-upload) .piotnetforms-field:not(.piotnetforms-select-wrapper){border-radius: 0px 0px 0px 0px;}#piotnetforms .p16914485 .piotnetforms-field-group .piotnetforms-select-wrapper select{border-radius: 0px 0px 0px 0px;}#piotnetforms .p16914485 .piotnetforms-signature canvas{border-radius: 0px 0px 0px 0px;}#piotnetforms .p16914485{margin: 0px 0px 0px 0px;} #piotnetforms .p16914507>.piotnet-section__container{max-width: 1140px;} #piotnetforms .p16914525{font-weight:400}#piotnetforms .p16914525>.piotnet-column__inner{padding: 10px 10px 0px 10px;} #piotnetforms .p16914544 .piotnetforms-field-group > label{font-weight:400}#piotnetforms .p16914544 .piotnetforms-field-group .piotnetforms-field, #piotnetforms .p16914544 .piotnetforms-field-subgroup label{font-weight:400}#piotnetforms .p16914544 .piotnetforms-field-group:not(.piotnetforms-field-type-upload) .piotnetforms-field:not(.piotnetforms-select-wrapper){background-color: #ffffff;}#piotnetforms .p16914544 .piotnetforms-field-group:not(.piotnetforms-field-type-upload) .piotnetforms-field .piotnetforms-field-textual{background-color: #ffffff;}#piotnetforms .p16914544 .piotnetforms-field-group .piotnetforms-select-wrapper select{background-color: #ffffff;}#piotnetforms .p16914544 .piotnetforms-field-group:not(.piotnetforms-field-type-upload) .piotnetforms-field:not(.piotnetforms-select-wrapper)::placeholder{color: rgba(110, 110, 110, 1); opacity: 1;}#piotnetforms .p16914544 .piotnetforms-field-group:not(.piotnetforms-field-type-upload) .piotnetforms-field:not(.piotnetforms-select-wrapper)::-webkit-input-placeholder{color: rgba(110, 110, 110, 1); opacity: 1;}#piotnetforms .p16914544 .piotnetforms-field-group:not(.piotnetforms-field-type-upload) .piotnetforms-field:not(.piotnetforms-select-wrapper)::-moz-placeholder{color: rgba(110, 110, 110, 1); opacity: 1;}#piotnetforms .p16914544 .piotnetforms-field-group:not(.piotnetforms-field-type-upload) .piotnetforms-field:not(.piotnetforms-select-wrapper):-ms-input-placeholder{color: rgba(110, 110, 110, 1); opacity: 1;}#piotnetforms .p16914544 .piotnetforms-field-group:not(.piotnetforms-field-type-upload) .piotnetforms-field:not(.piotnetforms-select-wrapper):-moz-placeholder{color: rgba(110, 110, 110, 1); opacity: 1;}#piotnetforms .p16914544 .piotnetforms-field-group:not(.piotnetforms-field-type-upload) .piotnetforms-field.piotnetforms-field-textual::placeholder{color: rgba(110, 110, 110, 1); opacity: 1;}#piotnetforms .p16914544 .piotnetforms-field-group:not(.piotnetforms-field-type-upload) .piotnetforms-field.piotnetforms-field-textual::-webkit-input-placeholder{color: rgba(110, 110, 110, 1); opacity: 1;}#piotnetforms .p16914544 .piotnetforms-field-group:not(.piotnetforms-field-type-upload) .piotnetforms-field.piotnetforms-field-textual::-moz-placeholder{color: rgba(110, 110, 110, 1); opacity: 1;}#piotnetforms .p16914544 .piotnetforms-field-group:not(.piotnetforms-field-type-upload) .piotnetforms-field.piotnetforms-field-textual:-ms-input-placeholder{color: rgba(110, 110, 110, 1); opacity: 1;}#piotnetforms .p16914544 .piotnetforms-field-group:not(.piotnetforms-field-type-upload) .piotnetforms-field.piotnetforms-field-textual:-moz-placeholder{color: rgba(110, 110, 110, 1); opacity: 1;}#piotnetforms .p16914544 .piotnetforms-field-group:not(.piotnetforms-field-type-upload) .piotnetforms-field:not(.piotnetforms-select-wrapper){border-style: solid;}#piotnetforms .p16914544 .piotnetforms-field-group:not(.piotnetforms-field-type-upload) .piotnetforms-field .piotnetforms-field-textual{border-style: solid;}#piotnetforms .p16914544 .piotnetforms-signature canvas{border-style: solid;}#piotnetforms .p16914544 .piotnetforms-field-group:not(.piotnetforms-field-type-upload) .piotnetforms-field:not(.piotnetforms-select-wrapper){border-width: 0px 0px 2px 0px;}#piotnetforms .p16914544 .piotnetforms-field-group:not(.piotnetforms-field-type-upload) .piotnetforms-field .piotnetforms-field-textual{border-width: 0px 0px 2px 0px;}#piotnetforms .p16914544 .piotnetforms-signature canvas{border-width: 0px 0px 2px 0px;}#piotnetforms .p16914544 .piotnetforms-field-group:not(.piotnetforms-field-type-upload) .piotnetforms-field:not(.piotnetforms-select-wrapper){border-color: rgba(54, 54, 54, 1);}#piotnetforms .p16914544 .piotnetforms-field-group:not(.piotnetforms-field-type-upload) .piotnetforms-field .piotnetforms-field-textual{border-color: rgba(54, 54, 54, 1);}#piotnetforms .p16914544 .piotnetforms-signature canvas{border-color: rgba(54, 54, 54, 1);}#piotnetforms .p16914544 .piotnetforms-field-group:not(.piotnetforms-field-type-upload) .piotnetforms-field:not(.piotnetforms-select-wrapper){border-radius: 0px 0px 0px 0px;}#piotnetforms .p16914544 .piotnetforms-field-group .piotnetforms-select-wrapper select{border-radius: 0px 0px 0px 0px;}#piotnetforms .p16914544 .piotnetforms-signature canvas{border-radius: 0px 0px 0px 0px;}#piotnetforms .p16914544{margin: 0px 0px 0px 0px;} #piotnetforms .p16914564{text-align: center}#piotnetforms .p16914564 a.piotnetforms-button, #piotnetforms .p16914564 .piotnetforms-button{font-weight:400}#piotnetforms .p16914564 a.piotnetforms-button, #piotnetforms .p16914564 .piotnetforms-button{border-radius: 50px 50px 50px 50px;}#piotnetforms .p16914564 a.piotnetforms-button, #piotnetforms .p16914564 .piotnetforms-button{box-shadow: 0px 0px 15px 0px rgba(109, 134, 232, 0.75);}#piotnetforms .p16914564 a.piotnetforms-button, #piotnetforms .p16914564 .piotnetforms-button{padding: 12px 26px 12px 26px;}#piotnetforms .p16914564 .piotnetforms-message{font-weight:400}#piotnetforms .p16914564 .piotnetforms-message.piotnetforms-message-success{color: rgba(255, 255, 255, 1);}#piotnetforms .p16914564 .piotnetforms-message.piotnetforms-message-danger{color: rgba(255, 255, 255, 1);}#piotnetforms .p16914564 .piotnetforms-message.piotnetforms-help-inline{color: rgba(255, 255, 255, 1);}#piotnetforms .p16914564{margin: 56px 56px 56px 56px;}@media (max-width:1025px) {#piotnetforms .p16914564{margin: 50px 0px 0px 0px;}} "}
