{"title":"Calculation Form","version":"1.9.20","widgets":{"p27946711":{"type":"field","settings":{"field_type":"select","field_id":"product","form_id":"22707","msg_repassword_err":"Password don't match","country":"All","google_maps_lat":"21.028511","google_maps_lng":"105.804817","google_maps_zoom":{"unit":"px","size":"15"},"google_maps_height_responsive_desktop":{"unit":"px","size":"200"},"google_maps_height_responsive_tablet":{"unit":"px","size":"200"},"google_maps_height_responsive_mobile":{"unit":"px","size":"200"},"signature_clear_text":"Clear","signature_max_width_responsive_desktop":{"unit":"px","size":"400"},"signature_max_width_responsive_tablet":{"unit":"px","size":"400"},"signature_max_width_responsive_mobile":{"unit":"px","size":"400"},"signature_height_responsive_desktop":{"unit":"px","size":"200"},"signature_height_responsive_tablet":{"unit":"px","size":"200"},"signature_height_responsive_mobile":{"unit":"px","size":"200"},"field_label_show":"true","field_label_inline_width_responsive_desktop":{"unit":"%","size":"10"},"field_label_inline_width_responsive_tablet":{"unit":"%","size":"10"},"field_label_inline_width_responsive_mobile":{"unit":"%","size":"10"},"piotnetforms_style_checkbox_type":"native","stripe_font_size":{"unit":"px","size":"16"},"stripe_custom_style":"{\"base\":{\"color\":\"#303238\",\"fontSize\":\"16px\",\"fontFamily\":\"\\\"Open Sans\\\", sans-serif\",\"fontSmoothing\":\"antialiased\",\"::placeholder\":{\"color\":\"#CFD7DF\"}},\"invalid\":{\"color\":\"#e5424d\",\":focus\":{\"color\":\"#303238\"}}}","field_taxonomy_slug":"category","terms_select_type":"select","file_sizes":"1","file_sizes_message":"File size must be less than 1MB","file_types_message":"Please enter a value with a valid mimetype.","rows":"4","min_select_required_message":"Please select the minimum number of images.","recaptcha_size":"normal","recaptcha_style":"light","date_format":"F j, Y","date_language":"english","time_format":"h:i K","time_minute_increment":"5","piotnetforms_range_slider_field_options":"skin: \"round\", type: \"double\", grid: true, min: 0, max: 1000, from: 200, to: 800, prefix: \"$\"","piotnetforms_calculated_fields_form_distance_calculation_unit":"km","piotnetforms_calculated_fields_form_calculation_rounding_decimals":"2","piotnetforms_calculated_fields_form_calculation_rounding_decimals_decimals_symbol":".","piotnetforms_calculated_fields_form_calculation_rounding_decimals_seperators_symbol":",","field_pattern":"[0-9()#&+*-=.]+","iban_invalid_message":"This BBAN is invalid.","field_autocomplete":"true","shortcode":"[field id=\"p27946711\"]","live_preview_code":"<span data-piotnetforms-live-preview=\"p27946711\"><\/span>","live_preview_image_width":"150","live_preview_image_height":"150","field_icon_type":"font_awesome","piotnetforms_conditional_logic_form_speed":"400","piotnetforms_conditional_logic_form_easing":"swing","piotnetforms_style_checkbox_button_icon_position":"relative","piotnetforms_style_checkbox_button_icon_position_absolute_top_responsive_desktop":"auto","piotnetforms_style_checkbox_button_icon_position_absolute_top_responsive_tablet":"auto","piotnetforms_style_checkbox_button_icon_position_absolute_top_responsive_mobile":"auto","piotnetforms_style_checkbox_button_icon_position_absolute_right_responsive_desktop":"auto","piotnetforms_style_checkbox_button_icon_position_absolute_right_responsive_tablet":"auto","piotnetforms_style_checkbox_button_icon_position_absolute_right_responsive_mobile":"auto","piotnetforms_style_checkbox_button_icon_position_absolute_bottom_responsive_desktop":"auto","piotnetforms_style_checkbox_button_icon_position_absolute_bottom_responsive_tablet":"auto","piotnetforms_style_checkbox_button_icon_position_absolute_bottom_responsive_mobile":"auto","piotnetforms_style_checkbox_button_icon_position_absolute_left_responsive_desktop":"auto","piotnetforms_style_checkbox_button_icon_position_absolute_left_responsive_tablet":"auto","piotnetforms_style_checkbox_button_icon_position_absolute_left_responsive_mobile":"auto","piotnetforms_style_checkbox_item_width_type":"auto","piotnetforms_style_checkbox_replacement_icon_type":"font_awesome","piotnetforms_style_checkbox_square_size_responsive_desktop":{"unit":"px","size":"18"},"piotnetforms_style_checkbox_square_size_responsive_tablet":{"unit":"px","size":"18"},"piotnetforms_style_checkbox_square_size_responsive_mobile":{"unit":"px","size":"18"},"piotnetforms_style_checkbox_square_border_width":{"unit":"px","size":"1"},"piotnetforms_style_checkbox_square_border_color":"#000000","piotnetforms_style_checkbox_square_background_color":"#000000","piotnetforms_style_checkbox_square_spacing_responsive_desktop":{"unit":"px","size":"30"},"piotnetforms_style_checkbox_square_spacing_responsive_tablet":{"unit":"px","size":"30"},"piotnetforms_style_checkbox_square_spacing_responsive_mobile":{"unit":"px","size":"30"},"piotnetforms_style_spiner_width_responsive_desktop":{"unit":"px","size":"32"},"piotnetforms_style_spiner_width_responsive_tablet":{"unit":"px","size":"32"},"piotnetforms_style_spiner_width_responsive_mobile":{"unit":"px","size":"32"},"piotnetforms_style_spiner_height_responsive_desktop":{"unit":"px","size":"32"},"piotnetforms_style_spiner_height_responsive_tablet":{"unit":"px","size":"32"},"piotnetforms_style_spiner_height_responsive_mobile":{"unit":"px","size":"32"},"piotnetforms_style_spiner_input_width_responsive_desktop":{"unit":"px","size":"20"},"piotnetforms_style_spiner_input_width_responsive_tablet":{"unit":"px","size":"20"},"piotnetforms_style_spiner_input_width_responsive_mobile":{"unit":"px","size":"20"},"piotnetforms_image_select_field_item_width_responsive_desktop":"25","piotnetforms_image_select_field_item_width_responsive_tablet":"25","piotnetforms_image_select_field_item_width_responsive_mobile":"25","piotnetforms_image_select_field_item_spacing_responsive_desktop":{"unit":"px","size":"10"},"piotnetforms_image_select_field_item_spacing_responsive_tablet":{"unit":"px","size":"10"},"piotnetforms_image_select_field_item_spacing_responsive_mobile":{"unit":"px","size":"10"},"label_animation_focus_spacing_responsive_desktop":{"unit":"px","size":"24"},"label_animation_focus_spacing_responsive_tablet":{"unit":"px","size":"24"},"label_animation_focus_spacing_responsive_mobile":{"unit":"px","size":"24"},"piotnetforms_repeater_trigger_action":"add","next_prev_multi_step_form_action":"next","multi_step_form_animation_animate":"fadeIn","conditional_visibility_roles":["all"],"conditional_visibility_date_and_time_operators":"or","conditional_visibility_action_for_date_and_time":"show","conditional_visibility_action":"show","width":"100","field_label":"Select Product","field_options":"Product A|100\nProduct B|200\nProduct C|300","field_border_type":"solid","field_border_width_responsive_desktop":{"unit":"px","top":"1","right":"1","bottom":"1","left":"1","isLinked":"1"},"field_border_color":"#cccccc","field_border_radius_responsive_desktop":{"unit":"px","top":"2","right":"2","bottom":"2","left":"2","isLinked":"1"},"send_data_by_label":"true","label_typography_font_weight":"600"}},"p21252453":{"type":"field","settings":{"field_type":"number","field_id":"quantity","form_id":"22707","msg_repassword_err":"Password don't match","country":"All","google_maps_lat":"21.028511","google_maps_lng":"105.804817","google_maps_zoom":{"unit":"px","size":"15"},"google_maps_height_responsive_desktop":{"unit":"px","size":"200"},"google_maps_height_responsive_tablet":{"unit":"px","size":"200"},"google_maps_height_responsive_mobile":{"unit":"px","size":"200"},"signature_clear_text":"Clear","signature_max_width_responsive_desktop":{"unit":"px","size":"400"},"signature_max_width_responsive_tablet":{"unit":"px","size":"400"},"signature_max_width_responsive_mobile":{"unit":"px","size":"400"},"signature_height_responsive_desktop":{"unit":"px","size":"200"},"signature_height_responsive_tablet":{"unit":"px","size":"200"},"signature_height_responsive_mobile":{"unit":"px","size":"200"},"field_label_show":"true","field_label_inline_width_responsive_desktop":{"unit":"%","size":"10"},"field_label_inline_width_responsive_tablet":{"unit":"%","size":"10"},"field_label_inline_width_responsive_mobile":{"unit":"%","size":"10"},"piotnetforms_style_checkbox_type":"native","stripe_font_size":{"unit":"px","size":"16"},"stripe_custom_style":"{\"base\":{\"color\":\"#303238\",\"fontSize\":\"16px\",\"fontFamily\":\"\\\"Open Sans\\\", sans-serif\",\"fontSmoothing\":\"antialiased\",\"::placeholder\":{\"color\":\"#CFD7DF\"}},\"invalid\":{\"color\":\"#e5424d\",\":focus\":{\"color\":\"#303238\"}}}","field_taxonomy_slug":"category","terms_select_type":"select","file_sizes":"1","file_sizes_message":"File size must be less than 1MB","file_types_message":"Please enter a value with a valid mimetype.","rows":"4","min_select_required_message":"Please select the minimum number of images.","recaptcha_size":"normal","recaptcha_style":"light","date_format":"F j, Y","date_language":"english","time_format":"h:i K","time_minute_increment":"5","piotnetforms_range_slider_field_options":"skin: \"round\", type: \"double\", grid: true, min: 0, max: 1000, from: 200, to: 800, prefix: \"$\"","piotnetforms_calculated_fields_form_distance_calculation_unit":"km","piotnetforms_calculated_fields_form_calculation_rounding_decimals":"2","piotnetforms_calculated_fields_form_calculation_rounding_decimals_decimals_symbol":".","piotnetforms_calculated_fields_form_calculation_rounding_decimals_seperators_symbol":",","field_pattern":"[0-9()#&+*-=.]+","iban_invalid_message":"This BBAN is invalid.","field_autocomplete":"true","shortcode":"[field id=\"p21252453\"]","live_preview_code":"<span data-piotnetforms-live-preview=\"p21252453\"><\/span>","live_preview_image_width":"150","live_preview_image_height":"150","field_icon_type":"font_awesome","piotnetforms_conditional_logic_form_speed":"400","piotnetforms_conditional_logic_form_easing":"swing","piotnetforms_style_checkbox_button_icon_position":"relative","piotnetforms_style_checkbox_button_icon_position_absolute_top_responsive_desktop":"auto","piotnetforms_style_checkbox_button_icon_position_absolute_top_responsive_tablet":"auto","piotnetforms_style_checkbox_button_icon_position_absolute_top_responsive_mobile":"auto","piotnetforms_style_checkbox_button_icon_position_absolute_right_responsive_desktop":"auto","piotnetforms_style_checkbox_button_icon_position_absolute_right_responsive_tablet":"auto","piotnetforms_style_checkbox_button_icon_position_absolute_right_responsive_mobile":"auto","piotnetforms_style_checkbox_button_icon_position_absolute_bottom_responsive_desktop":"auto","piotnetforms_style_checkbox_button_icon_position_absolute_bottom_responsive_tablet":"auto","piotnetforms_style_checkbox_button_icon_position_absolute_bottom_responsive_mobile":"auto","piotnetforms_style_checkbox_button_icon_position_absolute_left_responsive_desktop":"auto","piotnetforms_style_checkbox_button_icon_position_absolute_left_responsive_tablet":"auto","piotnetforms_style_checkbox_button_icon_position_absolute_left_responsive_mobile":"auto","piotnetforms_style_checkbox_item_width_type":"auto","piotnetforms_style_checkbox_replacement_icon_type":"font_awesome","piotnetforms_style_checkbox_square_size_responsive_desktop":{"unit":"px","size":"18"},"piotnetforms_style_checkbox_square_size_responsive_tablet":{"unit":"px","size":"18"},"piotnetforms_style_checkbox_square_size_responsive_mobile":{"unit":"px","size":"18"},"piotnetforms_style_checkbox_square_border_width":{"unit":"px","size":"1"},"piotnetforms_style_checkbox_square_border_color":"#000000","piotnetforms_style_checkbox_square_background_color":"#000000","piotnetforms_style_checkbox_square_spacing_responsive_desktop":{"unit":"px","size":"30"},"piotnetforms_style_checkbox_square_spacing_responsive_tablet":{"unit":"px","size":"30"},"piotnetforms_style_checkbox_square_spacing_responsive_mobile":{"unit":"px","size":"30"},"piotnetforms_style_spiner_width_responsive_desktop":{"unit":"px","size":"32"},"piotnetforms_style_spiner_width_responsive_tablet":{"unit":"px","size":"32"},"piotnetforms_style_spiner_width_responsive_mobile":{"unit":"px","size":"32"},"piotnetforms_style_spiner_height_responsive_desktop":{"unit":"px","size":"32"},"piotnetforms_style_spiner_height_responsive_tablet":{"unit":"px","size":"32"},"piotnetforms_style_spiner_height_responsive_mobile":{"unit":"px","size":"32"},"piotnetforms_style_spiner_input_width_responsive_desktop":{"unit":"px","size":"20"},"piotnetforms_style_spiner_input_width_responsive_tablet":{"unit":"px","size":"20"},"piotnetforms_style_spiner_input_width_responsive_mobile":{"unit":"px","size":"20"},"piotnetforms_image_select_field_item_width_responsive_desktop":"25","piotnetforms_image_select_field_item_width_responsive_tablet":"25","piotnetforms_image_select_field_item_width_responsive_mobile":"25","piotnetforms_image_select_field_item_spacing_responsive_desktop":{"unit":"px","size":"10"},"piotnetforms_image_select_field_item_spacing_responsive_tablet":{"unit":"px","size":"10"},"piotnetforms_image_select_field_item_spacing_responsive_mobile":{"unit":"px","size":"10"},"label_animation_focus_spacing_responsive_desktop":{"unit":"px","size":"24"},"label_animation_focus_spacing_responsive_tablet":{"unit":"px","size":"24"},"label_animation_focus_spacing_responsive_mobile":{"unit":"px","size":"24"},"piotnetforms_repeater_trigger_action":"add","next_prev_multi_step_form_action":"next","multi_step_form_animation_animate":"fadeIn","conditional_visibility_roles":["all"],"conditional_visibility_date_and_time_operators":"or","conditional_visibility_action_for_date_and_time":"show","conditional_visibility_action":"show","width":"100","field_label":"Quantity","field_min":"1","field_border_type":"solid","field_border_width_responsive_desktop":{"unit":"px","top":"1","right":"1","bottom":"1","left":"1","isLinked":"1"},"field_border_color":"#ccc","field_border_radius_responsive_desktop":{"unit":"px","top":"2","right":"2","bottom":"2","left":"2","isLinked":"1"},"label_typography_font_weight":"600"}},"p60413332":{"type":"field","settings":{"field_type":"calculated_fields","field_id":"price","form_id":"22707","msg_repassword_err":"Password don't match","country":"All","google_maps_lat":"21.028511","google_maps_lng":"105.804817","google_maps_zoom":{"unit":"px","size":"15"},"google_maps_height_responsive_desktop":{"unit":"px","size":"200"},"google_maps_height_responsive_tablet":{"unit":"px","size":"200"},"google_maps_height_responsive_mobile":{"unit":"px","size":"200"},"signature_clear_text":"Clear","signature_max_width_responsive_desktop":{"unit":"px","size":"400"},"signature_max_width_responsive_tablet":{"unit":"px","size":"400"},"signature_max_width_responsive_mobile":{"unit":"px","size":"400"},"signature_height_responsive_desktop":{"unit":"px","size":"200"},"signature_height_responsive_tablet":{"unit":"px","size":"200"},"signature_height_responsive_mobile":{"unit":"px","size":"200"},"field_label_show":"true","field_label_inline_width_responsive_desktop":{"unit":"%","size":"10"},"field_label_inline_width_responsive_tablet":{"unit":"%","size":"10"},"field_label_inline_width_responsive_mobile":{"unit":"%","size":"10"},"piotnetforms_style_checkbox_type":"native","stripe_font_size":{"unit":"px","size":"16"},"stripe_custom_style":"{\"base\":{\"color\":\"#303238\",\"fontSize\":\"16px\",\"fontFamily\":\"\\\"Open Sans\\\", sans-serif\",\"fontSmoothing\":\"antialiased\",\"::placeholder\":{\"color\":\"#CFD7DF\"}},\"invalid\":{\"color\":\"#e5424d\",\":focus\":{\"color\":\"#303238\"}}}","field_taxonomy_slug":"category","terms_select_type":"select","file_sizes":"1","file_sizes_message":"File size must be less than 1MB","file_types_message":"Please enter a value with a valid mimetype.","rows":"4","min_select_required_message":"Please select the minimum number of images.","recaptcha_size":"normal","recaptcha_style":"light","date_format":"F j, Y","date_language":"english","time_format":"h:i K","time_minute_increment":"5","piotnetforms_range_slider_field_options":"skin: \"round\", type: \"double\", grid: true, min: 0, max: 1000, from: 200, to: 800, prefix: \"$\"","piotnetforms_calculated_fields_form_distance_calculation_unit":"km","piotnetforms_calculated_fields_form_calculation_rounding_decimals":"2","piotnetforms_calculated_fields_form_calculation_rounding_decimals_decimals_symbol":".","piotnetforms_calculated_fields_form_calculation_rounding_decimals_seperators_symbol":",","field_pattern":"[0-9()#&+*-=.]+","iban_invalid_message":"This BBAN is invalid.","field_autocomplete":"true","shortcode":"[field id=\"p60413332\"]","live_preview_code":"<span data-piotnetforms-live-preview=\"p60413332\"><\/span>","live_preview_image_width":"150","live_preview_image_height":"150","field_icon_type":"font_awesome","piotnetforms_conditional_logic_form_speed":"400","piotnetforms_conditional_logic_form_easing":"swing","piotnetforms_style_checkbox_button_icon_position":"relative","piotnetforms_style_checkbox_button_icon_position_absolute_top_responsive_desktop":"auto","piotnetforms_style_checkbox_button_icon_position_absolute_top_responsive_tablet":"auto","piotnetforms_style_checkbox_button_icon_position_absolute_top_responsive_mobile":"auto","piotnetforms_style_checkbox_button_icon_position_absolute_right_responsive_desktop":"auto","piotnetforms_style_checkbox_button_icon_position_absolute_right_responsive_tablet":"auto","piotnetforms_style_checkbox_button_icon_position_absolute_right_responsive_mobile":"auto","piotnetforms_style_checkbox_button_icon_position_absolute_bottom_responsive_desktop":"auto","piotnetforms_style_checkbox_button_icon_position_absolute_bottom_responsive_tablet":"auto","piotnetforms_style_checkbox_button_icon_position_absolute_bottom_responsive_mobile":"auto","piotnetforms_style_checkbox_button_icon_position_absolute_left_responsive_desktop":"auto","piotnetforms_style_checkbox_button_icon_position_absolute_left_responsive_tablet":"auto","piotnetforms_style_checkbox_button_icon_position_absolute_left_responsive_mobile":"auto","piotnetforms_style_checkbox_item_width_type":"auto","piotnetforms_style_checkbox_replacement_icon_type":"font_awesome","piotnetforms_style_checkbox_square_size_responsive_desktop":{"unit":"px","size":"18"},"piotnetforms_style_checkbox_square_size_responsive_tablet":{"unit":"px","size":"18"},"piotnetforms_style_checkbox_square_size_responsive_mobile":{"unit":"px","size":"18"},"piotnetforms_style_checkbox_square_border_width":{"unit":"px","size":"1"},"piotnetforms_style_checkbox_square_border_color":"#000000","piotnetforms_style_checkbox_square_background_color":"#000000","piotnetforms_style_checkbox_square_spacing_responsive_desktop":{"unit":"px","size":"30"},"piotnetforms_style_checkbox_square_spacing_responsive_tablet":{"unit":"px","size":"30"},"piotnetforms_style_checkbox_square_spacing_responsive_mobile":{"unit":"px","size":"30"},"piotnetforms_style_spiner_width_responsive_desktop":{"unit":"px","size":"32"},"piotnetforms_style_spiner_width_responsive_tablet":{"unit":"px","size":"32"},"piotnetforms_style_spiner_width_responsive_mobile":{"unit":"px","size":"32"},"piotnetforms_style_spiner_height_responsive_desktop":{"unit":"px","size":"32"},"piotnetforms_style_spiner_height_responsive_tablet":{"unit":"px","size":"32"},"piotnetforms_style_spiner_height_responsive_mobile":{"unit":"px","size":"32"},"piotnetforms_style_spiner_input_width_responsive_desktop":{"unit":"px","size":"20"},"piotnetforms_style_spiner_input_width_responsive_tablet":{"unit":"px","size":"20"},"piotnetforms_style_spiner_input_width_responsive_mobile":{"unit":"px","size":"20"},"piotnetforms_image_select_field_item_width_responsive_desktop":"25","piotnetforms_image_select_field_item_width_responsive_tablet":"25","piotnetforms_image_select_field_item_width_responsive_mobile":"25","piotnetforms_image_select_field_item_spacing_responsive_desktop":{"unit":"px","size":"10"},"piotnetforms_image_select_field_item_spacing_responsive_tablet":{"unit":"px","size":"10"},"piotnetforms_image_select_field_item_spacing_responsive_mobile":{"unit":"px","size":"10"},"label_animation_focus_spacing_responsive_desktop":{"unit":"px","size":"24"},"label_animation_focus_spacing_responsive_tablet":{"unit":"px","size":"24"},"label_animation_focus_spacing_responsive_mobile":{"unit":"px","size":"24"},"piotnetforms_repeater_trigger_action":"add","next_prev_multi_step_form_action":"next","multi_step_form_animation_animate":"fadeIn","conditional_visibility_roles":["all"],"conditional_visibility_date_and_time_operators":"or","conditional_visibility_action_for_date_and_time":"show","conditional_visibility_action":"show","width":"100","field_label":"Price","piotnetforms_calculated_fields_form_calculation":"[field id=\"product\"]*[field id=\"quantity\"]","piotnetforms_calculated_fields_form_before":"$","label_typography_font_weight":"600"}},"p33266414":{"type":"submit","settings":{"form_id":"22707","text":"Submit","icon_align":"left","icon_indent":{"unit":"px","size":"10"},"icon_size":{"unit":"px","size":"12"},"submit_actions":["email"],"email_subject":"New message from \"Piotnet Forms\"","email_content":"[all-fields]","email_from_name":"Piotnet Forms","form_metadata":["date","time","page_url","user_agent","remote_ip"],"email_content_type":"plain","email_to_2":"","email_subject_2":"New message from \"Piotnet Forms\"","email_content_2":"[all-fields]","email_from_2":"email@piotnetforms.com","email_from_name_2":"Piotnet Forms","email_content_type_2":"plain","register_role":"subscriber","register_password_confirm_message":"Wrong Password","submit_post_type":"post","submit_post_status":"publish","submit_post_custom_field_source":"post_custom_field","piotnetforms_stripe_currency":"USD","piotnetforms_stripe_subscriptions_product_name":"Piotnet Forms","piotnetforms_stripe_status_succeeded":"succeeded","piotnetforms_stripe_status_pending":"pending","piotnetforms_stripe_status_failed":"failed","piotnetforms_stripe_message_succeeded":"Payment success","piotnetforms_stripe_message_pending":"Payment pending","piotnetforms_stripe_message_failed":"Payment failed","paypal_currency":"USD","webhooks_advanced_data":"true","mailchimp_api_key_source_v3":"default","mailchimp_acceptance_enable_v3":"yes","mailerlite_api_key_source_v2":"default","sendinblue_api_key_source":"default","getresponse_api_key_source":"default","mailpoet_acceptance_field":"yes","activecampaign_api_key_source":"default","activecampaign_list":"1","convertkit_api_key_source":"default","convertkit_acceptance_field":"yes","google_calendar_date_type":"date","google_calendar_remind_method":"email","piotnetforms_hubspot_acceptance_field":"yes","slack_message":"[all-fields]","slack_color":"#2eb886","whatsapp_message":"[all-fields]","twilio_sms_message":"[all-fields]","pdfgenerator_size":"a4","pdfgenerator_font_family":"default","pdfgenerator_title_text_align":"left","pdfgenerator_title_font_size":{"unit":"px","size":"10"},"pdfgenerator_font_size":{"unit":"px","size":"10"},"pdfgenerator_color":"rgba(0, 0, 0, 1)","pdfgenerator_background_image_enable":"yes","pdfgenerator_heading_field_mapping_font_size":{"unit":"px","size":"12"},"pdfgenerator_heading_field_mapping_color":"rgba(0, 0, 0, 1)","pdfgenerator_heading_field_mapping_text_align":"left","success_message":"The form was sent successfully.","error_message":"An error occured.","required_field_message":"This field is required.","invalid_message":"There's something wrong. The form is invalid.","piotnetforms_limit_entries_custom_message":"Your contents have not been sent yet. The Form will be opened soon.","piotnetforms_conditional_logic_form_speed":"400","piotnetforms_conditional_logic_form_easing":"swing","piotnetforms_repeater_trigger_action":"add","next_prev_multi_step_form_action":"next","multi_step_form_animation_animate":"fadeIn","conditional_visibility_roles":["all"],"conditional_visibility_date_and_time_operators":"or","conditional_visibility_action_for_date_and_time":"show","conditional_visibility_action":"show"}}},"content":[{"id":"p27946711","class_name":"Piotnetforms_Field"},{"id":"p21252453","class_name":"Piotnetforms_Field"},{"id":"p60413332","class_name":"Piotnetforms_Field"},{"id":"p33266414","class_name":"Piotnetforms_Submit"}],"css":".piotnetforms-22707{max-width: 600px;} #piotnetforms .p27946711 .piotnetforms-label-inline{width: 10%;}#piotnetforms .p27946711 .piotnetforms-field-inline{width: calc(100% - 10%)}@media (max-width:1025px) {#piotnetforms .p27946711 .piotnetforms-label-inline{width: 10%;}}@media (max-width:1025px) {#piotnetforms .p27946711 .piotnetforms-field-inline{width: calc(100% - 10%)}}@media (max-width:767px) {#piotnetforms .p27946711 .piotnetforms-label-inline{width: 10%;}}@media (max-width:767px) {#piotnetforms .p27946711 .piotnetforms-field-inline{width: calc(100% - 10%)}}#piotnetforms .p27946711.piotnetforms-label-animation.piotnetforms-label-animated label{transform: translate3d(0,-24px,10px);}@media (max-width:1025px) {#piotnetforms .p27946711.piotnetforms-label-animation.piotnetforms-label-animated label{transform: translate3d(0,-24px,10px);}}@media (max-width:767px) {#piotnetforms .p27946711.piotnetforms-label-animation.piotnetforms-label-animated label{transform: translate3d(0,-24px,10px);}}#piotnetforms .p27946711 .piotnetforms-field-group > label{font-weight:600}#piotnetforms .p27946711 .piotnetforms-field-group:not(.piotnetforms-field-type-upload) .piotnetforms-field:not(.piotnetforms-select-wrapper){border-style: solid;}#piotnetforms .p27946711 .piotnetforms-field-group:not(.piotnetforms-field-type-upload) .piotnetforms-field .piotnetforms-field-textual{border-style: solid;}#piotnetforms .p27946711 .piotnetforms-field-group:not(.piotnetforms-field-type-upload) .piotnetforms-field .piotnetforms-field-textual .selectize-input{border-style: solid;}#piotnetforms .p27946711 .piotnetforms-field-group:not(.piotnetforms-field-type-upload) .piotnetforms-field .selectize-control .selectize-dropdown{border-style: solid;}#piotnetforms .p27946711 .piotnetforms-signature canvas{border-style: solid;}#piotnetforms .p27946711 .piotnetforms-field-group:not(.piotnetforms-field-type-upload) .piotnetforms-field:not(.piotnetforms-select-wrapper){border-width: 1px 1px 1px 1px;}#piotnetforms .p27946711 .piotnetforms-field-group:not(.piotnetforms-field-type-upload) .piotnetforms-field .piotnetforms-field-textual{border-width: 1px 1px 1px 1px;}#piotnetforms .p27946711 .piotnetforms-field-group:not(.piotnetforms-field-type-upload) .piotnetforms-field .piotnetforms-field-textual .selectize-input{border-width: 1px 1px 1px 1px;}#piotnetforms .p27946711 .piotnetforms-field-group:not(.piotnetforms-field-type-upload) .piotnetforms-field .selectize-control .selectize-dropdown{border-width: 1px 1px 1px 1px;}#piotnetforms .p27946711 .piotnetforms-signature canvas{border-width: 1px 1px 1px 1px;}#piotnetforms .p27946711 .piotnetforms-field-group:not(.piotnetforms-field-type-upload) .piotnetforms-field:not(.piotnetforms-select-wrapper){border-color: #cccccc;}#piotnetforms .p27946711 .piotnetforms-field-group:not(.piotnetforms-field-type-upload) .piotnetforms-field .piotnetforms-field-textual{border-color: #cccccc;}#piotnetforms .p27946711 .piotnetforms-field-group:not(.piotnetforms-field-type-upload) .piotnetforms-field .piotnetforms-field-textual .selectize-input{border-color: #cccccc;}#piotnetforms .p27946711 .piotnetforms-field-group:not(.piotnetforms-field-type-upload) .piotnetforms-field .selectize-control .selectize-dropdown{border-color: #cccccc;}#piotnetforms .p27946711 .piotnetforms-signature canvas{border-color: #cccccc;}#piotnetforms .p27946711 .piotnetforms-field-group:not(.piotnetforms-field-type-upload) .piotnetforms-field:not(.piotnetforms-select-wrapper){border-radius: 2px 2px 2px 2px;}#piotnetforms .p27946711 .piotnetforms-field-group .piotnetforms-select-wrapper select{border-radius: 2px 2px 2px 2px;}#piotnetforms .p27946711 .piotnetforms-field-group .piotnetforms-select-wrapper .piotnetforms-field-textual{border-radius: 2px 2px 2px 2px;}#piotnetforms .p27946711 .piotnetforms-field-group .piotnetforms-select-wrapper .piotnetforms-field-textual .selectize-input{border-radius: 2px 2px 2px 2px;}#piotnetforms .p27946711 .piotnetforms-field-group .piotnetforms-select-wrapper .selectize-control .selectize-dropdown .selectize-dropdown-content{border-radius: 2px 2px 2px 2px;}#piotnetforms .p27946711 .piotnetforms-signature canvas{border-radius: 2px 2px 2px 2px;} #piotnetforms .p21252453 .piotnetforms-label-inline{width: 10%;}#piotnetforms .p21252453 .piotnetforms-field-inline{width: calc(100% - 10%)}@media (max-width:1025px) {#piotnetforms .p21252453 .piotnetforms-label-inline{width: 10%;}}@media (max-width:1025px) {#piotnetforms .p21252453 .piotnetforms-field-inline{width: calc(100% - 10%)}}@media (max-width:767px) {#piotnetforms .p21252453 .piotnetforms-label-inline{width: 10%;}}@media (max-width:767px) {#piotnetforms .p21252453 .piotnetforms-field-inline{width: calc(100% - 10%)}}#piotnetforms .p21252453 [data-piotnetforms-spiner] button{width: 32px;}@media (max-width:1025px) {#piotnetforms .p21252453 [data-piotnetforms-spiner] button{width: 32px;}}@media (max-width:767px) {#piotnetforms .p21252453 [data-piotnetforms-spiner] button{width: 32px;}}#piotnetforms .p21252453 [data-piotnetforms-spiner] button{height: 32px;}@media (max-width:1025px) {#piotnetforms .p21252453 [data-piotnetforms-spiner] button{height: 32px;}}@media (max-width:767px) {#piotnetforms .p21252453 [data-piotnetforms-spiner] button{height: 32px;}}#piotnetforms .p21252453 [data-piotnetforms-spiner] .nice-number input{width: 20px!important;}@media (max-width:1025px) {#piotnetforms .p21252453 [data-piotnetforms-spiner] .nice-number input{width: 20px!important;}}@media (max-width:767px) {#piotnetforms .p21252453 [data-piotnetforms-spiner] .nice-number input{width: 20px!important;}}#piotnetforms .p21252453.piotnetforms-label-animation.piotnetforms-label-animated label{transform: translate3d(0,-24px,10px);}@media (max-width:1025px) {#piotnetforms .p21252453.piotnetforms-label-animation.piotnetforms-label-animated label{transform: translate3d(0,-24px,10px);}}@media (max-width:767px) {#piotnetforms .p21252453.piotnetforms-label-animation.piotnetforms-label-animated label{transform: translate3d(0,-24px,10px);}}#piotnetforms .p21252453 .piotnetforms-field-group > label{font-weight:600}#piotnetforms .p21252453 .piotnetforms-field-group:not(.piotnetforms-field-type-upload) .piotnetforms-field:not(.piotnetforms-select-wrapper){border-style: solid;}#piotnetforms .p21252453 .piotnetforms-field-group:not(.piotnetforms-field-type-upload) .piotnetforms-field .piotnetforms-field-textual{border-style: solid;}#piotnetforms .p21252453 .piotnetforms-field-group:not(.piotnetforms-field-type-upload) .piotnetforms-field .piotnetforms-field-textual .selectize-input{border-style: solid;}#piotnetforms .p21252453 .piotnetforms-field-group:not(.piotnetforms-field-type-upload) .piotnetforms-field .selectize-control .selectize-dropdown{border-style: solid;}#piotnetforms .p21252453 .piotnetforms-signature canvas{border-style: solid;}#piotnetforms .p21252453 .piotnetforms-field-group:not(.piotnetforms-field-type-upload) .piotnetforms-field:not(.piotnetforms-select-wrapper){border-width: 1px 1px 1px 1px;}#piotnetforms .p21252453 .piotnetforms-field-group:not(.piotnetforms-field-type-upload) .piotnetforms-field .piotnetforms-field-textual{border-width: 1px 1px 1px 1px;}#piotnetforms .p21252453 .piotnetforms-field-group:not(.piotnetforms-field-type-upload) .piotnetforms-field .piotnetforms-field-textual .selectize-input{border-width: 1px 1px 1px 1px;}#piotnetforms .p21252453 .piotnetforms-field-group:not(.piotnetforms-field-type-upload) .piotnetforms-field .selectize-control .selectize-dropdown{border-width: 1px 1px 1px 1px;}#piotnetforms .p21252453 .piotnetforms-signature canvas{border-width: 1px 1px 1px 1px;}#piotnetforms .p21252453 .piotnetforms-field-group:not(.piotnetforms-field-type-upload) .piotnetforms-field:not(.piotnetforms-select-wrapper){border-color: #ccc;}#piotnetforms .p21252453 .piotnetforms-field-group:not(.piotnetforms-field-type-upload) .piotnetforms-field .piotnetforms-field-textual{border-color: #ccc;}#piotnetforms .p21252453 .piotnetforms-field-group:not(.piotnetforms-field-type-upload) .piotnetforms-field .piotnetforms-field-textual .selectize-input{border-color: #ccc;}#piotnetforms .p21252453 .piotnetforms-field-group:not(.piotnetforms-field-type-upload) .piotnetforms-field .selectize-control .selectize-dropdown{border-color: #ccc;}#piotnetforms .p21252453 .piotnetforms-signature canvas{border-color: #ccc;}#piotnetforms .p21252453 .piotnetforms-field-group:not(.piotnetforms-field-type-upload) .piotnetforms-field:not(.piotnetforms-select-wrapper){border-radius: 2px 2px 2px 2px;}#piotnetforms .p21252453 .piotnetforms-field-group .piotnetforms-select-wrapper select{border-radius: 2px 2px 2px 2px;}#piotnetforms .p21252453 .piotnetforms-field-group .piotnetforms-select-wrapper .piotnetforms-field-textual{border-radius: 2px 2px 2px 2px;}#piotnetforms .p21252453 .piotnetforms-field-group .piotnetforms-select-wrapper .piotnetforms-field-textual .selectize-input{border-radius: 2px 2px 2px 2px;}#piotnetforms .p21252453 .piotnetforms-field-group .piotnetforms-select-wrapper .selectize-control .selectize-dropdown .selectize-dropdown-content{border-radius: 2px 2px 2px 2px;}#piotnetforms .p21252453 .piotnetforms-signature canvas{border-radius: 2px 2px 2px 2px;} #piotnetforms .p60413332 .piotnetforms-label-inline{width: 10%;}#piotnetforms .p60413332 .piotnetforms-field-inline{width: calc(100% - 10%)}@media (max-width:1025px) {#piotnetforms .p60413332 .piotnetforms-label-inline{width: 10%;}}@media (max-width:1025px) {#piotnetforms .p60413332 .piotnetforms-field-inline{width: calc(100% - 10%)}}@media (max-width:767px) {#piotnetforms .p60413332 .piotnetforms-label-inline{width: 10%;}}@media (max-width:767px) {#piotnetforms .p60413332 .piotnetforms-field-inline{width: calc(100% - 10%)}}#piotnetforms .p60413332.piotnetforms-label-animation.piotnetforms-label-animated label{transform: translate3d(0,-24px,10px);}@media (max-width:1025px) {#piotnetforms .p60413332.piotnetforms-label-animation.piotnetforms-label-animated label{transform: translate3d(0,-24px,10px);}}@media (max-width:767px) {#piotnetforms .p60413332.piotnetforms-label-animation.piotnetforms-label-animated label{transform: translate3d(0,-24px,10px);}}#piotnetforms .p60413332 .piotnetforms-field-group > label{font-weight:600} #piotnetforms .p33266414 .piotnetforms-align-icon-right{margin-left: 10px;}#piotnetforms .p33266414 .piotnetforms-align-icon-left{margin-right: 10px;}#piotnetforms .p33266414 .piotnetforms-button-icon{font-size: 12px;} "}