{
	"post_title": "Single Service Booking Form",
	"post_content": "<!-- wp:madx-forms\/hidden-field {\"name\":\"service_id\"} \/-->\n\n<!-- wp:madx-forms\/text-field {\"field_type\":\"email\",\"label\":\"User e-mail\",\"name\":\"user_email\",\"className\":\" madx-sm-gb-wrapper madx-sm-gb-8ac0fc85-0c2b-46a3-aca0-7c152780d671\",\"blockID\":\"madx-sm-gb-8ac0fc85-0c2b-46a3-aca0-7c152780d671\"} \/-->\n\n<!-- wp:madx-forms\/appointment-date {\"appointment_service_field\":\"current_post_id\",\"name\":\"appointment_date\",\"className\":\" madx-sm-gb-wrapper madx-sm-gb-d215aaba-c4f6-465c-bb65-c1a1e98e6b6f\",\"blockID\":\"madx-sm-gb-d215aaba-c4f6-465c-bb65-c1a1e98e6b6f\"} \/-->\n\n<!-- wp:madx-forms\/submit-field \/-->",
	"meta_input": {
		"_jf_actions": "[{\"type\":\"insert_appointment\",\"id\":8591,\"settings\":{\"insert_appointment\":{\"appointment_service_field\":\"service_id\",\"appointment_provider_field\":\"_manual_input\",\"appointment_date_field\":\"appointment_date\",\"appointment_email_field\":\"user_email\"}}}]"
	}
}