{
	"post_title": "Static Page Booking Form",
	"post_content": "<!-- wp:madx-forms\/hidden-field {\"name\":\"page_id\"} \/-->\n\n<!-- wp:madx-forms\/select-field {\"field_options_from\":\"posts\",\"field_options_post_type\":\"service-post-type\",\"label\":\"Select service\",\"name\":\"service_id\",\"className\":\" madx-sm-gb-wrapper madx-sm-gb-7dad3ede-9579-402d-8394-dad850994180\",\"blockID\":\"madx-sm-gb-7dad3ede-9579-402d-8394-dad850994180\"} \/-->\n\n<!-- wp:madx-forms\/appointment-provider {\"appointment_service_field\":\"form_field\",\"appointment_form_field\":\"service_id\",\"label\":\" Select provider\",\"name\":\"provider_id\",\"className\":\" madx-sm-gb-wrapper madx-sm-gb-cbf85570-fbe8-4306-9d1e-fc15ddbde916\",\"blockID\":\"madx-sm-gb-cbf85570-fbe8-4306-9d1e-fc15ddbde916\"} \/-->\n\n<!-- wp:madx-forms\/appointment-date {\"appointment_service_field\":\"form_field\",\"appointment_form_field\":\"service_id\",\"appointment_provider_field\":\"form_field\",\"appointment_provider_form_field\":\"provider_id\",\"name\":\"appointment_date\",\"className\":\" madx-sm-gb-wrapper madx-sm-gb-d215aaba-c4f6-465c-bb65-c1a1e98e6b6f\",\"blockID\":\"madx-sm-gb-d215aaba-c4f6-465c-bb65-c1a1e98e6b6f\"} \/-->\n\n<!-- wp:madx-forms\/text-field {\"field_type\":\"email\",\"label\":\"User e-mail\",\"name\":\"user_email\",\"className\":\" madx-sm-gb-wrapper madx-sm-gb-8ac0fc85-0c2b-46a3-aca0-7c152780d671\",\"blockID\":\"madx-sm-gb-8ac0fc85-0c2b-46a3-aca0-7c152780d671\"} \/-->\n\n<!-- wp:madx-forms\/submit-field {\"className\":\" madx-sm-gb-wrapper madx-sm-gb-cc931e40-12f8-4915-8cef-3a7477c137a6\",\"blockID\":\"madx-sm-gb-cc931e40-12f8-4915-8cef-3a7477c137a6\"} \/-->",
	"meta_input": {
		"_jf_actions": "[{\"type\":\"insert_appointment\",\"id\":8591,\"settings\":{\"insert_appointment\":{\"appointment_service_field\":\"service_id\",\"appointment_provider_field\":\"provider_id\",\"appointment_date_field\":\"appointment_date\",\"appointment_email_field\":\"user_email\"}}}]"
	}
}