<wpml-config>
  <admin-texts>
    <key name="userpro">
      <key name="userpro_invite_emails_template"/>
      <key name="slug_logout"/>
      <key name="slug_directory"/>
      <key name="slug"/>
      <key name="slug_edit"/>
      <key name="slug_register"/>
      <key name="slug_login"/>
      <key name="slug_connections"/>
      <key name="roles_can_view_profiles"/>
      <key name="modstate_social"/>
      <key name="modstate_online"/>
      <key name="modstate_showoffline"/>
      <key name="hide_online_admin"/>
      <key name="ppfix"/>
      <key name="pimg"/>
      <key name="disable_activity_log"/>
      <key name="allow_dash_display_name"/>
      <key name="use_relative"/>
      <key name="picture_save_method"/>
      <key name="rtl"/>
      <key name="users_can_register"/>
      <key name="users_approve"/>
      <key name="permalink_type"/>
      <key name="user_display_name"/>
      <key name="date_format"/>
      <key name="date_to_age"/>
      <key name="user_display_name_key"/>
      <key name="hidden_from_view"/>
      <key name="unverify_on_namechange"/>
      <key name="verified_badge_by_name"/>
      <key name="verified_link"/>
      <key name="instant_publish_roles"/>
      <key name="lightbox"/>
      <key name="max_file_size"/>
      <key name="aspect_ratio"/>
      <key name="googlefont"/>
      <key name="customfont"/>
      <key name="width"/>
      <key name="skin"/>
      <key name="thumb_style"/>
      <key name="profile_lightbox"/>
      <key name="layout"/>
      <key name="field_icons"/>
      <key name="hide_admin_bar"/>
      <key name="heading_light"/>
      <key name="max_field_length_active"/>
      <key name="max_field_length"/>
      <key name="max_field_length_include"/>
      <key name="phonefields"/>
      <key name="phonefields_regex"/>
      <key name="allow_guests_view_profiles"/>
      <key name="allow_users_view_profiles"/>
      <key name="allow_users_verify_request"/>
      <key name="user_can_delete_profile"/>
      <key name="use_default_avatars"/>
      <key name="admin_user_notices"/>
      <key name="show_user_notices_him"/>
      <key name="show_user_notices"/>
      <key name="show_flag_in_profile"/>
      <key name="show_flag_in_badges"/>
      <key name="userpro_panic_key"/>
      <key name="allow_dashboard_for_these_roles"/>
      <key name="backend_users_change"/>
      <key name="redirect_author_to_profile"/>
      <key name="dashboard_redirect_users"/>
      <key name="dashboard_redirect_users_url"/>
      <key name="profile_redirect_users"/>
      <key name="profile_redirect_users_url"/>
      <key name="register_redirect_users"/>
      <key name="register_redirect_users_url"/>
      <key name="login_redirect_users"/>
      <key name="login_redirect_users_url"/>
      <key name="show_logout_login"/>
      <key name="after_login"/>
      <key name="show_admin_after_login"/>
      <key name="show_logout_register"/>
      <key name="after_register_autologin"/>
      <key name="after_register"/>
      <key name="default_role"/>
      <key name="allowed_roles"/>
      <key name="terms_agree"/>
      <key name="terms_agree_text"/>
      <key name="logout_uri"/>
      <key name="logout_uri_custom"/>
      <key name="reset_admin_pass"/>
      <key name="facebook_connect"/>
      <key name="facebook_app_id"/>
      <key name="facebook_publish_autopost"/>
      <key name="facebook_publish_autopost_name"/>
      <key name="facebook_publish_autopost_caption"/>
      <key name="facebook_publish_autopost_body"/>
      <key name="facebook_publish_autopost_description"/>
      <key name="facebook_publish_autopost_link"/>
      <key name="facebook_follow_autopost"/>
      <key name="facebook_follow_autopost_name"/>
      <key name="facebook_follow_autopost_caption"/>
      <key name="facebook_follow_autopost_body"/>
      <key name="facebook_follow_autopost_description"/>
      <key name="facebook_follow_autopost_link"/>
      <key name="linkedin_connect"/>
      <key name="linkedin_app_key"/>
      <key name="linkedin_Secret_Key"/>
      <key name="instagram_connect"/>
      <key name="instagram_app_key"/>
      <key name="instagram_Secret_Key"/>
      <key name="twitter_connect"/>
      <key name="twitter_consumer_key"/>
      <key name="twitter_consumer_secret"/>
      <key name="twitter_autopost"/>
      <key name="twitter_autopost_msg"/>
      <key name="twitter_signup_redirect"/>
      <key name="twitter_signin_redirect"/>
      <key name="google_connect"/>
      <key name="google_client_id"/>
      <key name="google_client_secret"/>
      <key name="google_redirect_uri"/>
      <key name="google_signup_redirect"/>
      <key name="google_signin_redirect"/>
      <key name="buddypress_userpro_link_sync"/>
      <key name="buddypress_userpro_avatar_sync"/>
      <key name="buddypress_userpro_displayname_sync"/>
      <key name="envato_api"/>
      <key name="envato_username"/>
      <key name="min_field_length_active"/>
      <key name="min_field_length"/>
      <key name="min_field_length_include"/>
    </key>
  </admin-texts>
</wpml-config>