{"title":"Label Animation","version":"1.9.15","widgets":{"p20384137":{"type":"column","settings":{"next_prev_multi_step_form_action":"next","multi_step_form_animation_animate":"fadeIn","piotnetforms_conditional_logic_form_speed_new":"400","piotnetforms_conditional_logic_form_easing_new":"swing","conditional_visibility_roles":["all"],"conditional_visibility_date_and_time_operators":"or","conditional_visibility_action_for_date_and_time":"show","conditional_visibility_action":"show","column_width_responsive_desktop":"50","advanced_padding_responsive_desktop":{"unit":"px","top":"0","right":"0","bottom":"0","left":"0","isLinked":""},"column_width_responsive_mobile":"100","flex_order_responsive_mobile":"1"}},"p99393294":{"type":"section","settings":{"section_content_width_type":"boxed","section_content_width":{"unit":"px","size":"830"},"piotnetforms_repeater_form_id":"22355","next_prev_multi_step_form_action":"next","multi_step_form_animation_animate":"fadeIn","piotnetforms_conditional_logic_form_form_id":"22355","piotnetforms_conditional_logic_form_speed_new":"400","piotnetforms_conditional_logic_form_easing_new":"swing","conditional_visibility_roles":["all"],"conditional_visibility_date_and_time_operators":"or","conditional_visibility_action_for_date_and_time":"show","conditional_visibility_action":"show","section_content_width_responsive_desktop":{"unit":"px","size":"1000"}}},"p82194138":{"type":"column","settings":{"next_prev_multi_step_form_action":"next","multi_step_form_animation_animate":"fadeIn","piotnetforms_conditional_logic_form_speed_new":"400","piotnetforms_conditional_logic_form_easing_new":"swing","conditional_visibility_roles":["all"],"conditional_visibility_date_and_time_operators":"or","conditional_visibility_action_for_date_and_time":"show","conditional_visibility_action":"show","column_width_responsive_desktop":"50","advanced_padding_responsive_desktop":{"unit":"px","top":"60","right":"60","bottom":"60","left":"60","isLinked":"1"},"align_content_responsive_desktop":"center","advanced_background_color":"rgba(250, 250, 250, 1)","advanced_padding_responsive_tablet":{"unit":"px","top":"30","right":"30","bottom":"30","left":"30","isLinked":"1"},"column_width_responsive_mobile":"100","flex_order_responsive_mobile":"0","advanced_padding_responsive_mobile":{"unit":"px","top":"20","right":"20","bottom":"20","left":"20","isLinked":"1"}}},"p65842869":{"type":"field","settings":{"field_type":"text","field_id":"name","form_id":"22355","msg_repassword_err":"Password don't match","country":"All","google_maps_lat":"21.028511","google_maps_lng":"105.804817","google_maps_zoom":{"unit":"px","size":"15"},"google_maps_height_responsive_desktop":{"unit":"px","size":"200"},"google_maps_height_responsive_tablet":{"unit":"px","size":"200"},"google_maps_height_responsive_mobile":{"unit":"px","size":"200"},"signature_clear_text":"Clear","signature_max_width_responsive_desktop":{"unit":"px","size":"400"},"signature_max_width_responsive_tablet":{"unit":"px","size":"400"},"signature_max_width_responsive_mobile":{"unit":"px","size":"400"},"signature_height_responsive_desktop":{"unit":"px","size":"200"},"signature_height_responsive_tablet":{"unit":"px","size":"200"},"signature_height_responsive_mobile":{"unit":"px","size":"200"},"field_label_show":"true","field_label_inline_width_responsive_desktop":{"unit":"%","size":"10"},"field_label_inline_width_responsive_tablet":{"unit":"%","size":"10"},"field_label_inline_width_responsive_mobile":{"unit":"%","size":"10"},"piotnetforms_style_checkbox_type":"native","stripe_font_size":{"unit":"px","size":"16"},"stripe_custom_style":"{\"base\":{\"color\":\"#303238\",\"fontSize\":\"16px\",\"fontFamily\":\"\\\"Open Sans\\\", sans-serif\",\"fontSmoothing\":\"antialiased\",\"::placeholder\":{\"color\":\"#CFD7DF\"}},\"invalid\":{\"color\":\"#e5424d\",\":focus\":{\"color\":\"#303238\"}}}","field_taxonomy_slug":"category","terms_select_type":"select","file_sizes":"1","file_sizes_message":"File size must be less than 1MB","file_types_message":"Please enter a value with a valid mimetype.","rows":"4","min_select_required_message":"Please select the minimum number of images.","recaptcha_size":"normal","recaptcha_style":"light","date_format":"F j, Y","date_language":"english","time_format":"h:i K","time_minute_increment":"5","piotnetforms_range_slider_field_options":"skin: \"round\", type: \"double\", grid: true, min: 0, max: 1000, from: 200, to: 800, prefix: \"$\"","piotnetforms_calculated_fields_form_distance_calculation_unit":"km","piotnetforms_calculated_fields_form_calculation_rounding_decimals":"2","piotnetforms_calculated_fields_form_calculation_rounding_decimals_decimals_symbol":".","piotnetforms_calculated_fields_form_calculation_rounding_decimals_seperators_symbol":",","field_pattern":"[0-9()#&+*-=.]+","iban_invalid_message":"This BBAN is invalid.","shortcode":"[field id=\"p44950496\"]","live_preview_code":"<span data-piotnetforms-live-preview=\"p44950496\"><\/span>","live_preview_image_width":"150","live_preview_image_height":"150","field_icon_type":"font_awesome","piotnetforms_conditional_logic_form_speed":"400","piotnetforms_conditional_logic_form_easing":"swing","piotnetforms_style_checkbox_button_icon_position":"relative","piotnetforms_style_checkbox_button_icon_position_absolute_top_responsive_desktop":"auto","piotnetforms_style_checkbox_button_icon_position_absolute_top_responsive_tablet":"auto","piotnetforms_style_checkbox_button_icon_position_absolute_top_responsive_mobile":"auto","piotnetforms_style_checkbox_button_icon_position_absolute_right_responsive_desktop":"auto","piotnetforms_style_checkbox_button_icon_position_absolute_right_responsive_tablet":"auto","piotnetforms_style_checkbox_button_icon_position_absolute_right_responsive_mobile":"auto","piotnetforms_style_checkbox_button_icon_position_absolute_bottom_responsive_desktop":"auto","piotnetforms_style_checkbox_button_icon_position_absolute_bottom_responsive_tablet":"auto","piotnetforms_style_checkbox_button_icon_position_absolute_bottom_responsive_mobile":"auto","piotnetforms_style_checkbox_button_icon_position_absolute_left_responsive_desktop":"auto","piotnetforms_style_checkbox_button_icon_position_absolute_left_responsive_tablet":"auto","piotnetforms_style_checkbox_button_icon_position_absolute_left_responsive_mobile":"auto","piotnetforms_style_checkbox_item_width_type":"auto","piotnetforms_style_checkbox_replacement_icon_type":"font_awesome","piotnetforms_style_checkbox_square_size":{"unit":"px","size":"18"},"piotnetforms_style_checkbox_square_border_width":{"unit":"px","size":"1"},"piotnetforms_style_checkbox_square_border_color":"#000000","piotnetforms_style_checkbox_square_background_color":"#000000","piotnetforms_style_checkbox_square_spacing":{"unit":"px","size":"30"},"piotnetforms_style_spiner_width_responsive_desktop":{"unit":"px","size":"32"},"piotnetforms_style_spiner_width_responsive_tablet":{"unit":"px","size":"32"},"piotnetforms_style_spiner_width_responsive_mobile":{"unit":"px","size":"32"},"piotnetforms_style_spiner_height_responsive_desktop":{"unit":"px","size":"32"},"piotnetforms_style_spiner_height_responsive_tablet":{"unit":"px","size":"32"},"piotnetforms_style_spiner_height_responsive_mobile":{"unit":"px","size":"32"},"piotnetforms_style_spiner_input_width_responsive_desktop":{"unit":"px","size":"20"},"piotnetforms_style_spiner_input_width_responsive_tablet":{"unit":"px","size":"20"},"piotnetforms_style_spiner_input_width_responsive_mobile":{"unit":"px","size":"20"},"piotnetforms_image_select_field_item_width_responsive_desktop":"25","piotnetforms_image_select_field_item_width_responsive_tablet":"25","piotnetforms_image_select_field_item_width_responsive_mobile":"25","piotnetforms_image_select_field_item_spacing_responsive_desktop":{"unit":"px","size":"10"},"piotnetforms_image_select_field_item_spacing_responsive_tablet":{"unit":"px","size":"10"},"piotnetforms_image_select_field_item_spacing_responsive_mobile":{"unit":"px","size":"10"},"label_animation_focus_spacing_responsive_desktop":{"unit":"px","size":"36"},"piotnetforms_repeater_trigger_action":"add","next_prev_multi_step_form_action":"next","multi_step_form_animation_animate":"fadeIn","conditional_visibility_roles":["all"],"conditional_visibility_date_and_time_operators":"or","conditional_visibility_action_for_date_and_time":"show","conditional_visibility_action":"show","width":"100","field_label":"Name","field_border_type":"solid","field_border_width_responsive_desktop":{"unit":"px","top":"0","right":"0","bottom":"1","left":"0","isLinked":""},"field_border_radius_responsive_desktop":{"unit":"px","top":"0","right":"0","bottom":"0","left":"0","isLinked":"1"},"field_border_color":"rgba(0, 0, 0, 1)","label_animation":"yes","input_padding_responsive_desktop":{"unit":"px","top":"20","right":"0","bottom":"20","left":"0","isLinked":""},"label_animation_focus_left_responsive_desktop":{"unit":"px","size":"0"},"field_typography_font_size_responsive_desktop":{"unit":"px","size":"20"},"label_typography_focus_font_size_responsive_desktop":{"unit":"px","size":"12"},"field_background_color":"rgba(255, 255, 255, 0)","field_icon_enable":"true","field_icon_font_awesome":"far fa-address-card","field_icon_y_responsive_desktop":{"unit":"px","size":"-30"},"field_icon_x_right_responsive_desktop":{"unit":"px","size":"0"}}},"p98666634":{"type":"submit","settings":{"form_id":"22355","text":"Send Enquiry","icon_align":"left","icon_indent":{"unit":"px","size":"10"},"icon_size":{"unit":"px","size":"12"},"submit_actions":["email"],"email_subject":"New message from \"Piotnet Forms\"","email_content":"[all-fields]","email_from_name":"Piotnet Forms","form_metadata":["date","time","page_url","user_agent","remote_ip"],"email_content_type":"plain","email_to_2":"","email_subject_2":"New message from \"Piotnet Forms\"","email_content_2":"[all-fields]","email_from_2":"email@piotnetforms.com","email_from_name_2":"Piotnet Forms","email_content_type_2":"plain","register_role":"subscriber","register_password_confirm_message":"Wrong Password","submit_post_type":"post","submit_post_status":"publish","submit_post_custom_field_source":"post_custom_field","piotnetforms_stripe_currency":"USD","piotnetforms_stripe_subscriptions_product_name":"Piotnet Forms","piotnetforms_stripe_status_succeeded":"succeeded","piotnetforms_stripe_status_pending":"pending","piotnetforms_stripe_status_failed":"failed","piotnetforms_stripe_message_succeeded":"Payment success","piotnetforms_stripe_message_pending":"Payment pending","piotnetforms_stripe_message_failed":"Payment failed","paypal_currency":"USD","webhooks_advanced_data":"true","mailchimp_api_key_source_v3":"default","mailchimp_acceptance_enable_v3":"yes","mailerlite_api_key_source_v2":"default","sendinblue_api_key_source":"default","getresponse_api_key_source":"default","mailpoet_acceptance_field":"yes","activecampaign_api_key_source":"default","activecampaign_list":"1","convertkit_api_key_source":"default","convertkit_acceptance_field":"yes","google_calendar_date_type":"date","google_calendar_remind_method":"email","piotnetforms_hubspot_acceptance_field":"yes","slack_message":"[all-fields]","slack_color":"#2eb886","whatsapp_message":"[all-fields]","twilio_sms_message":"[all-fields]","pdfgenerator_size":"a4","pdfgenerator_font_family":"default","pdfgenerator_title_text_align":"left","pdfgenerator_title_font_size":{"unit":"px","size":"10"},"pdfgenerator_font_size":{"unit":"px","size":"10"},"pdfgenerator_color":"rgba(0, 0, 0, 1)","pdfgenerator_background_image_enable":"yes","pdfgenerator_heading_field_mapping_font_size":{"unit":"px","size":"12"},"pdfgenerator_heading_field_mapping_color":"rgba(0, 0, 0, 1)","pdfgenerator_heading_field_mapping_text_align":"left","success_message":"The form was sent successfully.","error_message":"An error occured.","required_field_message":"This field is required.","invalid_message":"There's something wrong. The form is invalid.","piotnetforms_limit_entries_custom_message":"Your contents have not been sent yet. The Form will be opened soon.","piotnetforms_conditional_logic_form_speed":"400","piotnetforms_conditional_logic_form_easing":"swing","piotnetforms_repeater_trigger_action":"add","next_prev_multi_step_form_action":"next","multi_step_form_animation_animate":"fadeIn","conditional_visibility_roles":["all"],"conditional_visibility_date_and_time_operators":"or","conditional_visibility_action_for_date_and_time":"show","conditional_visibility_action":"show","style_normaltext_padding_responsive_desktop":{"unit":"px","top":"20","right":"40","bottom":"20","left":"40","isLinked":""},"align_responsive_desktop":"justify","style_normalbackground_color":"rgba(0, 0, 0, 1)","style_normalborder_radius":{"unit":"px","top":"6","right":"6","bottom":"6","left":"6","isLinked":"1"},"advanced_margin_responsive_desktop":{"unit":"px","top":"30","right":"0","bottom":"0","left":"0","isLinked":""}}},"p15651959":{"type":"image","settings":{"image_link":"#","image_link_target":"_self","image_text_align_responsive_desktop":"left","image_text_align_responsive_tablet":"left","image_text_align_responsive_mobile":"left","image_caption_color":"#000000","image_caption_text_align_responsive_desktop":"left","image_caption_text_align_responsive_tablet":"left","image_caption_text_align_responsive_mobile":"left","piotnetforms_repeater_trigger_action":"add","next_prev_multi_step_form_action":"next","multi_step_form_animation_animate":"fadeIn","piotnetforms_conditional_logic_form_form_id":"22355","piotnetforms_conditional_logic_form_speed_new":"400","piotnetforms_conditional_logic_form_easing_new":"swing","conditional_visibility_roles":["all"],"conditional_visibility_date_and_time_operators":"or","conditional_visibility_action_for_date_and_time":"show","conditional_visibility_action":"show","image_select":{"id":"22363","url":"https:\/\/piotnetforms.com\/wp-content\/uploads\/2022\/04\/annie-spratt-MChSQHxGZrQ-unsplash.jpeg"},"advanced_padding_responsive_desktop":{"unit":"px","top":"0","right":"0","bottom":"0","left":"0","isLinked":""}}},"p95111417":{"type":"field","settings":{"field_type":"text","field_id":"message","form_id":"22355","msg_repassword_err":"Password don't match","country":"All","google_maps_lat":"21.028511","google_maps_lng":"105.804817","google_maps_zoom":{"unit":"px","size":"15"},"google_maps_height_responsive_desktop":{"unit":"px","size":"200"},"google_maps_height_responsive_tablet":{"unit":"px","size":"200"},"google_maps_height_responsive_mobile":{"unit":"px","size":"200"},"signature_clear_text":"Clear","signature_max_width_responsive_desktop":{"unit":"px","size":"400"},"signature_max_width_responsive_tablet":{"unit":"px","size":"400"},"signature_max_width_responsive_mobile":{"unit":"px","size":"400"},"signature_height_responsive_desktop":{"unit":"px","size":"200"},"signature_height_responsive_tablet":{"unit":"px","size":"200"},"signature_height_responsive_mobile":{"unit":"px","size":"200"},"field_label_show":"true","field_label_inline_width_responsive_desktop":{"unit":"%","size":"10"},"field_label_inline_width_responsive_tablet":{"unit":"%","size":"10"},"field_label_inline_width_responsive_mobile":{"unit":"%","size":"10"},"piotnetforms_style_checkbox_type":"native","stripe_font_size":{"unit":"px","size":"16"},"stripe_custom_style":"{\"base\":{\"color\":\"#303238\",\"fontSize\":\"16px\",\"fontFamily\":\"\\\"Open Sans\\\", sans-serif\",\"fontSmoothing\":\"antialiased\",\"::placeholder\":{\"color\":\"#CFD7DF\"}},\"invalid\":{\"color\":\"#e5424d\",\":focus\":{\"color\":\"#303238\"}}}","field_taxonomy_slug":"category","terms_select_type":"select","file_sizes":"1","file_sizes_message":"File size must be less than 1MB","file_types_message":"Please enter a value with a valid mimetype.","rows":"4","min_select_required_message":"Please select the minimum number of images.","recaptcha_size":"normal","recaptcha_style":"light","date_format":"F j, Y","date_language":"english","time_format":"h:i K","time_minute_increment":"5","piotnetforms_range_slider_field_options":"skin: \"round\", type: \"double\", grid: true, min: 0, max: 1000, from: 200, to: 800, prefix: \"$\"","piotnetforms_calculated_fields_form_distance_calculation_unit":"km","piotnetforms_calculated_fields_form_calculation_rounding_decimals":"2","piotnetforms_calculated_fields_form_calculation_rounding_decimals_decimals_symbol":".","piotnetforms_calculated_fields_form_calculation_rounding_decimals_seperators_symbol":",","field_pattern":"[0-9()#&+*-=.]+","iban_invalid_message":"This BBAN is invalid.","shortcode":"[field id=\"p44950496\"]","live_preview_code":"<span data-piotnetforms-live-preview=\"p44950496\"><\/span>","live_preview_image_width":"150","live_preview_image_height":"150","field_icon_type":"font_awesome","piotnetforms_conditional_logic_form_speed":"400","piotnetforms_conditional_logic_form_easing":"swing","piotnetforms_style_checkbox_button_icon_position":"relative","piotnetforms_style_checkbox_button_icon_position_absolute_top_responsive_desktop":"auto","piotnetforms_style_checkbox_button_icon_position_absolute_top_responsive_tablet":"auto","piotnetforms_style_checkbox_button_icon_position_absolute_top_responsive_mobile":"auto","piotnetforms_style_checkbox_button_icon_position_absolute_right_responsive_desktop":"auto","piotnetforms_style_checkbox_button_icon_position_absolute_right_responsive_tablet":"auto","piotnetforms_style_checkbox_button_icon_position_absolute_right_responsive_mobile":"auto","piotnetforms_style_checkbox_button_icon_position_absolute_bottom_responsive_desktop":"auto","piotnetforms_style_checkbox_button_icon_position_absolute_bottom_responsive_tablet":"auto","piotnetforms_style_checkbox_button_icon_position_absolute_bottom_responsive_mobile":"auto","piotnetforms_style_checkbox_button_icon_position_absolute_left_responsive_desktop":"auto","piotnetforms_style_checkbox_button_icon_position_absolute_left_responsive_tablet":"auto","piotnetforms_style_checkbox_button_icon_position_absolute_left_responsive_mobile":"auto","piotnetforms_style_checkbox_item_width_type":"auto","piotnetforms_style_checkbox_replacement_icon_type":"font_awesome","piotnetforms_style_checkbox_square_size":{"unit":"px","size":"18"},"piotnetforms_style_checkbox_square_border_width":{"unit":"px","size":"1"},"piotnetforms_style_checkbox_square_border_color":"#000000","piotnetforms_style_checkbox_square_background_color":"#000000","piotnetforms_style_checkbox_square_spacing":{"unit":"px","size":"30"},"piotnetforms_style_spiner_width_responsive_desktop":{"unit":"px","size":"32"},"piotnetforms_style_spiner_width_responsive_tablet":{"unit":"px","size":"32"},"piotnetforms_style_spiner_width_responsive_mobile":{"unit":"px","size":"32"},"piotnetforms_style_spiner_height_responsive_desktop":{"unit":"px","size":"32"},"piotnetforms_style_spiner_height_responsive_tablet":{"unit":"px","size":"32"},"piotnetforms_style_spiner_height_responsive_mobile":{"unit":"px","size":"32"},"piotnetforms_style_spiner_input_width_responsive_desktop":{"unit":"px","size":"20"},"piotnetforms_style_spiner_input_width_responsive_tablet":{"unit":"px","size":"20"},"piotnetforms_style_spiner_input_width_responsive_mobile":{"unit":"px","size":"20"},"piotnetforms_image_select_field_item_width_responsive_desktop":"25","piotnetforms_image_select_field_item_width_responsive_tablet":"25","piotnetforms_image_select_field_item_width_responsive_mobile":"25","piotnetforms_image_select_field_item_spacing_responsive_desktop":{"unit":"px","size":"10"},"piotnetforms_image_select_field_item_spacing_responsive_tablet":{"unit":"px","size":"10"},"piotnetforms_image_select_field_item_spacing_responsive_mobile":{"unit":"px","size":"10"},"label_animation_focus_spacing_responsive_desktop":{"unit":"px","size":"36"},"piotnetforms_repeater_trigger_action":"add","next_prev_multi_step_form_action":"next","multi_step_form_animation_animate":"fadeIn","conditional_visibility_roles":["all"],"conditional_visibility_date_and_time_operators":"or","conditional_visibility_action_for_date_and_time":"show","conditional_visibility_action":"show","width":"100","field_label":"Message","field_border_type":"solid","field_border_width_responsive_desktop":{"unit":"px","top":"0","right":"0","bottom":"1","left":"0","isLinked":""},"field_border_radius_responsive_desktop":{"unit":"px","top":"0","right":"0","bottom":"0","left":"0","isLinked":"1"},"field_border_color":"rgba(0, 0, 0, 1)","label_animation":"yes","input_padding_responsive_desktop":{"unit":"px","top":"20","right":"0","bottom":"20","left":"0","isLinked":""},"label_animation_focus_left_responsive_desktop":{"unit":"px","size":"0"},"field_typography_font_size_responsive_desktop":{"unit":"px","size":"20"},"label_typography_focus_font_size_responsive_desktop":{"unit":"px","size":"12"},"field_background_color":"rgba(255, 255, 255, 0)","field_icon_enable":"true","field_icon_font_awesome":"fas fa-pencil-alt","field_icon_y_responsive_desktop":{"unit":"px","size":"-30"},"field_icon_x_right_responsive_desktop":{"unit":"px","size":"0"},"field_icon_size_responsive_desktop":{"unit":"px","size":"14"}}},"p16964760":{"type":"field","settings":{"field_type":"email","field_id":"email","form_id":"22355","msg_repassword_err":"Password don't match","country":"All","google_maps_lat":"21.028511","google_maps_lng":"105.804817","google_maps_zoom":{"unit":"px","size":"15"},"google_maps_height_responsive_desktop":{"unit":"px","size":"200"},"google_maps_height_responsive_tablet":{"unit":"px","size":"200"},"google_maps_height_responsive_mobile":{"unit":"px","size":"200"},"signature_clear_text":"Clear","signature_max_width_responsive_desktop":{"unit":"px","size":"400"},"signature_max_width_responsive_tablet":{"unit":"px","size":"400"},"signature_max_width_responsive_mobile":{"unit":"px","size":"400"},"signature_height_responsive_desktop":{"unit":"px","size":"200"},"signature_height_responsive_tablet":{"unit":"px","size":"200"},"signature_height_responsive_mobile":{"unit":"px","size":"200"},"field_label_show":"true","field_label_inline_width_responsive_desktop":{"unit":"%","size":"10"},"field_label_inline_width_responsive_tablet":{"unit":"%","size":"10"},"field_label_inline_width_responsive_mobile":{"unit":"%","size":"10"},"piotnetforms_style_checkbox_type":"native","stripe_font_size":{"unit":"px","size":"16"},"stripe_custom_style":"{\"base\":{\"color\":\"#303238\",\"fontSize\":\"16px\",\"fontFamily\":\"\\\"Open Sans\\\", sans-serif\",\"fontSmoothing\":\"antialiased\",\"::placeholder\":{\"color\":\"#CFD7DF\"}},\"invalid\":{\"color\":\"#e5424d\",\":focus\":{\"color\":\"#303238\"}}}","field_taxonomy_slug":"category","terms_select_type":"select","file_sizes":"1","file_sizes_message":"File size must be less than 1MB","file_types_message":"Please enter a value with a valid mimetype.","rows":"4","min_select_required_message":"Please select the minimum number of images.","recaptcha_size":"normal","recaptcha_style":"light","date_format":"F j, Y","date_language":"english","time_format":"h:i K","time_minute_increment":"5","piotnetforms_range_slider_field_options":"skin: \"round\", type: \"double\", grid: true, min: 0, max: 1000, from: 200, to: 800, prefix: \"$\"","piotnetforms_calculated_fields_form_distance_calculation_unit":"km","piotnetforms_calculated_fields_form_calculation_rounding_decimals":"2","piotnetforms_calculated_fields_form_calculation_rounding_decimals_decimals_symbol":".","piotnetforms_calculated_fields_form_calculation_rounding_decimals_seperators_symbol":",","field_pattern":"[0-9()#&+*-=.]+","iban_invalid_message":"This BBAN is invalid.","shortcode":"[field id=\"p44950496\"]","live_preview_code":"<span data-piotnetforms-live-preview=\"p44950496\"><\/span>","live_preview_image_width":"150","live_preview_image_height":"150","field_icon_type":"font_awesome","piotnetforms_conditional_logic_form_speed":"400","piotnetforms_conditional_logic_form_easing":"swing","piotnetforms_style_checkbox_button_icon_position":"relative","piotnetforms_style_checkbox_button_icon_position_absolute_top_responsive_desktop":"auto","piotnetforms_style_checkbox_button_icon_position_absolute_top_responsive_tablet":"auto","piotnetforms_style_checkbox_button_icon_position_absolute_top_responsive_mobile":"auto","piotnetforms_style_checkbox_button_icon_position_absolute_right_responsive_desktop":"auto","piotnetforms_style_checkbox_button_icon_position_absolute_right_responsive_tablet":"auto","piotnetforms_style_checkbox_button_icon_position_absolute_right_responsive_mobile":"auto","piotnetforms_style_checkbox_button_icon_position_absolute_bottom_responsive_desktop":"auto","piotnetforms_style_checkbox_button_icon_position_absolute_bottom_responsive_tablet":"auto","piotnetforms_style_checkbox_button_icon_position_absolute_bottom_responsive_mobile":"auto","piotnetforms_style_checkbox_button_icon_position_absolute_left_responsive_desktop":"auto","piotnetforms_style_checkbox_button_icon_position_absolute_left_responsive_tablet":"auto","piotnetforms_style_checkbox_button_icon_position_absolute_left_responsive_mobile":"auto","piotnetforms_style_checkbox_item_width_type":"auto","piotnetforms_style_checkbox_replacement_icon_type":"font_awesome","piotnetforms_style_checkbox_square_size":{"unit":"px","size":"18"},"piotnetforms_style_checkbox_square_border_width":{"unit":"px","size":"1"},"piotnetforms_style_checkbox_square_border_color":"#000000","piotnetforms_style_checkbox_square_background_color":"#000000","piotnetforms_style_checkbox_square_spacing":{"unit":"px","size":"30"},"piotnetforms_style_spiner_width_responsive_desktop":{"unit":"px","size":"32"},"piotnetforms_style_spiner_width_responsive_tablet":{"unit":"px","size":"32"},"piotnetforms_style_spiner_width_responsive_mobile":{"unit":"px","size":"32"},"piotnetforms_style_spiner_height_responsive_desktop":{"unit":"px","size":"32"},"piotnetforms_style_spiner_height_responsive_tablet":{"unit":"px","size":"32"},"piotnetforms_style_spiner_height_responsive_mobile":{"unit":"px","size":"32"},"piotnetforms_style_spiner_input_width_responsive_desktop":{"unit":"px","size":"20"},"piotnetforms_style_spiner_input_width_responsive_tablet":{"unit":"px","size":"20"},"piotnetforms_style_spiner_input_width_responsive_mobile":{"unit":"px","size":"20"},"piotnetforms_image_select_field_item_width_responsive_desktop":"25","piotnetforms_image_select_field_item_width_responsive_tablet":"25","piotnetforms_image_select_field_item_width_responsive_mobile":"25","piotnetforms_image_select_field_item_spacing_responsive_desktop":{"unit":"px","size":"10"},"piotnetforms_image_select_field_item_spacing_responsive_tablet":{"unit":"px","size":"10"},"piotnetforms_image_select_field_item_spacing_responsive_mobile":{"unit":"px","size":"10"},"label_animation_focus_spacing_responsive_desktop":{"unit":"px","size":"36"},"piotnetforms_repeater_trigger_action":"add","next_prev_multi_step_form_action":"next","multi_step_form_animation_animate":"fadeIn","conditional_visibility_roles":["all"],"conditional_visibility_date_and_time_operators":"or","conditional_visibility_action_for_date_and_time":"show","conditional_visibility_action":"show","width":"100","field_label":"Email","field_border_type":"solid","field_border_width_responsive_desktop":{"unit":"px","top":"0","right":"0","bottom":"1","left":"0","isLinked":""},"field_border_radius_responsive_desktop":{"unit":"px","top":"0","right":"0","bottom":"0","left":"0","isLinked":"1"},"field_border_color":"rgba(0, 0, 0, 1)","label_animation":"yes","input_padding_responsive_desktop":{"unit":"px","top":"20","right":"0","bottom":"20","left":"0","isLinked":""},"label_animation_focus_left_responsive_desktop":{"unit":"px","size":"0"},"field_typography_font_size_responsive_desktop":{"unit":"px","size":"20"},"label_typography_focus_font_size_responsive_desktop":{"unit":"px","size":"12"},"field_background_color":"rgba(255, 255, 255, 0)","field_icon_enable":"true","field_icon_font_awesome":"far fa-envelope","field_icon_y_responsive_desktop":{"unit":"px","size":"-30"},"field_icon_x_right_responsive_desktop":{"unit":"px","size":"0"}}}},"content":[{"id":"p99393294","class_name":"piotnetforms_Section","elements":[{"id":"p20384137","class_name":"piotnetforms_Column","elements":[{"id":"p15651959","class_name":"piotnetforms_Image"}]},{"id":"p82194138","class_name":"piotnetforms_Column","elements":[{"id":"p65842869","class_name":"Piotnetforms_Field"},{"id":"p16964760","class_name":"Piotnetforms_Field"},{"id":"p95111417","class_name":"Piotnetforms_Field"},{"id":"p98666634","class_name":"Piotnetforms_Submit"}]}]}],"css":" #piotnetforms .p20384137{width: 50%;}@media (max-width:767px) {#piotnetforms .p20384137{width: 100%;}}@media (max-width:767px) {#piotnetforms .p20384137{order: 1;}}#piotnetforms .p20384137{padding: 0px 0px 0px 0px;} #piotnetforms .p99393294>.piotnet-section__container{max-width: 830px;} #piotnetforms .p82194138{width: 50%;}@media (max-width:767px) {#piotnetforms .p82194138{width: 100%;}}@media (max-width:767px) {#piotnetforms .p82194138{order: 0;}}#piotnetforms .p82194138>.piotnet-column__inner{align-content: center;}#piotnetforms .p82194138{padding: 60px 60px 60px 60px;}@media (max-width:1025px) {#piotnetforms .p82194138{padding: 30px 30px 30px 30px;}}@media (max-width:767px) {#piotnetforms .p82194138{padding: 20px 20px 20px 20px;}}#piotnetforms .p82194138{background-color: rgba(250, 250, 250, 1)} #piotnetforms .p65842869 .piotnetforms-label-inline{width: 10%;}#piotnetforms .p65842869 .piotnetforms-field-inline{width: calc(100% - 10%)}@media (max-width:1025px) {#piotnetforms .p65842869 .piotnetforms-label-inline{width: 10%;}}@media (max-width:1025px) {#piotnetforms .p65842869 .piotnetforms-field-inline{width: calc(100% - 10%)}}@media (max-width:767px) {#piotnetforms .p65842869 .piotnetforms-label-inline{width: 10%;}}@media (max-width:767px) {#piotnetforms .p65842869 .piotnetforms-field-inline{width: calc(100% - 10%)}}#piotnetforms .p65842869 .piotnetforms-field-icon, #piotnetforms .p65842869 .piotnetforms-field-icon{right: 0px;}#piotnetforms .p65842869 .piotnetforms-field-icon, #piotnetforms .p65842869 .piotnetforms-field-icon{bottom: -30px;}#piotnetforms .p65842869.piotnetforms-label-animation label{left: 0px;}#piotnetforms .p65842869.piotnetforms-label-animation.piotnetforms-label-animated label{transform: translate3d(0,-36px,10px);}#piotnetforms .p65842869.piotnetforms-field-focus .piotnetforms-field-group > label{font-size:12px}#piotnetforms .p65842869 .piotnetforms-field-group .piotnetforms-field, #piotnetforms .p65842869 .piotnetforms-field-group .piotnetforms-field .piotnetforms-field-textual, #piotnetforms .p65842869 .piotnetforms-field-subgroup label, #piotnetforms .p65842869 .piotnetforms-field-group .piotnetforms-select-wrapper select::placeholder, #piotnetforms .p65842869 .piotnetforms-field-group .piotnetforms-field .selectize-control .selectize-dropdown .selectize-dropdown-content, #piotnetforms .p65842869 .piotnetforms-field-group .piotnetforms-field .selectize-control .selectize-input input::placeholder, #piotnetforms .p65842869 .piotnetforms-field-group .piotnetforms-field .selectize-control .selectize-input input, #piotnetforms .p65842869 .piotnetforms-field-group .piotnetforms-field .selectize-control .selectize-input .item{font-size:20px}#piotnetforms .p65842869 .piotnetforms-field-group:not(.piotnetforms-field-type-upload) .piotnetforms-field:not(.piotnetforms-select-wrapper){background: rgba(255, 255, 255, 0)!important;}#piotnetforms .p65842869 .piotnetforms-field-group:not(.piotnetforms-field-type-upload) .piotnetforms-field .piotnetforms-field-textual .selectize-input{background: rgba(255, 255, 255, 0)!important;}#piotnetforms .p65842869 .piotnetforms-field-group:not(.piotnetforms-field-type-upload) .piotnetforms-field .selectize-control .selectize-dropdown .selectize-dropdown-content{background: rgba(255, 255, 255, 0)!important;}#piotnetforms .p65842869 .piotnetforms-field-group:not(.piotnetforms-field-type-upload) .piotnetforms-field .selectize-control .selectize-dropdown{background: rgba(255, 255, 255, 0)!important;}#piotnetforms .p65842869 .piotnetforms-field-group .piotnetforms-select-wrapper select{background: rgba(255, 255, 255, 0)!important;}#piotnetforms .p65842869 .piotnetforms-field-group:not(.piotnetforms-field-type-upload) .piotnetforms-field:not(.piotnetforms-select-wrapper){padding: 20px 0px 20px 0px;}#piotnetforms .p65842869 .piotnetforms-field-group:not(.piotnetforms-field-type-upload) .piotnetforms-field select{padding: 20px 0px 20px 0px;}#piotnetforms .p65842869 .piotnetforms-field-group:not(.piotnetforms-field-type-upload) .piotnetforms-field .piotnetforms-field-textual .selectize-input{padding: 20px 0px 20px 0px;}#piotnetforms .p65842869 .piotnetforms-field-group:not(.piotnetforms-field-type-upload) .piotnetforms-field .selectize-control .selectize-dropdown .selectize-dropdown-content{padding: 20px 0px 20px 0px;}#piotnetforms .p65842869 .piotnetforms-field-group:not(.piotnetforms-field-type-upload) .piotnetforms-field:not(.piotnetforms-select-wrapper){border-style: solid;}#piotnetforms .p65842869 .piotnetforms-field-group:not(.piotnetforms-field-type-upload) .piotnetforms-field .piotnetforms-field-textual{border-style: solid;}#piotnetforms .p65842869 .piotnetforms-field-group:not(.piotnetforms-field-type-upload) .piotnetforms-field .piotnetforms-field-textual .selectize-input{border-style: solid;}#piotnetforms .p65842869 .piotnetforms-field-group:not(.piotnetforms-field-type-upload) .piotnetforms-field .selectize-control .selectize-dropdown{border-style: solid;}#piotnetforms .p65842869 .piotnetforms-signature canvas{border-style: solid;}#piotnetforms .p65842869 .piotnetforms-field-group:not(.piotnetforms-field-type-upload) .piotnetforms-field:not(.piotnetforms-select-wrapper){border-width: 0px 0px 1px 0px;}#piotnetforms .p65842869 .piotnetforms-field-group:not(.piotnetforms-field-type-upload) .piotnetforms-field .piotnetforms-field-textual{border-width: 0px 0px 1px 0px;}#piotnetforms .p65842869 .piotnetforms-field-group:not(.piotnetforms-field-type-upload) .piotnetforms-field .piotnetforms-field-textual .selectize-input{border-width: 0px 0px 1px 0px;}#piotnetforms .p65842869 .piotnetforms-field-group:not(.piotnetforms-field-type-upload) .piotnetforms-field .selectize-control .selectize-dropdown{border-width: 0px 0px 1px 0px;}#piotnetforms .p65842869 .piotnetforms-signature canvas{border-width: 0px 0px 1px 0px;}#piotnetforms .p65842869 .piotnetforms-field-group:not(.piotnetforms-field-type-upload) .piotnetforms-field:not(.piotnetforms-select-wrapper){border-color: rgba(0, 0, 0, 1);}#piotnetforms .p65842869 .piotnetforms-field-group:not(.piotnetforms-field-type-upload) .piotnetforms-field .piotnetforms-field-textual{border-color: rgba(0, 0, 0, 1);}#piotnetforms .p65842869 .piotnetforms-field-group:not(.piotnetforms-field-type-upload) .piotnetforms-field .piotnetforms-field-textual .selectize-input{border-color: rgba(0, 0, 0, 1);}#piotnetforms .p65842869 .piotnetforms-field-group:not(.piotnetforms-field-type-upload) .piotnetforms-field .selectize-control .selectize-dropdown{border-color: rgba(0, 0, 0, 1);}#piotnetforms .p65842869 .piotnetforms-signature canvas{border-color: rgba(0, 0, 0, 1);}#piotnetforms .p65842869 .piotnetforms-field-group:not(.piotnetforms-field-type-upload) .piotnetforms-field:not(.piotnetforms-select-wrapper){border-radius: 0px 0px 0px 0px;}#piotnetforms .p65842869 .piotnetforms-field-group .piotnetforms-select-wrapper select{border-radius: 0px 0px 0px 0px;}#piotnetforms .p65842869 .piotnetforms-field-group .piotnetforms-select-wrapper .piotnetforms-field-textual{border-radius: 0px 0px 0px 0px;}#piotnetforms .p65842869 .piotnetforms-field-group .piotnetforms-select-wrapper .piotnetforms-field-textual .selectize-input{border-radius: 0px 0px 0px 0px;}#piotnetforms .p65842869 .piotnetforms-field-group .piotnetforms-select-wrapper .selectize-control .selectize-dropdown .selectize-dropdown-content{border-radius: 0px 0px 0px 0px;}#piotnetforms .p65842869 .piotnetforms-signature canvas{border-radius: 0px 0px 0px 0px;} #piotnetforms .p98666634{text-align: justify}#piotnetforms .p98666634 .piotnetforms-align-icon-right{margin-left: 10px;}#piotnetforms .p98666634 .piotnetforms-align-icon-left{margin-right: 10px;}#piotnetforms .p98666634 .piotnetforms-button-icon{font-size: 12px;}#piotnetforms .p98666634 a.piotnetforms-button, #piotnetforms .p98666634 .piotnetforms-button{background-color: rgba(0, 0, 0, 1);}#piotnetforms .p98666634 a.piotnetforms-button, #piotnetforms .p98666634 .piotnetforms-button{border-radius: 6px 6px 6px 6px;}#piotnetforms .p98666634 a.piotnetforms-button, #piotnetforms .p98666634 .piotnetforms-button{padding: 20px 40px 20px 40px;}#piotnetforms .p98666634{margin: 30px 0px 0px 0px;} #piotnetforms .p15651959 .piotnetforms-image__content{text-align: left}@media (max-width:1025px) {#piotnetforms .p15651959 .piotnetforms-image__content{text-align: left}}@media (max-width:767px) {#piotnetforms .p15651959 .piotnetforms-image__content{text-align: left}}#piotnetforms .p15651959 .piotnetforms-image__caption{color: #000000;}#piotnetforms .p15651959 .piotnetforms-image__caption{text-align: left}@media (max-width:1025px) {#piotnetforms .p15651959 .piotnetforms-image__caption{text-align: left}}@media (max-width:767px) {#piotnetforms .p15651959 .piotnetforms-image__caption{text-align: left}}#piotnetforms .p15651959{padding: 0px 0px 0px 0px;} #piotnetforms .p95111417 .piotnetforms-label-inline{width: 10%;}#piotnetforms .p95111417 .piotnetforms-field-inline{width: calc(100% - 10%)}@media (max-width:1025px) {#piotnetforms .p95111417 .piotnetforms-label-inline{width: 10%;}}@media (max-width:1025px) {#piotnetforms .p95111417 .piotnetforms-field-inline{width: calc(100% - 10%)}}@media (max-width:767px) {#piotnetforms .p95111417 .piotnetforms-label-inline{width: 10%;}}@media (max-width:767px) {#piotnetforms .p95111417 .piotnetforms-field-inline{width: calc(100% - 10%)}}#piotnetforms .p95111417 .piotnetforms-field-icon{font-size: 14px;}#piotnetforms .p95111417 .piotnetforms-field-icon, #piotnetforms .p95111417 .piotnetforms-field-icon{right: 0px;}#piotnetforms .p95111417 .piotnetforms-field-icon, #piotnetforms .p95111417 .piotnetforms-field-icon{bottom: -30px;}#piotnetforms .p95111417.piotnetforms-label-animation label{left: 0px;}#piotnetforms .p95111417.piotnetforms-label-animation.piotnetforms-label-animated label{transform: translate3d(0,-36px,10px);}#piotnetforms .p95111417.piotnetforms-field-focus .piotnetforms-field-group > label{font-size:12px}#piotnetforms .p95111417 .piotnetforms-field-group .piotnetforms-field, #piotnetforms .p95111417 .piotnetforms-field-group .piotnetforms-field .piotnetforms-field-textual, #piotnetforms .p95111417 .piotnetforms-field-subgroup label, #piotnetforms .p95111417 .piotnetforms-field-group .piotnetforms-select-wrapper select::placeholder, #piotnetforms .p95111417 .piotnetforms-field-group .piotnetforms-field .selectize-control .selectize-dropdown .selectize-dropdown-content, #piotnetforms .p95111417 .piotnetforms-field-group .piotnetforms-field .selectize-control .selectize-input input::placeholder, #piotnetforms .p95111417 .piotnetforms-field-group .piotnetforms-field .selectize-control .selectize-input input, #piotnetforms .p95111417 .piotnetforms-field-group .piotnetforms-field .selectize-control .selectize-input .item{font-size:20px}#piotnetforms .p95111417 .piotnetforms-field-group:not(.piotnetforms-field-type-upload) .piotnetforms-field:not(.piotnetforms-select-wrapper){background: rgba(255, 255, 255, 0)!important;}#piotnetforms .p95111417 .piotnetforms-field-group:not(.piotnetforms-field-type-upload) .piotnetforms-field .piotnetforms-field-textual .selectize-input{background: rgba(255, 255, 255, 0)!important;}#piotnetforms .p95111417 .piotnetforms-field-group:not(.piotnetforms-field-type-upload) .piotnetforms-field .selectize-control .selectize-dropdown .selectize-dropdown-content{background: rgba(255, 255, 255, 0)!important;}#piotnetforms .p95111417 .piotnetforms-field-group:not(.piotnetforms-field-type-upload) .piotnetforms-field .selectize-control .selectize-dropdown{background: rgba(255, 255, 255, 0)!important;}#piotnetforms .p95111417 .piotnetforms-field-group .piotnetforms-select-wrapper select{background: rgba(255, 255, 255, 0)!important;}#piotnetforms .p95111417 .piotnetforms-field-group:not(.piotnetforms-field-type-upload) .piotnetforms-field:not(.piotnetforms-select-wrapper){padding: 20px 0px 20px 0px;}#piotnetforms .p95111417 .piotnetforms-field-group:not(.piotnetforms-field-type-upload) .piotnetforms-field select{padding: 20px 0px 20px 0px;}#piotnetforms .p95111417 .piotnetforms-field-group:not(.piotnetforms-field-type-upload) .piotnetforms-field .piotnetforms-field-textual .selectize-input{padding: 20px 0px 20px 0px;}#piotnetforms .p95111417 .piotnetforms-field-group:not(.piotnetforms-field-type-upload) .piotnetforms-field .selectize-control .selectize-dropdown .selectize-dropdown-content{padding: 20px 0px 20px 0px;}#piotnetforms .p95111417 .piotnetforms-field-group:not(.piotnetforms-field-type-upload) .piotnetforms-field:not(.piotnetforms-select-wrapper){border-style: solid;}#piotnetforms .p95111417 .piotnetforms-field-group:not(.piotnetforms-field-type-upload) .piotnetforms-field .piotnetforms-field-textual{border-style: solid;}#piotnetforms .p95111417 .piotnetforms-field-group:not(.piotnetforms-field-type-upload) .piotnetforms-field .piotnetforms-field-textual .selectize-input{border-style: solid;}#piotnetforms .p95111417 .piotnetforms-field-group:not(.piotnetforms-field-type-upload) .piotnetforms-field .selectize-control .selectize-dropdown{border-style: solid;}#piotnetforms .p95111417 .piotnetforms-signature canvas{border-style: solid;}#piotnetforms .p95111417 .piotnetforms-field-group:not(.piotnetforms-field-type-upload) .piotnetforms-field:not(.piotnetforms-select-wrapper){border-width: 0px 0px 1px 0px;}#piotnetforms .p95111417 .piotnetforms-field-group:not(.piotnetforms-field-type-upload) .piotnetforms-field .piotnetforms-field-textual{border-width: 0px 0px 1px 0px;}#piotnetforms .p95111417 .piotnetforms-field-group:not(.piotnetforms-field-type-upload) .piotnetforms-field .piotnetforms-field-textual .selectize-input{border-width: 0px 0px 1px 0px;}#piotnetforms .p95111417 .piotnetforms-field-group:not(.piotnetforms-field-type-upload) .piotnetforms-field .selectize-control .selectize-dropdown{border-width: 0px 0px 1px 0px;}#piotnetforms .p95111417 .piotnetforms-signature canvas{border-width: 0px 0px 1px 0px;}#piotnetforms .p95111417 .piotnetforms-field-group:not(.piotnetforms-field-type-upload) .piotnetforms-field:not(.piotnetforms-select-wrapper){border-color: rgba(0, 0, 0, 1);}#piotnetforms .p95111417 .piotnetforms-field-group:not(.piotnetforms-field-type-upload) .piotnetforms-field .piotnetforms-field-textual{border-color: rgba(0, 0, 0, 1);}#piotnetforms .p95111417 .piotnetforms-field-group:not(.piotnetforms-field-type-upload) .piotnetforms-field .piotnetforms-field-textual .selectize-input{border-color: rgba(0, 0, 0, 1);}#piotnetforms .p95111417 .piotnetforms-field-group:not(.piotnetforms-field-type-upload) .piotnetforms-field .selectize-control .selectize-dropdown{border-color: rgba(0, 0, 0, 1);}#piotnetforms .p95111417 .piotnetforms-signature canvas{border-color: rgba(0, 0, 0, 1);}#piotnetforms .p95111417 .piotnetforms-field-group:not(.piotnetforms-field-type-upload) .piotnetforms-field:not(.piotnetforms-select-wrapper){border-radius: 0px 0px 0px 0px;}#piotnetforms .p95111417 .piotnetforms-field-group .piotnetforms-select-wrapper select{border-radius: 0px 0px 0px 0px;}#piotnetforms .p95111417 .piotnetforms-field-group .piotnetforms-select-wrapper .piotnetforms-field-textual{border-radius: 0px 0px 0px 0px;}#piotnetforms .p95111417 .piotnetforms-field-group .piotnetforms-select-wrapper .piotnetforms-field-textual .selectize-input{border-radius: 0px 0px 0px 0px;}#piotnetforms .p95111417 .piotnetforms-field-group .piotnetforms-select-wrapper .selectize-control .selectize-dropdown .selectize-dropdown-content{border-radius: 0px 0px 0px 0px;}#piotnetforms .p95111417 .piotnetforms-signature canvas{border-radius: 0px 0px 0px 0px;} #piotnetforms .p16964760 .piotnetforms-label-inline{width: 10%;}#piotnetforms .p16964760 .piotnetforms-field-inline{width: calc(100% - 10%)}@media (max-width:1025px) {#piotnetforms .p16964760 .piotnetforms-label-inline{width: 10%;}}@media (max-width:1025px) {#piotnetforms .p16964760 .piotnetforms-field-inline{width: calc(100% - 10%)}}@media (max-width:767px) {#piotnetforms .p16964760 .piotnetforms-label-inline{width: 10%;}}@media (max-width:767px) {#piotnetforms .p16964760 .piotnetforms-field-inline{width: calc(100% - 10%)}}#piotnetforms .p16964760 .piotnetforms-field-icon, #piotnetforms .p16964760 .piotnetforms-field-icon{right: 0px;}#piotnetforms .p16964760 .piotnetforms-field-icon, #piotnetforms .p16964760 .piotnetforms-field-icon{bottom: -30px;}#piotnetforms .p16964760.piotnetforms-label-animation label{left: 0px;}#piotnetforms .p16964760.piotnetforms-label-animation.piotnetforms-label-animated label{transform: translate3d(0,-36px,10px);}#piotnetforms .p16964760.piotnetforms-field-focus .piotnetforms-field-group > label{font-size:12px}#piotnetforms .p16964760 .piotnetforms-field-group .piotnetforms-field, #piotnetforms .p16964760 .piotnetforms-field-group .piotnetforms-field .piotnetforms-field-textual, #piotnetforms .p16964760 .piotnetforms-field-subgroup label, #piotnetforms .p16964760 .piotnetforms-field-group .piotnetforms-select-wrapper select::placeholder, #piotnetforms .p16964760 .piotnetforms-field-group .piotnetforms-field .selectize-control .selectize-dropdown .selectize-dropdown-content, #piotnetforms .p16964760 .piotnetforms-field-group .piotnetforms-field .selectize-control .selectize-input input::placeholder, #piotnetforms .p16964760 .piotnetforms-field-group .piotnetforms-field .selectize-control .selectize-input input, #piotnetforms .p16964760 .piotnetforms-field-group .piotnetforms-field .selectize-control .selectize-input .item{font-size:20px}#piotnetforms .p16964760 .piotnetforms-field-group:not(.piotnetforms-field-type-upload) .piotnetforms-field:not(.piotnetforms-select-wrapper){background: rgba(255, 255, 255, 0)!important;}#piotnetforms .p16964760 .piotnetforms-field-group:not(.piotnetforms-field-type-upload) .piotnetforms-field .piotnetforms-field-textual .selectize-input{background: rgba(255, 255, 255, 0)!important;}#piotnetforms .p16964760 .piotnetforms-field-group:not(.piotnetforms-field-type-upload) .piotnetforms-field .selectize-control .selectize-dropdown .selectize-dropdown-content{background: rgba(255, 255, 255, 0)!important;}#piotnetforms .p16964760 .piotnetforms-field-group:not(.piotnetforms-field-type-upload) .piotnetforms-field .selectize-control .selectize-dropdown{background: rgba(255, 255, 255, 0)!important;}#piotnetforms .p16964760 .piotnetforms-field-group .piotnetforms-select-wrapper select{background: rgba(255, 255, 255, 0)!important;}#piotnetforms .p16964760 .piotnetforms-field-group:not(.piotnetforms-field-type-upload) .piotnetforms-field:not(.piotnetforms-select-wrapper){padding: 20px 0px 20px 0px;}#piotnetforms .p16964760 .piotnetforms-field-group:not(.piotnetforms-field-type-upload) .piotnetforms-field select{padding: 20px 0px 20px 0px;}#piotnetforms .p16964760 .piotnetforms-field-group:not(.piotnetforms-field-type-upload) .piotnetforms-field .piotnetforms-field-textual .selectize-input{padding: 20px 0px 20px 0px;}#piotnetforms .p16964760 .piotnetforms-field-group:not(.piotnetforms-field-type-upload) .piotnetforms-field .selectize-control .selectize-dropdown .selectize-dropdown-content{padding: 20px 0px 20px 0px;}#piotnetforms .p16964760 .piotnetforms-field-group:not(.piotnetforms-field-type-upload) .piotnetforms-field:not(.piotnetforms-select-wrapper){border-style: solid;}#piotnetforms .p16964760 .piotnetforms-field-group:not(.piotnetforms-field-type-upload) .piotnetforms-field .piotnetforms-field-textual{border-style: solid;}#piotnetforms .p16964760 .piotnetforms-field-group:not(.piotnetforms-field-type-upload) .piotnetforms-field .piotnetforms-field-textual .selectize-input{border-style: solid;}#piotnetforms .p16964760 .piotnetforms-field-group:not(.piotnetforms-field-type-upload) .piotnetforms-field .selectize-control .selectize-dropdown{border-style: solid;}#piotnetforms .p16964760 .piotnetforms-signature canvas{border-style: solid;}#piotnetforms .p16964760 .piotnetforms-field-group:not(.piotnetforms-field-type-upload) .piotnetforms-field:not(.piotnetforms-select-wrapper){border-width: 0px 0px 1px 0px;}#piotnetforms .p16964760 .piotnetforms-field-group:not(.piotnetforms-field-type-upload) .piotnetforms-field .piotnetforms-field-textual{border-width: 0px 0px 1px 0px;}#piotnetforms .p16964760 .piotnetforms-field-group:not(.piotnetforms-field-type-upload) .piotnetforms-field .piotnetforms-field-textual .selectize-input{border-width: 0px 0px 1px 0px;}#piotnetforms .p16964760 .piotnetforms-field-group:not(.piotnetforms-field-type-upload) .piotnetforms-field .selectize-control .selectize-dropdown{border-width: 0px 0px 1px 0px;}#piotnetforms .p16964760 .piotnetforms-signature canvas{border-width: 0px 0px 1px 0px;}#piotnetforms .p16964760 .piotnetforms-field-group:not(.piotnetforms-field-type-upload) .piotnetforms-field:not(.piotnetforms-select-wrapper){border-color: rgba(0, 0, 0, 1);}#piotnetforms .p16964760 .piotnetforms-field-group:not(.piotnetforms-field-type-upload) .piotnetforms-field .piotnetforms-field-textual{border-color: rgba(0, 0, 0, 1);}#piotnetforms .p16964760 .piotnetforms-field-group:not(.piotnetforms-field-type-upload) .piotnetforms-field .piotnetforms-field-textual .selectize-input{border-color: rgba(0, 0, 0, 1);}#piotnetforms .p16964760 .piotnetforms-field-group:not(.piotnetforms-field-type-upload) .piotnetforms-field .selectize-control .selectize-dropdown{border-color: rgba(0, 0, 0, 1);}#piotnetforms .p16964760 .piotnetforms-signature canvas{border-color: rgba(0, 0, 0, 1);}#piotnetforms .p16964760 .piotnetforms-field-group:not(.piotnetforms-field-type-upload) .piotnetforms-field:not(.piotnetforms-select-wrapper){border-radius: 0px 0px 0px 0px;}#piotnetforms .p16964760 .piotnetforms-field-group .piotnetforms-select-wrapper select{border-radius: 0px 0px 0px 0px;}#piotnetforms .p16964760 .piotnetforms-field-group .piotnetforms-select-wrapper .piotnetforms-field-textual{border-radius: 0px 0px 0px 0px;}#piotnetforms .p16964760 .piotnetforms-field-group .piotnetforms-select-wrapper .piotnetforms-field-textual .selectize-input{border-radius: 0px 0px 0px 0px;}#piotnetforms .p16964760 .piotnetforms-field-group .piotnetforms-select-wrapper .selectize-control .selectize-dropdown .selectize-dropdown-content{border-radius: 0px 0px 0px 0px;}#piotnetforms .p16964760 .piotnetforms-signature canvas{border-radius: 0px 0px 0px 0px;} "}