[
    {
        "name": "smalot/pdfparser",
        "version": "v0.18.2",
        "version_normalized": "0.18.2.0",
        "source": {
            "type": "git",
            "url": "https://github.com/smalot/pdfparser.git",
            "reference": "b6db6aa9f605e9a82a29f1325309929a1e0beac0"
        },
        "dist": {
            "type": "zip",
            "url": "https://api.github.com/repos/smalot/pdfparser/zipball/b6db6aa9f605e9a82a29f1325309929a1e0beac0",
            "reference": "b6db6aa9f605e9a82a29f1325309929a1e0beac0",
            "shasum": ""
        },
        "require": {
            "ext-zlib": "*",
            "php": ">=5.6",
            "symfony/polyfill-mbstring": "^1.18"
        },
        "require-dev": {
            "friendsofphp/php-cs-fixer": "^2.16",
            "symfony/phpunit-bridge": "^5.2"
        },
        "time": "2021-02-25T07:40:30+00:00",
        "type": "library",
        "installation-source": "dist",
        "autoload": {
            "psr-0": {
                "Smalot\\PdfParser\\": "src/"
            }
        },
        "notification-url": "https://packagist.org/downloads/",
        "license": [
            "LGPL-3.0"
        ],
        "authors": [
            {
                "name": "Sebastien MALOT",
                "email": "sebastien@malot.fr"
            }
        ],
        "description": "Pdf parser library. Can read and extract information from pdf file.",
        "homepage": "https://www.pdfparser.org",
        "keywords": [
            "extract",
            "parse",
            "parser",
            "pdf",
            "text"
        ]
    },
    {
        "name": "symfony/polyfill-mbstring",
        "version": "v1.22.1",
        "version_normalized": "1.22.1.0",
        "source": {
            "type": "git",
            "url": "https://github.com/symfony/polyfill-mbstring.git",
            "reference": "5232de97ee3b75b0360528dae24e73db49566ab1"
        },
        "dist": {
            "type": "zip",
            "url": "https://api.github.com/repos/symfony/polyfill-mbstring/zipball/5232de97ee3b75b0360528dae24e73db49566ab1",
            "reference": "5232de97ee3b75b0360528dae24e73db49566ab1",
            "shasum": ""
        },
        "require": {
            "php": ">=7.1"
        },
        "suggest": {
            "ext-mbstring": "For best performance"
        },
        "time": "2021-01-22T09:19:47+00:00",
        "type": "library",
        "extra": {
            "branch-alias": {
                "dev-main": "1.22-dev"
            },
            "thanks": {
                "name": "symfony/polyfill",
                "url": "https://github.com/symfony/polyfill"
            }
        },
        "installation-source": "dist",
        "autoload": {
            "psr-4": {
                "Symfony\\Polyfill\\Mbstring\\": ""
            },
            "files": [
                "bootstrap.php"
            ]
        },
        "notification-url": "https://packagist.org/downloads/",
        "license": [
            "MIT"
        ],
        "authors": [
            {
                "name": "Nicolas Grekas",
                "email": "p@tchwork.com"
            },
            {
                "name": "Symfony Community",
                "homepage": "https://symfony.com/contributors"
            }
        ],
        "description": "Symfony polyfill for the Mbstring extension",
        "homepage": "https://symfony.com",
        "keywords": [
            "compatibility",
            "mbstring",
            "polyfill",
            "portable",
            "shim"
        ]
    }
]
