{
  "IcoMoonType": "selection",
  "icons": [
    {
      "icon": {
        "paths": [
          "M286.563 464.997c16.842 16.811 81.71 85.273 81.71 85.273l35.965-37.090-56.369-58.244 108.206-114.926c0 0-48.838-47.62-27.466-28.653 20.437-75.897 1.812-160.577-55.838-220.227-57.15-59.182-138.36-78.586-211.322-58.214l123.644 127.706-32.528 125.3-121.051 33.436-123.581-127.739c-19.717 75.431-0.969 159.327 56.307 218.54 60.089 62.118 146.61 80.367 222.322 54.838zM698.801 589.203l-149.11 147.297 245.914 254.786c20.061 20.81 46.495 31.186 72.867 31.186 26.248 0 52.62-10.374 72.806-31.186 40.246-41.621 40.246-108.989 0-150.609l-242.476-251.475zM1023.644 161.842l-156.61-161.827-461.639 477.263 56.369 58.244-276.315 285.595-63.149 33.747-89.21 145.548 22.717 23.56 140.829-92.24 32.653-65.307 276.316-285.533 56.4 58.244 461.64-477.293z"
        ],
        "attrs": [
          {}
        ],
        "isMulticolor": false,
        "isMulticolor2": false,
        "tags": [
          "tools"
        ],
        "grid": 32
      },
      "attrs": [
        {}
      ],
      "properties": {
        "order": 3360,
        "id": 283,
        "name": "tools",
        "prevSize": 32,
        "code": 59657
      },
      "setIdx": 3,
      "setId": 4,
      "iconIdx": 0
    },
    {
      "icon": {
        "paths": [
          "M768 63.998h-640c-62 0-128 64-128 128v384c0 128 128 128 128 128h64v256l256-256c0 0 258 0 320 0s128-68 128-128v-384c0-62-64-128-128-128z"
        ],
        "attrs": [
          {}
        ],
        "width": 896,
        "isMulticolor": false,
        "isMulticolor2": false,
        "tags": [
          "comment"
        ],
        "grid": 32
      },
      "attrs": [
        {}
      ],
      "properties": {
        "order": 3361,
        "id": 284,
        "name": "comment",
        "prevSize": 32,
        "code": 59658
      },
      "setIdx": 3,
      "setId": 4,
      "iconIdx": 1
    },
    {
      "icon": {
        "paths": [
          "M738.662 797.328h170.663l-226.662 226.662-226.662-226.662h170.663v-399.992h111.998v399.992zM341.337 0.010l226.662 226.662h-170.663v399.992h-111.998v-399.992h-170.663z"
        ],
        "attrs": [
          {}
        ],
        "isMulticolor": false,
        "isMulticolor2": false,
        "tags": [
          "import_export"
        ],
        "grid": 32
      },
      "attrs": [
        {}
      ],
      "properties": {
        "order": 3362,
        "id": 285,
        "name": "import_export",
        "prevSize": 32,
        "code": 59659
      },
      "setIdx": 3,
      "setId": 4,
      "iconIdx": 2
    },
    {
      "icon": {
        "paths": [
          "M512 767.994c50.109 0 93.682-43.573 93.682-93.682s-43.573-93.682-93.682-93.682-93.682 43.573-93.682 93.682 43.573 93.682 93.682 93.682zM372.566 395.443h278.869l-139.434-204.794zM753.831 395.443h222.223c26.144 0 47.931 19.608 47.931 45.752-37.718 150.372-80.289 295.893-119.826 444.447-10.893 39.216-45.752 67.539-89.325 67.539h-605.668c-43.573 0-78.432-28.323-89.325-67.539l-117.648-431.375c-2.179-4.357-2.179-8.715-2.179-13.072 0-26.144 21.787-45.752 47.931-45.752h222.223l202.616-305.013c8.715-13.072 23.965-19.608 39.216-19.608s30.501 6.536 39.216 19.608z"
        ],
        "attrs": [
          {}
        ],
        "isMulticolor": false,
        "isMulticolor2": false,
        "tags": [
          "shopping_basket"
        ],
        "grid": 32
      },
      "attrs": [
        {}
      ],
      "properties": {
        "order": 3370,
        "id": 286,
        "name": "shopping_basket",
        "prevSize": 32,
        "code": 59660
      },
      "setIdx": 3,
      "setId": 4,
      "iconIdx": 3
    },
    {
      "icon": {
        "paths": [
          "M804.559 681.134v-43.427c0-98.282-194.278-150.851-292.559-150.851s-292.559 52.569-292.559 150.851v43.427h585.118zM512 160.012c-73.14 0-132.566 59.426-132.566 132.566s59.426 130.28 132.566 130.28 132.566-57.14 132.566-130.28-59.426-132.566-132.566-132.566zM852.557 0.019c52.569 0 98.282 43.427 98.282 95.996v683.4c0 52.569-45.712 98.282-98.282 98.282h-194.278l-146.28 146.28-146.28-146.28h-194.278c-54.855 0-98.282-45.712-98.282-98.282v-683.4c0-52.569 43.427-95.996 98.282-95.996h681.114z"
        ],
        "attrs": [
          {}
        ],
        "isMulticolor": false,
        "isMulticolor2": false,
        "tags": [
          "person_pin"
        ],
        "grid": 32
      },
      "attrs": [
        {}
      ],
      "properties": {
        "order": 3371,
        "id": 287,
        "name": "person_pin",
        "prevSize": 32,
        "code": 59661
      },
      "setIdx": 3,
      "setId": 4,
      "iconIdx": 4
    },
    {
      "icon": {
        "paths": [
          "M651.432 605.681c124.182 0 372.546 61.002 372.546 185.183v93.681h-745.091v-93.681c0-124.182 248.363-185.183 372.546-185.183zM233.135 418.319h139.432v93.681h-139.432v139.432h-93.681v-139.432h-139.432v-93.681h139.432v-139.432h93.681v139.432zM651.432 512c-102.396 0-185.183-82.788-185.183-185.183s82.788-187.362 185.183-187.362 185.183 84.967 185.183 187.362-82.788 185.183-185.183 185.183z"
        ],
        "attrs": [
          {}
        ],
        "isMulticolor": false,
        "isMulticolor2": false,
        "tags": [
          "person_add"
        ],
        "grid": 32
      },
      "attrs": [
        {}
      ],
      "properties": {
        "order": 3372,
        "id": 288,
        "name": "person_add",
        "prevSize": 32,
        "code": 59662
      },
      "setIdx": 3,
      "setId": 4,
      "iconIdx": 5
    },
    {
      "icon": {
        "paths": [
          "M512 640.746c170.664 0 511.991 83.835 511.991 254.498v128.746h-1023.982v-128.746c0-170.664 341.327-254.498 511.991-254.498zM512 512c-140.723 0-254.498-113.776-254.498-254.498s113.776-257.493 254.498-257.493 254.498 116.77 254.498 257.493-113.776 254.498-254.498 254.498z"
        ],
        "attrs": [
          {}
        ],
        "isMulticolor": false,
        "isMulticolor2": false,
        "tags": [
          "person"
        ],
        "grid": 32
      },
      "attrs": [
        {}
      ],
      "properties": {
        "order": 3373,
        "id": 289,
        "name": "person",
        "prevSize": 32,
        "code": 59663
      },
      "setIdx": 3,
      "setId": 4,
      "iconIdx": 6
    },
    {
      "icon": {
        "paths": [
          "M823.989 512c47.998 0 85.331-37.332 85.331-85.331s-37.332-85.331-85.331-85.331-85.331 37.332-85.331 85.331 37.332 85.331 85.331 85.331zM653.329 285.341c47.998 0 85.331-37.332 85.331-85.331s-37.332-85.331-85.331-85.331-85.331 37.332-85.331 85.331 37.332 85.331 85.331 85.331zM370.671 285.341c47.998 0 85.331-37.332 85.331-85.331s-37.332-85.331-85.331-85.331-85.331 37.332-85.331 85.331 37.332 85.331 85.331 85.331zM200.011 512c47.998 0 85.331-37.332 85.331-85.331s-37.332-85.331-85.331-85.331-85.331 37.332-85.331 85.331 37.332 85.331 85.331 85.331zM512 0.017c282.657 0 511.983 205.326 511.983 455.984 0 157.328-127.996 282.657-285.324 282.657h-98.664c-47.998 0-85.331 37.332-85.331 85.331 0 21.333 8 39.998 21.333 55.998s21.333 37.332 21.333 58.665c0 47.998-37.332 85.331-85.331 85.331-282.657 0-511.983-229.326-511.983-511.983s229.326-511.983 511.983-511.983z"
        ],
        "attrs": [
          {}
        ],
        "isMulticolor": false,
        "isMulticolor2": false,
        "tags": [
          "palette"
        ],
        "grid": 32
      },
      "attrs": [
        {}
      ],
      "properties": {
        "order": 3374,
        "id": 290,
        "name": "palette",
        "prevSize": 32,
        "code": 59664
      },
      "setIdx": 3,
      "setId": 4,
      "iconIdx": 7
    },
    {
      "icon": {
        "paths": [
          "M312.004 597.332l-197.329 255.995h794.651l-255.995-341.327-197.329 255.995zM1023.99 909.326c0 61.332-53.332 114.664-114.664 114.664h-794.651c-61.332 0-114.664-53.332-114.664-114.664v-794.651c0-61.332 53.332-114.664 114.664-114.664h794.651c61.332 0 114.664 53.332 114.664 114.664v794.651z"
        ],
        "attrs": [
          {}
        ],
        "isMulticolor": false,
        "isMulticolor2": false,
        "tags": [
          "photo"
        ],
        "grid": 32
      },
      "attrs": [
        {}
      ],
      "properties": {
        "order": 3375,
        "id": 291,
        "name": "photo",
        "prevSize": 32,
        "code": 59665
      },
      "setIdx": 3,
      "setId": 4,
      "iconIdx": 8
    },
    {
      "icon": {
        "paths": [
          "M1023.986 369.149v453.701q0 37.713-26.856 64.569t-64.569 26.856h-841.118q-37.713 0-64.569-26.856t-26.856-64.569v-453.701q25.142 27.999 57.712 49.713 206.851 140.567 283.992 197.137 32.57 23.999 52.855 37.428t53.998 27.428 62.855 14h1.143q29.142 0 62.855-14t53.998-27.428 52.855-37.428q97.14-70.284 284.563-197.137 32.57-22.285 57.141-49.713zM1023.986 201.154q0 45.142-27.999 86.283t-69.712 70.284q-214.851 149.139-267.421 185.709-5.714 4-24.285 17.428t-30.856 21.713-29.713 18.57-32.856 15.429-28.57 5.143h-1.143q-13.143 0-28.57-5.143t-32.856-15.429-29.713-18.57-30.856-21.713-24.285-17.428q-51.998-36.57-149.71-104.283t-117.14-81.427q-35.428-23.999-66.855-65.998t-31.428-77.998q0-44.57 23.713-74.284t67.712-29.713h841.118q37.142 0 64.284 26.856t27.142 64.569z"
        ],
        "attrs": [
          {}
        ],
        "isMulticolor": false,
        "isMulticolor2": false,
        "tags": [
          "envelope"
        ],
        "grid": 32
      },
      "attrs": [
        {}
      ],
      "properties": {
        "order": 3376,
        "id": 292,
        "name": "envelope",
        "prevSize": 32,
        "code": 59666
      },
      "setIdx": 3,
      "setId": 4,
      "iconIdx": 9
    },
    {
      "icon": {
        "paths": [
          "M299.694 856.66l179.821-89.913v-147.041l-179.821 76.801v160.154zM269.724 644.058l189.187-81.016-189.187-81.016-189.187 81.016zM779.22 856.66l179.821-89.913v-147.041l-179.821 76.801v160.154zM749.251 644.058l189.187-81.016-189.187-81.016-189.187 81.016zM539.457 506.847l179.821-77.27v-124.562l-179.821 76.801v125.030zM509.483 329.368l206.514-88.505-206.514-88.505-206.514 88.505zM1018.983 571.94v194.809q0 16.856-8.9 31.379t-24.35 22.012l-209.791 104.895q-11.71 6.556-26.69 6.556t-26.69-6.556l-209.791-104.895q-2.344-0.934-3.278-1.875-0.934 0.934-3.278 1.875l-209.791 104.895q-11.71 6.556-26.69 6.556t-26.69-6.556l-209.791-104.895q-15.456-7.489-24.35-22.012t-8.9-31.379v-194.809q0-17.795 10.067-32.779t26.457-22.479l203.236-87.105v-187.314q0-17.795 10.067-32.779t26.457-22.479l209.791-89.913q10.767-4.681 23.412-4.681t23.412 4.681l209.791 89.913q16.39 7.489 26.457 22.479t10.067 32.779v187.314l203.236 87.105q16.856 7.489 26.69 22.479t9.833 32.779z"
        ],
        "attrs": [
          {}
        ],
        "width": 1019,
        "isMulticolor": false,
        "isMulticolor2": false,
        "tags": [
          "cubes"
        ],
        "grid": 32
      },
      "attrs": [
        {}
      ],
      "properties": {
        "order": 3377,
        "id": 293,
        "name": "cubes",
        "prevSize": 32,
        "code": 59667
      },
      "setIdx": 3,
      "setId": 4,
      "iconIdx": 10
    },
    {
      "icon": {
        "paths": [
          "M1002.857 258.857q21.143 21.143 21.143 51.429t-21.143 52l-229.143 228.571 85.714 85.714-91.429 91.429q-93.143 93.143-222.571 106.571t-235.143-57.429l-206.857 206.857h-103.429v-103.429l206.857-206.857q-70.857-105.714-57.429-235.143t106.571-222.571l91.429-91.429 85.714 85.714 228.571-229.143q21.714-21.143 52-21.143t51.429 21.143 21.143 51.714-21.143 51.714l-228.571 229.143 133.714 133.714 229.143-228.571q21.714-21.143 52-21.143t51.429 21.143z"
        ],
        "attrs": [
          {}
        ],
        "isMulticolor": false,
        "isMulticolor2": false,
        "tags": [
          "plug"
        ],
        "grid": 32
      },
      "attrs": [
        {}
      ],
      "properties": {
        "order": 3378,
        "id": 294,
        "name": "plug",
        "prevSize": 32,
        "code": 59668
      },
      "setIdx": 3,
      "setId": 4,
      "iconIdx": 11
    },
    {
      "icon": {
        "paths": [
          "M910.993 272q8 8 16 20.571h-269.714v-269.714q12.571 8 20.571 16zM638.993 365.714h310.857v603.429q0 22.857-16 38.857t-38.857 16h-768q-22.857 0-38.857-16t-16-38.857v-914.286q0-22.857 16-38.857t38.857-16h457.143v310.857q0 22.857 16 38.857t38.857 16zM730.422 786.286v-36.571q0-8-5.143-13.143t-13.143-5.143h-402.286q-8 0-13.143 5.143t-5.143 13.143v36.571q0 8 5.143 13.143t13.143 5.143h402.286q8 0 13.143-5.143t5.143-13.143zM730.422 640v-36.571q0-8-5.143-13.143t-13.143-5.143h-402.286q-8 0-13.143 5.143t-5.143 13.143v36.571q0 8 5.143 13.143t13.143 5.143h402.286q8 0 13.143-5.143t5.143-13.143zM730.422 493.714v-36.571q0-8-5.143-13.143t-13.143-5.143h-402.286q-8 0-13.143 5.143t-5.143 13.143v36.571q0 8 5.143 13.143t13.143 5.143h402.286q8 0 13.143-5.143t5.143-13.143z"
        ],
        "attrs": [
          {}
        ],
        "width": 1022,
        "isMulticolor": false,
        "isMulticolor2": false,
        "tags": [
          "page"
        ],
        "grid": 32
      },
      "attrs": [
        {}
      ],
      "properties": {
        "order": 3379,
        "id": 295,
        "name": "page",
        "prevSize": 32,
        "code": 59669
      },
      "setIdx": 3,
      "setId": 4,
      "iconIdx": 12
    },
    {
      "icon": {
        "paths": [
          "M0 1024c128-384 463-1024 1024-1024-263 211-384 704-576 704s-192 0-192 0l-192 320h-64z"
        ],
        "attrs": [
          {}
        ],
        "isMulticolor": false,
        "isMulticolor2": false,
        "tags": [
          "feather"
        ],
        "grid": 32
      },
      "attrs": [
        {}
      ],
      "properties": {
        "order": 3380,
        "id": 297,
        "name": "feather",
        "prevSize": 32,
        "code": 59670
      },
      "setIdx": 3,
      "setId": 4,
      "iconIdx": 13
    },
    {
      "icon": {
        "paths": [
          "M448 128v-16c0-26.4-21.6-48-48-48h-160c-26.4 0-48 21.6-48 48v16h-192v128h192v16c0 26.4 21.6 48 48 48h160c26.4 0 48-21.6 48-48v-16h576v-128h-576zM256 256v-128h128v128h-128zM832 432c0-26.4-21.6-48-48-48h-160c-26.4 0-48 21.6-48 48v16h-576v128h576v16c0 26.4 21.6 48 48 48h160c26.4 0 48-21.6 48-48v-16h192v-128h-192v-16zM640 576v-128h128v128h-128zM448 752c0-26.4-21.6-48-48-48h-160c-26.4 0-48 21.6-48 48v16h-192v128h192v16c0 26.4 21.6 48 48 48h160c26.4 0 48-21.6 48-48v-16h576v-128h-576v-16zM256 896v-128h128v128h-128z"
        ],
        "attrs": [
          {}
        ],
        "isMulticolor": false,
        "isMulticolor2": false,
        "tags": [
          "settings"
        ],
        "grid": 32
      },
      "attrs": [
        {}
      ],
      "properties": {
        "order": 3381,
        "id": 298,
        "name": "settings",
        "prevSize": 32,
        "code": 59671
      },
      "setIdx": 3,
      "setId": 4,
      "iconIdx": 14
    },
    {
      "icon": {
        "paths": [
          "M514.262 336.295c5.026-12.794 6.854-15.079 9.595-15.079 4.11 0 5.483 5.483 9.593 14.162 7.314 16.449 71.745 176.849 96.422 235.797 14.622 34.73 25.592 39.753 34.273 42.495 5.94 1.828 11.88 2.285 15.995 2.285 2.285 0 5.026 0.911 5.026 3.198s-4.572 3.198-9.141 3.198c-5.94 0-35.641 0-63.52-0.911-7.771-0.46-14.162-0.46-14.162-2.742 0-1.828 0.911-1.828 2.742-2.742 2.285-0.914 6.397-4.11 3.655-10.512l-36.095-89.109c-0.911-1.828-1.368-2.285-3.655-2.285h-92.761c-1.83 0-3.198 0.911-4.11 3.198l-22.85 62.149c-3.655 9.593-5.94 19.195-5.94 26.051 0 7.771 6.854 10.512 13.708 10.512h3.655c3.198 0 4.112 1.368 4.112 3.198 0 2.285-2.285 3.198-5.94 3.198-9.595 0-31.532-1.368-36.104-1.368-4.11 0-24.218 1.368-40.67 1.368-5.026 0-7.771-0.911-7.771-3.198 0-1.83 1.828-3.198 3.655-3.198 2.742 0 8.682-0.46 11.88-0.914 18.278-2.285 26.051-15.995 33.813-35.641l94.589-243.105zM559.045 498.062c1.83 0 1.83-0.911 1.374-2.742l-39.753-106.475c-2.285-5.94-4.572-5.94-6.854 0l-37.472 106.475c-0.46 1.828 0 2.742 1.368 2.742h81.34z",
          "M913.183 615.5c-14.622 7.314-42.041 11.883-63.52 11.883-111.044 0-157.652-82.708-157.652-152.628 0-62.603 48.435-151.711 159.48-151.711 90.482 0 159.026 55.75 159.026 145.771 0 68.089-44.323 113.786-70.831 130.236l82.254 40.67c87.741 43.412 148.513 45.693 168.618 45.693s50.725-5.026 78.596-15.079c2.744-0.914 4.572-1.374 5.94-1.374s2.285 1.83 2.285 2.742c0 1.828-0.911 3.198-3.198 4.11-22.844 10.055-68.541 26.96-127.954 26.96-48.895 0-101.443-15.995-166.331-51.177l-66.716-36.095zM860.173 611.391c36.104 0 109.216-19.649 109.216-131.604 0-92.307-57.118-142.116-120.64-142.116-67.173 0-115.61 41.587-115.61 126.58 0 89.566 54.376 147.142 127.035 147.142z",
          "M1196.49 571.629c23.31-52.094 75.854-184.611 84.536-212.487 1.83-5.94 3.655-11.423 3.655-14.622s-1.368-6.854-5.483-8.222c-4.572-1.368-9.141-1.368-13.708-1.368-2.285 0-4.566-1.374-4.566-3.198 0-2.285 2.742-3.198 9.141-3.198 15.995 0 34.268 0.911 39.299 0.911 2.285 0 19.652-0.911 31.532-0.911 4.11 0 6.397 0.911 6.397 2.742s-1.368 3.655-4.566 3.655c-2.744 0-11.883 0-19.195 4.572-5.483 3.655-11.88 9.141-22.39 35.641-4.572 10.966-24.218 57.577-44.785 105.104-24.678 56.663-42.495 98.701-51.637 117.898-10.969 23.31-13.254 29.247-17.37 29.247-4.566 0-7.308-5.026-15.079-23.761l-98.701-238.079c-9.141-21.936-14.622-26.051-27.876-29.247-6.397-1.368-13.254-1.368-15.535-1.368s-3.198-2.285-3.198-3.655c0-2.285 4.11-2.742 10.512-2.742 19.195 0 42.044 0.911 47.064 0.911 4.112 0 21.936-0.911 37.474-0.911 7.314 0 10.966 0.911 10.966 2.742s-1.368 3.655-4.112 3.655c-4.566 0-10.966 0.46-14.622 1.828-4.11 1.83-4.566 4.11-4.566 6.854 0 5.026 5.026 16.903 10.966 32.443l75.854 195.581z",
          "M1443.242 509.488c0 37.472 0 68.089 1.828 84.079 1.368 11.426 2.742 18.738 14.622 20.565 5.94 0.911 14.622 1.83 18.275 1.83 2.287 0 3.201 1.828 3.201 3.198 0 1.828-1.828 3.198-6.397 3.198-22.39 0-48.435-1.368-50.268-1.368-2.285 0-27.419 1.368-39.753 1.368-4.112 0-6.397-0.911-6.397-3.198 0-1.374 0.911-3.198 3.198-3.198 3.655 0 8.682-0.914 12.337-1.83 7.771-1.828 9.141-9.141 10.509-20.565 1.83-15.995 2.287-46.61 2.287-84.079v-68.546c0-60.322 0-71.285-0.911-83.625-0.914-13.254-4.112-19.195-12.794-21.020-4.572-0.911-9.595-1.368-12.337-1.368-1.828 0-3.198-1.83-3.198-3.198 0-2.285 1.828-3.198 6.397-3.198 13.248 0 38.383 0.911 40.67 0.911 1.828 0 27.876-0.911 40.213-0.911 4.566 0 6.397 0.911 6.397 3.198 0 1.368-1.828 3.198-3.198 3.198-2.742 0-5.483 0-10.050 0.911-10.969 2.285-13.254 7.771-14.162 21.476-0.46 12.337-0.46 23.31-0.46 83.625v68.546z",
          "M1611.86 510.399c0 57.118 0.911 80.426 8.222 87.281 6.397 6.397 21.936 9.141 53.468 9.141 21.020 0 38.84-0.46 48.435-11.88 5.026-5.94 8.222-14.162 9.593-21.936 0.46-2.742 1.828-5.026 4.112-5.026 1.828 0 2.742 1.828 2.742 5.94s-2.742 27.419-5.94 38.845c-2.742 9.141-4.11 10.512-25.586 10.512-28.79 0-51.177-0.46-69.917-1.374-18.275-0.46-31.991-0.911-43.869-0.911-1.828 0-8.682 0-16.449 0.46-8.222 0.46-16.903 0.911-23.31 0.911-4.112 0-6.397-0.911-6.397-3.198 0-1.374 0.911-3.198 3.198-3.198 3.655 0 8.682-0.914 12.337-1.83 7.771-1.828 8.682-9.141 10.509-20.565 2.287-15.995 2.287-46.61 2.287-84.079v-68.546c0-60.322 0-71.285-0.911-83.625-0.914-13.254-3.201-19.652-16.449-21.476-3.198-0.46-10.050-0.911-13.708-0.911-1.368 0-3.198-1.83-3.198-3.198 0-2.285 1.828-3.198 6.397-3.198 18.275 0 43.412 0.911 45.693 0.911 1.828 0 31.991-0.911 44.323-0.911 4.112 0 6.397 0.911 6.397 3.198 0 1.368-1.828 2.742-3.198 2.742-2.744 0-8.687 0.46-13.254 0.911-11.883 2.285-14.162 8.222-15.079 21.936-0.46 12.337-0.46 23.31-0.46 83.625v69.46z",
          "M1885.106 336.295c5.026-12.794 6.854-15.079 9.593-15.079 4.112 0 5.483 5.483 9.595 14.162 7.314 16.449 71.745 176.849 96.422 235.797 14.622 34.73 25.586 39.753 34.273 42.495 5.934 1.828 11.88 2.285 15.995 2.285 2.285 0 5.026 0.911 5.026 3.198s-4.566 3.198-9.141 3.198c-5.94 0-35.641 0-63.52-0.911-7.771-0.46-14.162-0.46-14.162-2.742 0-1.828 0.911-1.828 2.742-2.742 2.285-0.914 6.397-4.11 3.655-10.512l-36.104-89.114c-0.911-1.828-1.368-2.285-3.655-2.285h-92.764c-1.828 0-3.198 0.911-4.11 3.198l-22.844 62.149c-3.655 9.593-5.94 19.195-5.94 26.051 0 7.771 6.854 10.512 13.708 10.512h3.655c3.201 0 4.112 1.368 4.112 3.198 0 2.285-2.287 3.198-5.94 3.198-9.593 0-31.526-1.368-36.104-1.368-4.112 0-24.218 1.368-40.67 1.368-5.026 0-7.771-0.911-7.771-3.198 0-1.83 1.83-3.198 3.655-3.198 2.742 0 8.682-0.46 11.883-0.914 18.275-2.285 26.046-15.995 33.813-35.641l94.589-243.102zM1929.89 498.062c1.828 0 1.828-0.911 1.368-2.742l-39.753-106.475c-2.285-5.94-4.572-5.94-6.854 0l-37.472 106.475c-0.46 1.828 0 2.742 1.368 2.742h81.34z",
          "M265.296 391.854c-2.173 6.578-16.355 1.14-23.326 2.917-4.809 5.152 2.666 14.468 5.829 20.409-6.121 13.315-19.512 19.362-29.152 29.152-14.817-5.586-22.744-18.075-34.984-26.238-1.209-38.75 58.001-55.58 81.633-26.241z",
          "M32.068 415.178c18.849 0.627 50.070 14.039 75.799 17.492-47.307-23.806-108.347-48.853-107.871-110.782 54.894 62.687 187.807 47.36 177.832 174.915 3.070 8.592 13.187 10.136 20.409 14.574 6.72-7.851 1.036-28.113 2.914-40.815 7.768 2.923 9.615 11.763 14.577 17.492 7.029-1.881 11.574-21.242 17.49-14.577 0 12.63 0 25.266 0 37.895 10.3-1.362 15.962-7.361 23.321-11.657-15.616-87.309 50.798-101.919 107.871-134.109 30.347-17.119 54.234-36.686 72.881-40.815-11.181 60.728-58.374 85.448-110.782 104.951 20.303 1.805 52.824-9.345 72.884-17.49-4.884 29.144-52.913 40.372-87.468 49.555 8.060 5.113 30.208-2.939 49.558-2.914-22.967 24.647-57.797 37.435-93.288 49.555 7.548 24.477 41.96 62.642 2.914 75.804-5.188-13.279-16.224-20.71-20.404-34.984-5.851 12.733 2.594 36.207 5.826 49.563-7.662 9.832-17.048 17.924-29.152 23.321-0.602-17.866-6.876-30.058-8.746-46.644-7.495 11.944-9.381 29.492-11.657 46.644-12.618-3.895-18.289-14.747-29.155-20.409 4.374-16.034 7.255-33.565 8.746-52.479-8.771 10.668-16.491 22.374-23.321 34.984-37.63-11.847-7.149-51.286 2.914-72.887-31.125-16.485-68.421-26.815-93.288-49.555 12.532-6.609 33.337 3.522 49.558 2.914-31.59-15.053-74.107-19.183-90.377-49.555z",
          "M183.662 418.095c0 0-1.83 34.502-22.257 5.567l-4.99 16.129 8.261 55.758 12.148 10.328 24.775 7.163 34.624 2.067 23.808-13.847 18.342-71.789-6.689-5.834c0 0-10.487 12.838-23.881-8.461z"
        ],
        "attrs": [],
        "width": 2056,
        "isMulticolor": false,
        "isMulticolor2": false,
        "grid": 32,
        "tags": [
          "aquila_full"
        ],
        "colorPermutations": {
          "11816111": [
            {
              "f": 1
            },
            {
              "f": 1
            },
            {
              "f": 1
            },
            {
              "f": 1
            },
            {
              "f": 1
            },
            {
              "f": 1
            },
            {
              "f": 0
            },
            {
              "f": 0
            },
            {
              "f": 0
            }
          ],
          "140219123111101831301611841071": [
            {
              "f": 0
            },
            {
              "f": 0
            },
            {
              "f": 0
            },
            {
              "f": 0
            },
            {
              "f": 0
            },
            {
              "f": 0
            },
            {
              "f": 0
            },
            {
              "f": 0
            },
            {
              "f": 0
            }
          ]
        }
      },
      "attrs": [],
      "properties": {
        "order": 3382,
        "id": 282,
        "name": "aquila_full",
        "prevSize": 32,
        "code": 59672,
        "codes": [
          59672,
          59673,
          59674,
          59675,
          59676,
          59677,
          59678,
          59679,
          59680
        ]
      },
      "setIdx": 3,
      "setId": 4,
      "iconIdx": 15
    },
    {
      "icon": {
        "paths": [
          "M354.081 502.402l-288.459 288.459q-6.19 6.19-14.237 6.19t-14.237-6.19l-30.95-30.95q-6.19-6.19-6.19-14.237t6.19-14.237l243.27-243.27-243.27-243.27q-6.19-6.19-6.19-14.237t6.19-14.237l30.95-30.95q6.19-6.19 14.237-6.19t14.237 6.19l288.459 288.459q6.19 6.19 6.19 14.237t-6.19 14.237zM1021.993 785.29v39.616q0 8.666-5.571 14.237t-14.237 5.571h-594.249q-8.666 0-14.237-5.571t-5.571-14.237v-39.616q0-8.666 5.571-14.237t14.237-5.571h594.249q8.666 0 14.237 5.571t5.571 14.237z"
        ],
        "attrs": [
          {}
        ],
        "width": 1022,
        "isMulticolor": false,
        "isMulticolor2": false,
        "tags": [
          "terminal"
        ],
        "grid": 32,
        "colorPermutations": {
          "140219123111101831301611841071": [
            {}
          ]
        }
      },
      "attrs": [
        {}
      ],
      "properties": {
        "order": 3383,
        "id": 281,
        "name": "terminal",
        "prevSize": 32,
        "code": 59655
      },
      "setIdx": 3,
      "setId": 4,
      "iconIdx": 16
    },
    {
      "icon": {
        "paths": [
          "M322.888 759.806l-28.223 28.223q-5.644 5.644-12.983 5.644t-12.983-5.644l-263.042-263.042q-5.644-5.644-5.644-12.983t5.644-12.983l263.042-263.042q5.644-5.644 12.983-5.644t12.983 5.644l28.223 28.223q5.644 5.644 5.644 12.983t-5.644 12.983l-221.835 221.835 221.835 221.835q5.644 5.644 5.644 12.983t-5.644 12.983zM656.489 157.52l-210.546 728.726q-2.258 7.338-8.749 11.007t-13.265 1.412l-34.997-9.596q-7.338-2.258-11.007-8.749t-1.412-13.829l210.546-728.726q2.258-7.338 8.749-11.007t13.265-1.412l34.997 9.596q7.338 2.258 11.007 8.749t1.412 13.829zM1027.342 524.987l-263.042 263.042q-5.644 5.644-12.983 5.644t-12.983-5.644l-28.223-28.223q-5.644-5.644-5.644-12.983t5.644-12.983l221.835-221.835-221.835-221.835q-5.644-5.644-5.644-12.983t5.644-12.983l28.223-28.223q5.644-5.644 12.983-5.644t12.983 5.644l263.042 263.042q5.644 5.644 5.644 12.983t-5.644 12.983z"
        ],
        "attrs": [
          {}
        ],
        "width": 1033,
        "isMulticolor": false,
        "isMulticolor2": false,
        "tags": [
          "code"
        ],
        "grid": 32,
        "colorPermutations": {
          "140219123111101831301611841071": [
            {}
          ]
        }
      },
      "attrs": [
        {}
      ],
      "properties": {
        "order": 3363,
        "id": 280,
        "prevSize": 32,
        "code": 59656,
        "name": "code"
      },
      "setIdx": 3,
      "setId": 4,
      "iconIdx": 17
    },
    {
      "icon": {
        "paths": [
          "M377.612 791.915c0 0-39.131 22.756 27.848 30.457 81.144 9.257 122.616 7.93 212.036-8.995 0 0 23.509 14.741 56.343 27.509-200.458 85.913-453.676-4.977-296.226-48.97z",
          "M353.118 679.805c0 0-43.889 32.488 23.14 39.42 86.68 8.942 155.133 9.674 273.584-13.135 0 0 16.383 16.61 42.145 25.693-242.365 70.871-512.317 5.589-338.868-51.978z",
          "M559.617 489.628c49.393 56.866-12.977 108.039-12.977 108.039s125.417-64.743 67.818-145.818c-53.795-75.607-95.048-113.173 128.281-242.696 0 0-350.554 87.552-183.122 280.475z",
          "M824.739 874.84c0 0 28.958 23.86-31.892 42.318-115.707 35.052-481.584 45.637-583.224 1.396-36.536-15.895 31.98-37.953 53.533-42.581 22.478-4.874 35.322-3.966 35.322-3.966-40.632-28.624-262.632 56.205-112.765 80.498 408.71 66.281 745.039-29.847 639.025-77.666z",
          "M396.43 563.646c0 0-186.108 44.204-65.905 60.256 50.754 6.795 151.929 5.258 246.171-2.638 77.020-6.497 154.358-20.311 154.358-20.311s-27.158 11.631-46.807 25.047c-188.99 49.705-554.083 26.581-448.977-24.26 88.888-42.967 161.162-38.093 161.162-38.093z",
          "M730.287 750.259c192.117-99.832 103.289-195.768 41.29-182.844-15.196 3.163-21.972 5.904-21.972 5.904s5.642-8.837 16.417-12.663c122.657-43.122 216.988 127.182-39.595 194.634 0 0.003 2.972-2.655 3.861-5.032z",
          "M614.458 0.007c0 0 106.397 106.433-100.913 270.098-166.242 131.287-37.909 206.143-0.069 291.67-97.038-87.552-168.251-164.624-120.477-236.357 70.123-105.297 264.387-156.348 221.459-325.411z",
          "M415.309 1020.78c184.408 11.804 467.589-6.55 474.295-93.806 0 0-12.892 33.079-152.404 59.348-157.397 29.62-351.523 26.162-466.661 7.179 0.003-0.003 23.57 19.507 144.77 27.28z"
        ],
        "attrs": [],
        "width": 1024,
        "isMulticolor": false,
        "isMulticolor2": false,
        "grid": 32,
        "tags": [
          "java"
        ],
        "colorPermutations": {
          "140219122814201531551931841071971381": [
            {
              "f": 0
            },
            {
              "f": 0
            },
            {
              "f": 0
            },
            {
              "f": 0
            },
            {
              "f": 0
            },
            {
              "f": 0
            },
            {
              "f": 0
            },
            {
              "f": 0
            }
          ],
          "140219123111101831301611841071": [
            {
              "f": 3
            },
            {
              "f": 3
            },
            {
              "f": 2
            },
            {
              "f": 3
            },
            {
              "f": 3
            },
            {
              "f": 3
            },
            {
              "f": 2
            },
            {
              "f": 3
            }
          ]
        }
      },
      "attrs": [],
      "properties": {
        "order": 3364,
        "id": 279,
        "name": "java",
        "prevSize": 32,
        "code": 59649,
        "codes": [
          59649
        ]
      },
      "setIdx": 3,
      "setId": 4,
      "iconIdx": 18
    },
    {
      "icon": {
        "paths": [
          "M1.082 0.209c-1.202 0-1.002 1.603-1.002 3.005v1019.846c339.414 2.004 682.836 0 1023.853 0.801v-1023.853h-1022.851zM520.022 905.247c-24.044 24.044-61.311 38.069-107.194 38.069-75.537 0-117.413-36.867-144.261-87.759 26.047-16.43 52.094-32.058 78.943-47.686 10.82 30.655 47.686 64.918 89.362 44.080 26.448-13.625 23.442-54.499 23.442-98.578v-280.508c0-1.202 0-2.404 0.801-2.605h94.972v235.627c0 85.355 6.011 157.084-36.065 199.561zM941.985 820.694c-5.41 79.744-70.528 122.221-158.687 122.221-86.156 0.401-141.456-38.069-175.117-97.176 24.444-16.63 52.094-30.054 77.14-45.683 20.036 31.657 55.1 62.112 106.994 57.504 32.058-2.805 69.726-29.253 48.488-69.125-10.018-19.636-35.063-29.453-57.504-39.071-70.728-31.056-153.879-59.307-145.864-170.308 2.605-37.067 19.636-63.315 42.076-81.748 22.441-19.034 52.695-32.058 93.169-33.060 73.333-2.404 113.606 30.054 141.055 75.737-23.442 18.033-49.089 33.461-74.936 48.688-8.415-26.047-49.289-51.293-83.752-36.065-15.428 7.213-29.453 27.65-21.238 52.695 7.213 22.040 37.067 34.462 61.311 44.681 72.732 31.056 154.279 61.511 146.866 170.308z"
        ],
        "attrs": [
          {}
        ],
        "isMulticolor": false,
        "isMulticolor2": false,
        "grid": 32,
        "tags": [
          "javascript"
        ],
        "colorPermutations": {
          "140219122814201531551931841071971381": [
            {}
          ],
          "140219123111101831301611841071": [
            {}
          ]
        }
      },
      "attrs": [
        {}
      ],
      "properties": {
        "order": 3365,
        "id": 278,
        "name": "javascript",
        "prevSize": 32,
        "code": 59650
      },
      "setIdx": 3,
      "setId": 4,
      "iconIdx": 19
    },
    {
      "icon": {
        "paths": [
          "M153.773 133.65c-0.629-0.358-1.259-0.721-1.888-1.068-26.861 37.058-54.028 73.898-80.507 111.226-45.192 63.763-68.936 134.765-70.375 213.074-1.065 57.918 9.019 114.123 27.964 168.614 59.325 170.768 180.836 282.742 342.080 354.445 99.581 44.278 204.666 54.136 311.978 34.18 90.702-16.868 168.509-57.878 227.293-129.944 33.432-40.996 63.346-84.884 94.772-127.502 0.691-0.928 0.646-2.397 0.527-1.902-22.458 18.288-44.232 39.019-68.836 55.543-91.53 61.42-194.326 75.846-301.495 66.967-64.729-5.358-126.448-23.329-184.976-51.785-90.578-44.020-168.81-103.874-231.048-183.308-59.104-75.442-95.14-161.128-108.942-256.115-10.264-70.716-4.871-139.709 22.213-206.307 6.383-15.655 14.138-30.759 21.242-46.118zM1017.64 485.158c-3.048 2.832-5.912 5.848-9.124 8.468-13.514 11.069-26.261 23.453-40.897 32.787-72.177 46.026-151.689 53.959-234.184 41.647-50.895-7.599-98.061-26.6-141.82-53.628-100.154-61.859-170.123-146.186-195.109-263.695-11.849-55.726-10.794-110.666 10.469-164.243 4.522-11.397 9.74-22.509 14.638-33.747-27.765 35.288-54.306 71.147-78.727 108.404-24.728 37.728-36.407 80.456-37.725 125.253-2.028 68.035 13.538 133.172 49.929 190.108 91.557 143.254 220.073 221.179 394.454 209.696 56.213-3.699 107.863-22.129 152.902-57.375 49.598-38.809 78.278-94.395 115.193-143.676zM1023.073 282.079c-0.511-0.371-1.038-0.759-1.552-1.14-9.038 6.789-17.656 14.307-27.221 20.279-46.615 29.067-98.126 35.859-150.565 25.519-88.714-17.489-156.014-66.824-196.362-148.381-27.286-55.169-34.239-113.004-7.809-171.489 0.463-1.019 0.062-2.429 0.062-6.84-16.943 23.969-32.421 45.109-46.984 66.854-5.904 8.85-10.897 18.651-14.453 28.669-22.7 63.957-11.222 124.772 23.238 180.457 48.057 77.667 118.712 123.362 210.39 131.803 51.718 4.769 101.631-5.31 141.809-40.598 20.058-17.608 35.377-40.657 52.514-61.528 6.136-7.454 11.319-15.701 16.933-23.604z"
        ],
        "attrs": [],
        "isMulticolor": false,
        "isMulticolor2": false,
        "grid": 32,
        "tags": [
          "jquery"
        ],
        "colorPermutations": {
          "17931361180313611803238125525525519091911": [
            {
              "f": 0
            }
          ],
          "140219122814201531551931841071971381": [
            {
              "f": 2
            }
          ],
          "140219123111101831301611841071": [
            {
              "f": 1
            }
          ]
        }
      },
      "attrs": [],
      "properties": {
        "order": 3384,
        "id": 277,
        "name": "jquery",
        "prevSize": 32,
        "code": 59651
      },
      "setIdx": 3,
      "setId": 4,
      "iconIdx": 20
    },
    {
      "icon": {
        "paths": [
          "M943.199 786.842c-55.715-1.389-98.895 4.185-135.111 19.504-10.447 4.177-27.163 4.181-28.556 17.411 5.575 5.575 6.27 14.628 11.145 22.286 8.362 13.924 22.982 32.734 36.216 42.485 14.623 11.141 29.251 22.282 44.57 32.034 27.163 16.716 57.808 26.464 84.271 43.18 15.327 9.743 30.641 22.286 45.963 32.734 7.663 5.567 12.535 14.623 22.287 18.105 0-0.699 0-1.393 0-2.089-4.876-6.27-6.27-15.322-11.141-22.286-6.96-6.964-13.929-13.234-20.893-20.199-20.199-27.159-45.269-50.839-72.431-70.338-22.282-15.322-71.038-36.216-80.090-61.985 0 0-0.699-0.694-1.393-1.389 15.322-1.393 33.428-6.964 48.056-11.145 23.681-6.27 45.269-4.876 69.644-11.141 11.141-2.788 22.287-6.27 33.429-9.752 0-2.093 0-4.177 0-6.265-12.531-12.54-21.588-29.251-34.822-41.092-35.516-30.65-74.52-60.591-114.912-85.661-21.592-13.929-49.45-22.986-72.431-34.822-8.353-4.185-22.287-6.27-27.159-13.234-12.54-15.322-19.504-35.516-28.556-53.627-20.19-38.308-39.698-80.785-57.109-121.178-12.531-27.163-20.194-54.326-35.516-79.396-71.732-118.394-149.734-190.127-269.522-260.47-25.769-14.623-56.409-20.893-89.143-28.552-17.407-0.699-34.822-2.089-52.233-2.788-11.141-4.876-22.286-18.105-32.039-24.375-39.689-25.074-142.071-79.391-171.322-7.659-18.804 45.269 27.857 89.838 43.875 112.824 11.844 16.018 27.163 34.123 35.521 52.233 4.876 11.831 6.265 24.375 11.141 36.911 11.145 30.636 21.588 64.768 36.216 93.325 7.663 14.623 16.018 29.946 25.769 43.176 5.571 7.659 15.318 11.145 17.411 23.681-9.748 13.929-10.447 34.822-16.022 52.233-25.070 78.697-15.318 176.198 20.199 234.002 11.141 17.407 37.609 55.719 73.126 41.092 31.34-12.535 24.375-52.233 33.428-87.055 2.093-8.362 0.699-13.929 4.876-19.5 0.004 0.694 0 1.393 0 1.393 9.752 19.5 19.5 38.304 28.552 57.804 21.592 34.123 59.197 69.644 90.537 93.325 16.721 12.531 29.951 34.123 50.844 41.786 0-0.703 0-1.393 0-2.093-0.699 0-0.699 0-1.393 0-4.181-6.27-10.447-9.053-16.018-13.929-12.535-12.535-26.469-27.858-36.216-41.786-29.246-39.003-55.020-82.179-78.002-126.753-11.141-21.588-20.893-45.269-29.946-66.856-4.181-8.362-4.181-20.893-11.145-25.070-10.447 15.318-25.764 28.552-33.428 47.357-13.225 29.946-14.623 66.856-19.5 105.161-2.783 0.699-1.393 0-2.788 1.393-22.282-5.575-29.946-28.552-38.304-48.056-20.893-49.445-24.375-128.841-6.265-185.946 4.876-14.628 25.769-60.592 17.411-74.52-4.177-13.234-18.11-20.893-25.769-31.34-9.053-13.234-18.804-29.946-25.070-44.574-16.716-38.999-25.074-82.179-43.18-121.182-8.358-18.11-22.982-36.911-34.822-53.623-13.23-18.804-27.857-32.039-38.304-54.326-3.478-7.659-8.358-20.194-2.788-28.552 1.393-5.571 4.177-7.659 9.752-9.053 9.053-7.663 34.822 2.089 43.875 6.265 25.769 10.442 47.357 20.199 68.949 34.822 9.748 6.964 20.194 20.199 32.729 23.681 4.876 0 9.752 0 14.628 0 22.286 4.871 47.357 1.393 68.25 7.659 36.915 11.836 70.338 29.251 100.289 48.056 91.237 57.804 166.446 139.987 217.29 238.183 8.358 16.013 11.836 30.645 19.5 47.357 14.628 34.127 32.734 68.949 47.357 102.378 14.623 32.729 28.552 66.162 49.445 93.325 10.451 14.619 52.233 22.282 71.038 29.946 13.929 6.266 35.521 11.84 48.056 19.5 23.676 14.619 47.357 31.34 69.644 47.357 11.145 8.353 45.963 25.769 48.056 39.694v0z",
          "M232.823 181.635c-11.84 0-20.194 1.398-28.552 3.487 0-0.004 0 0.699 0 1.393 0.699 0 0.694 0 1.393 0 5.575 11.141 15.318 18.804 22.282 28.552 5.575 11.141 10.447 22.286 16.022 33.433 0.694-0.699 1.389-1.393 1.389-1.393 9.756-6.969 14.628-18.11 14.628-34.822-4.181-4.876-4.876-9.752-8.358-14.628-4.177-6.969-13.234-10.447-18.804-16.022v0z"
        ],
        "attrs": [],
        "isMulticolor": false,
        "isMulticolor2": false,
        "grid": 32,
        "tags": [
          "mysql"
        ],
        "colorPermutations": {
          "17931361180313611803238125525525519091911": [
            {
              "f": 0
            },
            {
              "f": 0
            }
          ],
          "140219122814201531551931841071971381": [
            {
              "f": 0
            },
            {
              "f": 0
            }
          ],
          "140219123111101831301611841071": [
            {
              "f": 0
            },
            {
              "f": 0
            }
          ]
        }
      },
      "attrs": [],
      "properties": {
        "order": 3385,
        "id": 274,
        "name": "mysql",
        "prevSize": 32,
        "code": 59652
      },
      "setIdx": 3,
      "setId": 4,
      "iconIdx": 21
    },
    {
      "icon": {
        "paths": [
          "M81.058 363.705h151.853c44.573 0.378 76.87 13.156 96.891 38.341s26.631 59.58 19.833 103.181c-2.643 19.924-8.499 39.469-17.564 58.639-8.69 19.172-20.78 36.46-36.265 51.872-18.889 19.548-39.097 31.952-60.628 37.213s-43.818 7.891-66.862 7.891h-67.993l-21.532 107.129h-78.758l81.024-404.27zM147.35 427.981l-33.995 169.15c2.267 0.374 4.531 0.563 6.799 0.563h7.931c36.265 0.374 66.481-3.195 90.658-10.716 24.177-7.891 40.417-35.332 48.728-82.32 6.797-39.469-0.002-62.209-20.396-68.223-20.020-6.011-45.141-8.836-75.358-8.459-4.531 0.374-8.876 0.563-13.034 0.563-3.779 0-7.744 0-11.9 0l0.563-0.563z",
          "M439.369 256.042h78.192l-22.1 107.693h70.26c38.529 0.752 67.238 8.644 86.125 23.682 19.268 15.036 24.93 43.602 16.997 85.702l-37.963 187.757h-79.324l36.265-179.299c3.779-18.796 2.643-32.139-3.4-40.033s-19.076-11.844-39.097-11.844l-62.893-0.563-46.464 231.736h-78.192l81.592-404.835z",
          "M752.821 363.705h151.853c44.573 0.378 76.87 13.156 96.891 38.341s26.631 59.58 19.833 103.181c-2.643 19.924-8.499 39.469-17.564 58.639-8.69 19.172-20.78 36.46-36.265 51.872-18.889 19.548-39.097 31.952-60.628 37.213s-43.818 7.891-66.862 7.891h-67.993l-21.532 107.129h-78.758l81.024-404.27zM819.116 427.981l-33.995 169.15c2.267 0.374 4.531 0.563 6.799 0.563h7.931c36.265 0.374 66.481-3.195 90.658-10.716 24.177-7.891 40.417-35.332 48.728-82.32 6.797-39.469-0.002-62.209-20.396-68.223-20.020-6.011-45.141-8.836-75.358-8.459-4.531 0.374-8.876 0.563-13.034 0.563-3.779 0-7.744 0-11.9 0l0.563-0.563z"
        ],
        "attrs": [
          {},
          {},
          {}
        ],
        "width": 1024,
        "isMulticolor": false,
        "isMulticolor2": false,
        "grid": 32,
        "tags": [
          "php"
        ],
        "colorPermutations": {
          "17931361180313611803238125525525519091911": [
            {},
            {},
            {}
          ],
          "140219122814201531551931841071971381": [
            {},
            {},
            {}
          ],
          "140219123111101831301611841071": [
            {},
            {},
            {}
          ]
        }
      },
      "attrs": [
        {},
        {},
        {}
      ],
      "properties": {
        "order": 3386,
        "id": 273,
        "name": "php",
        "prevSize": 32,
        "code": 59653
      },
      "setIdx": 3,
      "setId": 4,
      "iconIdx": 22
    },
    {
      "icon": {
        "paths": [
          "M15.538 454.616c29.992-236.734 191.547-451.475 481.067-454.474 174.752 3.399 318.512 82.577 404.088 233.535 42.988 78.778 56.384 161.555 59.184 252.93v107.37h-642.422c2.999 264.927 389.892 255.929 556.446 139.161v215.74c-97.573 58.584-318.912 110.969-490.264 43.588-145.96-54.785-249.931-207.542-249.331-354.502-4.799-190.547 94.774-316.712 249.331-388.492-32.791 40.589-57.784 85.376-70.78 162.955h362.699c0 0 21.194-216.74-205.343-216.74-213.541 7.398-367.498 131.564-454.674 258.928v0z"
        ],
        "attrs": [],
        "isMulticolor": false,
        "isMulticolor2": false,
        "tags": [
          "edge"
        ],
        "defaultCode": 60124,
        "grid": 32,
        "colorPermutations": {
          "17931361180313611803238125525525519091911": [],
          "140219122814201531551931841071971381": [],
          "140219123111101831301611841071": []
        }
      },
      "attrs": [],
      "properties": {
        "name": "edge",
        "ligatures": "edge, browser4",
        "id": 272,
        "order": 3387,
        "prevSize": 32,
        "code": 60124
      },
      "setIdx": 3,
      "setId": 4,
      "iconIdx": 23
    },
    {
      "icon": {
        "paths": [
          "M512 0.024c-282.76 0-511.995 229.232-511.995 511.995 0 282.755 229.234 511.977 511.995 511.977s511.987-229.22 511.987-511.977c0-282.766-229.228-511.995-511.987-511.995zM727.743 727.758h-85.841l-0.285-250.613-129.249 144.31-129.257-144.045v250.347h-87.725v-432.355h29.030l187.439 213.405 187.723-213.405h28.162v432.355z"
        ],
        "attrs": [],
        "isMulticolor": false,
        "grid": 32,
        "tags": [
          "mito"
        ],
        "colorPermutations": {
          "17931361180313611803238125525525519091911": [],
          "140219122814201531551931841071971381": [],
          "140219123111101831301611841071": []
        }
      },
      "attrs": [],
      "properties": {
        "order": 3388,
        "id": 6,
        "prevSize": 32,
        "code": 40961,
        "name": "mito"
      },
      "setIdx": 3,
      "setId": 4,
      "iconIdx": 24
    },
    {
      "icon": {
        "paths": [
          "M1023.983 167.284c-43.668 9.665-99.597 55.48-170.656 95.561-79.735 44.973-167.25 75.305-217.114 135.88l-0.014-0.012c0 0-24.556 30.051-55.929-19.819-7.411-13.904-24.91-35.72-13.648-47.782 16.314-4.158 49.529 8.571 54.609-6.828-55.328-68.704-193.978-29.294-191.136 61.434 0 0-4.287 80.791-52.112 13.041l-0.002 0.008c-84.456-120.962-282.045-128.8-377.948-238.32-1.117 145.003 141.807 203.663 252.583 259.405-60.247-8.087-133.365-39.497-177.488-40.963 38.097 71.118 137.641 80.793 211.616 116.052-37.994 1.412-86.7-22.301-116.049-6.83 58.23 53.26 145.56 77.432 218.439 116.041-23.569 50.586-94.94 142.928-6.818 170.662 15.993-29.521 34.076-56.94 54.605-81.909-3.489 44.29-10.23 85.325-20.48 122.875 25.443 13.239 38.724 38.647 68.269 47.778 5.334-40.164 9.758-81.257 27.3-109.221 4.384 38.843 19.078 67.388 20.49 109.221 28.327-12.626 50.32-31.583 68.255-54.605-7.57-31.273-27.35-86.234-13.644-116.049 9.796 33.433 35.627 50.819 47.782 81.909 91.429-30.805 10.85-120.17-6.828-177.48 83.101-28.396 164.659-58.337 218.441-116.043-45.32-0.069-97.164 18.798-116.056 6.818 80.911-21.513 193.371-47.803 204.805-116.045-46.974 19.070-123.124 45.185-170.67 40.955 122.706-45.661 233.22-103.545 259.399-245.739z"
        ],
        "attrs": [],
        "isMulticolor": false,
        "grid": 32,
        "tags": [
          "aquila"
        ],
        "colorPermutations": {
          "17931361180313611803238125525525519091911": [],
          "140219122814201531551931841071971381": [],
          "140219123111101831301611841071": []
        }
      },
      "attrs": [],
      "properties": {
        "order": 3389,
        "id": 5,
        "prevSize": 32,
        "code": 40962,
        "name": "aquila"
      },
      "setIdx": 3,
      "setId": 4,
      "iconIdx": 25
    },
    {
      "icon": {
        "paths": [
          "M152.388 48.522l-34.36 171.926h699.748l-21.884 111.054h-700.188l-33.892 171.898h699.684l-39.018 196.064-282.012 93.422-244.4-93.422 16.728-85.042h-171.898l-40.896 206.352 404.226 154.704 466.006-154.704 153.768-772.252z"
        ],
        "attrs": [
          {}
        ],
        "isMulticolor": false,
        "isMulticolor2": false,
        "tags": [
          "css"
        ],
        "grid": 32,
        "colorPermutations": {
          "17931361180313611803238125525525519091911": [
            {}
          ],
          "140219122814201531551931841071971381": [
            {}
          ],
          "140219123111101831301611841071": [
            {}
          ]
        }
      },
      "attrs": [
        {}
      ],
      "properties": {
        "order": 3390,
        "id": 271,
        "prevSize": 32,
        "code": 59648,
        "name": "css"
      },
      "setIdx": 3,
      "setId": 4,
      "iconIdx": 26
    },
    {
      "icon": {
        "paths": [
          "M60.538 0l82.144 921.63 368.756 102.37 369.724-102.524 82.3-921.476h-902.924zM784.63 301.428h-432.54l10.302 115.75h411.968l-31.042 347.010-231.844 64.254-231.572-64.254-15.83-177.512h113.494l8.048 90.232 125.862 33.916 0.278-0.078 125.934-33.992 13.070-146.55h-391.74l-30.494-341.8h566.214l-10.108 113.024z"
        ],
        "attrs": [],
        "tags": [
          "html"
        ],
        "defaultCode": 58602,
        "grid": 32,
        "colorPermutations": {
          "17931361180313611803238125525525519091911": [],
          "140219122814201531551931841071971381": [],
          "140219123111101831301611841071": []
        }
      },
      "attrs": [],
      "properties": {
        "id": 231,
        "order": 3391,
        "prevSize": 32,
        "code": 60127,
        "ligatures": "html5, w3c",
        "name": "html"
      },
      "setIdx": 3,
      "setId": 4,
      "iconIdx": 27
    },
    {
      "icon": {
        "paths": [
          "M128 511.992c0 148.026 88.322 275.968 216.43 336.578l-183.178-488.784c-21.308 46.508-33.252 97.982-33.252 152.206zM771.228 493.128c0-46.234-17.054-78.236-31.654-103.142-19.458-30.82-37.72-56.894-37.72-87.716 0-34.374 26.766-66.376 64.486-66.376 1.704 0 3.32 0.204 4.976 0.302-68.316-60.97-159.34-98.196-259.308-98.196-134.16 0-252.186 67.046-320.844 168.568 9.010 0.282 17.506 0.454 24.712 0.454 40.154 0 102.34-4.752 102.34-4.752 20.69-1.182 23.132 28.434 2.458 30.822 0 0-20.81 2.368-43.952 3.55l139.834 405.106 84.044-245.456-59.822-159.65c-20.688-1.184-40.278-3.55-40.278-3.55-20.702-1.192-18.272-32.002 2.438-30.822 0 0 63.4 4.752 101.134 4.752 40.146 0 102.35-4.752 102.35-4.752 20.702-1.182 23.14 28.434 2.446 30.822 0 0-20.834 2.372-43.948 3.55l138.78 402.018 38.312-124.632c16.58-51.75 29.216-88.9 29.216-120.9zM518.742 544.704l-115.226 326.058c34.416 9.858 70.794 15.238 108.488 15.238 44.716 0 87.604-7.518 127.518-21.2-1.018-1.602-1.974-3.304-2.75-5.154l-118.030-314.942zM848.962 332.572c1.652 11.91 2.588 24.686 2.588 38.458 0 37.93-7.292 80.596-29.202 133.95l-117.286 330.272c114.162-64.828 190.938-185.288 190.938-323.258 0-65.030-17.060-126.16-47.038-179.422zM512 0c-282.77 0-512 229.23-512 512s229.23 512 512 512 512-229.23 512-512-229.23-512-512-512zM512 960c-247.424 0-448-200.576-448-448s200.576-448 448-448 448 200.576 448 448-200.576 448-448 448z"
        ],
        "attrs": [],
        "tags": [
          "wordpress"
        ],
        "defaultCode": 58557,
        "grid": 32,
        "colorPermutations": {
          "17931361180313611803238125525525519091911": [],
          "140219122814201531551931841071971381": [],
          "140219123111101831301611841071": []
        }
      },
      "attrs": [],
      "properties": {
        "id": 225,
        "order": 3392,
        "prevSize": 32,
        "code": 60086,
        "ligatures": "wordpress, brand45",
        "name": "wordpress"
      },
      "setIdx": 3,
      "setId": 4,
      "iconIdx": 28
    },
    {
      "icon": {
        "paths": [
          "M520.382 2.095l-438.875 271.531v480.928l116.722 69.036v-483.233l322.153-200.196 322.155 200.196v483.233l116.72-69.036v-480.928z",
          "M590.417 876.513l-70.035 41.421-70.032-41.421v-559.167l-133.064 80.538v501.64l203.097 126.561 203.097-126.561v-501.64l-133.062-80.538z"
        ],
        "attrs": [],
        "isMulticolor": false,
        "grid": 32,
        "tags": [
          "magento"
        ],
        "colorPermutations": {
          "17931361180313611803238125525525519091911": [],
          "140219122814201531551931841071971381": [],
          "140219123111101831301611841071": []
        }
      },
      "attrs": [],
      "properties": {
        "order": 3393,
        "id": 7,
        "prevSize": 32,
        "code": 40963,
        "name": "magento"
      },
      "setIdx": 3,
      "setId": 4,
      "iconIdx": 29
    },
    {
      "icon": {
        "paths": [
          "M384.002 639.998l127.998-63.999 447.993-447.993-63.999-63.999-447.993 447.993-63.999 127.998zM289.303 867.093c-31.632-66.727-65.665-100.761-132.394-132.392l99.095-272.788 127.998-77.911 383.994-383.994h-191.997l-383.994 383.994-191.997 639.991 639.991-191.997 383.994-383.994v-191.997l-383.994 383.994-77.911 127.998z"
        ],
        "attrs": [],
        "tags": [
          "pencil"
        ],
        "defaultCode": 57359,
        "grid": 32,
        "colorPermutations": {
          "17931361180313611803238125525525519091911": [],
          "140219122814201531551931841071971381": [],
          "140219123111101831301611841071": []
        }
      },
      "attrs": [],
      "properties": {
        "id": 9,
        "order": 3394,
        "prevSize": 32,
        "code": 59654,
        "ligatures": "pencil2, write2",
        "name": "pencil"
      },
      "setIdx": 3,
      "setId": 4,
      "iconIdx": 30
    },
    {
      "icon": {
        "paths": [
          "M791.49 544.091c-1.294-129.678 105.755-191.87 110.539-194.96-60.15-88.017-153.846-100.075-187.237-101.469-79.74-8.074-155.591 46.947-196.060 46.947-40.367 0-102.815-45.753-168.947-44.551-86.913 1.292-167.053 50.537-211.806 128.376-90.301 156.693-23.125 388.829 64.888 515.911 43.007 62.202 94.289 132.072 161.621 129.576 64.84-2.588 89.359-41.957 167.751-41.957s100.425 41.957 169.045 40.669c69.772-1.296 113.979-63.396 156.687-125.792 49.389-72.166 69.724-142.034 70.922-145.622-1.548-0.706-136.056-52.234-137.404-207.128zM662.558 163.532c35.737-43.357 59.858-103.509 53.278-163.517-51.476 2.096-113.875 34.289-150.806 77.548-33.141 38.375-62.146 99.623-54.372 158.431 57.464 4.484 116.125-29.203 151.9-72.462z"
        ],
        "attrs": [],
        "tags": [
          "apple"
        ],
        "defaultCode": 58566,
        "grid": 32,
        "colorPermutations": {
          "17931361180313611803238125525525519091911": [],
          "140219122814201531551931841071971381": [],
          "140219123111101831301611841071": []
        }
      },
      "attrs": [],
      "properties": {
        "id": 226,
        "order": 3395,
        "prevSize": 32,
        "code": 60095,
        "ligatures": "apple, brand54",
        "name": "apple"
      },
      "setIdx": 3,
      "setId": 4,
      "iconIdx": 31
    },
    {
      "icon": {
        "paths": [
          "M0.373 477.86l-0.373-332.875 409.595-55.62v388.495zM477.859 79.447l545.99-79.446v477.861h-545.99zM1023.984 546.126l-0.134 477.861-545.99-76.816v-401.045zM409.594 938.48l-409.262-56.1-0.021-336.254h409.283z"
        ],
        "attrs": [],
        "tags": [
          "windows"
        ],
        "defaultCode": 58570,
        "grid": 32,
        "colorPermutations": {
          "17931361180313611803238125525525519091911": [],
          "140219122814201531551931841071971381": [],
          "140219123111101831301611841071": []
        }
      },
      "attrs": [],
      "properties": {
        "id": 228,
        "order": 3396,
        "prevSize": 32,
        "code": 60099,
        "ligatures": "windows8, brand58",
        "name": "windows"
      },
      "setIdx": 3,
      "setId": 4,
      "iconIdx": 32
    },
    {
      "icon": {
        "paths": [
          "M258.275 446.573l-146.53-253.798c93.817-117.462 238.231-192.737 400.248-192.737 187.429 0 351.305 100.735 440.526 250.996h-417.764c-7.504-0.65-15.092-1-22.762-1-121.872 0-224.575 83.643-253.718 196.539zM695.296 325.033h293.456c22.74 57.929 35.233 121.002 35.233 186.997 0 280.822-226.097 508.797-506.179 511.919l209.391-362.673c29.48-42.377 46.791-93.825 46.791-149.246 0-73.169-30.164-139.418-78.693-186.997zM325.996 512.030c0-102.559 83.439-185.997 185.997-185.997s185.997 83.439 185.997 185.997c0 102.559-83.439 185.997-185.997 185.997s-185.997-83.439-185.997-185.997zM582.174 764.468l-146.576 253.874c-246.528-36.883-435.598-249.512-435.598-506.313 0-91.217 23.884-176.843 65.695-251.020l209.027 362.049c41.867 89.111 132.474 150.968 237.271 150.968 24.3 0 47.835-3.34 70.181-9.558z"
        ],
        "attrs": [],
        "tags": [
          "chrome"
        ],
        "defaultCode": 58605,
        "grid": 32,
        "colorPermutations": {
          "17931361180313611803238125525525519091911": [],
          "140219122814201531551931841071971381": [],
          "140219123111101831301611841071": []
        }
      },
      "attrs": [],
      "properties": {
        "id": 233,
        "order": 3397,
        "prevSize": 32,
        "code": 60133,
        "ligatures": "chrome, browser",
        "name": "chrome"
      },
      "setIdx": 3,
      "setId": 4,
      "iconIdx": 33
    },
    {
      "icon": {
        "paths": [
          "M1022.526 334.14l-11.86 76.080c0 0-16.954-140.856-37.732-193.514-31.846-80.688-46.014-80.040-46.108-79.922 21.33 54.204 17.462 83.324 17.462 83.324s-37.792-102.998-137.712-135.768c-110.686-36.282-170.57-26.364-177.488-24.486-1.050-0.008-2.064-0.010-3.030-0.010 0.818 0.062 1.612 0.146 2.426 0.212-0.034 0.020-0.090 0.042-0.082 0.052 0.45 0.548 122.306 21.302 143.916 50.996 0 0-51.76 0-103.272 14.842-2.328 0.666 189.524 23.964 228.746 215.674 0 0-21.030-43.876-47.040-51.328 17.106 52.036 12.714 150.776-3.576 199.85-2.096 6.312-4.24-27.282-36.328-41.75 10.28 73.646-0.616 190.456-51.708 222.632-3.982 2.504 32.030-115.31 7.242-69.762-142.708 218.802-311.404 100.972-387.248 49.11 38.866 8.462 112.654-1.318 145.314-25.612 0.042-0.030 0.078-0.056 0.118-0.086 35.468-24.252 56.472-41.964 75.334-37.772 18.874 4.214 31.438-14.726 16.78-31.53-14.676-16.838-50.314-39.978-98.524-27.366-34 8.904-76.134 46.522-140.448 8.432-49.364-29.25-54.012-53.546-54.45-70.376 1.218-5.966 2.754-11.536 4.576-16.624 5.682-15.87 22.912-20.658 32.494-24.438 16.256 2.792 30.262 7.862 44.968 15.406 0.19-4.894 0.252-11.39-0.018-18.76 1.41-2.802 0.538-11.252-1.722-21.58-1.302-10.308-3.42-20.974-6.752-30.692 0.012-0.002 0.020-0.010 0.030-0.014 0.056-0.018 0.108-0.040 0.156-0.070 0.078-0.044 0.146-0.112 0.208-0.19 0.012-0.020 0.030-0.034 0.044-0.052 0.082-0.124 0.154-0.272 0.198-0.466 1.020-4.618 12.022-13.524 25.718-23.1 12.272-8.58 26.702-17.696 38.068-24.752 10.060-6.248 17.72-10.882 19.346-12.098 0.618-0.466 1.358-1.012 2.164-1.636 0.15-0.116 0.3-0.232 0.454-0.354 0.094-0.074 0.19-0.148 0.286-0.226 5.41-4.308 13.484-12.448 15.178-29.578 0.004-0.042 0.010-0.080 0.012-0.122 0.050-0.504 0.092-1.014 0.13-1.534 0.028-0.362 0.050-0.726 0.072-1.096 0.014-0.284 0.032-0.566 0.044-0.856 0.030-0.674 0.050-1.364 0.060-2.064 0-0.040 0.002-0.076 0.004-0.116 0.022-1.658-0.006-3.386-0.104-5.202-0.054-1.014-0.126-1.93-0.298-2.762-0.008-0.044-0.018-0.092-0.028-0.136-0.018-0.082-0.036-0.164-0.058-0.244-0.036-0.146-0.076-0.292-0.122-0.43-0.006-0.018-0.010-0.032-0.016-0.046-0.052-0.16-0.112-0.314-0.174-0.464-0.004-0.006-0.004-0.010-0.006-0.016-1.754-4.108-8.32-5.658-35.442-6.118-0.026-0.002-0.050-0.002-0.076-0.002v0c-11.066-0.188-25.538-0.194-44.502-0.118-33.25 0.134-51.628-32.504-57.494-45.132 8.040-44.46 31.276-76.142 69.45-97.626 0.722-0.406 0.58-0.742-0.274-0.978 7.464-4.514-90.246-0.124-135.186 57.036-39.888-9.914-74.654-9.246-104.616-2.214-5.754-0.162-12.924-0.88-21.434-2.652-19.924-18.056-48.448-51.402-49.976-91.208 0 0-0.092 0.072-0.252 0.204-0.020-0.382-0.056-0.76-0.072-1.142 0 0-60.716 46.664-51.628 173.882-0.022 2.036-0.064 3.986-0.12 5.874-16.432 22.288-24.586 41.020-25.192 45.156-14.56 29.644-29.334 74.254-41.356 141.98 0 0 8.408-26.666 25.284-56.866-12.412 38.022-22.164 97.156-16.436 185.856 0 0 1.514-19.666 6.874-47.994 4.186 55.010 22.518 122.924 68.858 202.788 88.948 153.32 225.67 230.74 376.792 242.616 26.836 2.212 54.050 2.264 81.424 0.186 2.516-0.178 5.032-0.364 7.55-0.574 30.964-2.174 62.134-6.852 93.238-14.366 425.172-102.798 378.942-616.198 378.942-616.198z"
        ],
        "attrs": [],
        "tags": [
          "firefox"
        ],
        "defaultCode": 58606,
        "grid": 32,
        "colorPermutations": {
          "17931361180313611803238125525525519091911": [],
          "140219122814201531551931841071971381": [],
          "140219123111101831301611841071": []
        }
      },
      "attrs": [],
      "properties": {
        "id": 234,
        "order": 3369,
        "prevSize": 32,
        "code": 60134,
        "ligatures": "firefox, browser2",
        "name": "firefox"
      },
      "setIdx": 3,
      "setId": 4,
      "iconIdx": 34
    },
    {
      "icon": {
        "paths": [
          "M772.824 591.15h248.465c1.916-17.231 2.682-34.839 2.682-52.836 0-84.443-22.667-163.644-62.233-231.85 40.925-108.741 39.464-201.033-15.322-256.191-52.099-51.872-191.877-43.451-349.894 26.523-11.688-0.884-23.492-1.339-35.407-1.339-216.885 0-398.855 149.251-449.15 350.356 68.037-87.106 139.614-150.262 235.231-196.254-8.694 8.147-59.423 58.579-67.955 67.118-252.147 252.073-331.661 581.353-246.103 666.927 65.035 65.023 182.896 54.042 318.279-12.261 62.951 32.060 134.206 50.135 209.695 50.135 203.291 0 375.569-130.854 437.973-313.092h-250.378c-34.456 63.558-101.836 106.817-179.17 106.817-77.332 0-144.715-43.259-179.168-106.817-15.315-28.708-24.119-61.634-24.119-96.476v-0.76h406.574zM366.629 469.022c5.743-102.217 90.734-183.766 194.483-183.766s188.743 81.546 194.483 183.766h-388.967zM944.148 101.671c35.289 35.662 34.407 101.274 4.223 183.174-51.72-78.848-126.856-140.98-215.563-176.457 94.845-40.67 172-46.057 211.34-6.718zM98.407 947.374c-45.032-45.047-31.456-139.593 26.557-253.498 36.112 101.333 106.476 186.404 197.189 241.206-100.449 45.596-182.663 53.339-223.745 12.292z"
        ],
        "attrs": [],
        "tags": [
          "ie"
        ],
        "defaultCode": 58607,
        "grid": 32,
        "colorPermutations": {
          "17931361180313611803238125525525519091911": [],
          "140219122814201531551931841071971381": [],
          "140219123111101831301611841071": []
        }
      },
      "attrs": [],
      "properties": {
        "id": 235,
        "order": 3366,
        "prevSize": 32,
        "code": 60135,
        "ligatures": "IE, browser3",
        "name": "ie"
      },
      "setIdx": 3,
      "setId": 4,
      "iconIdx": 35
    },
    {
      "icon": {
        "paths": [
          "M510.046 0c-279.724 0-480.748 202.896-480.748 507.224 0 270.818 195.502 516.776 480.784 516.776 288.078 0 484.62-245.886 484.62-516.776 0-306.76-207.446-507.224-484.656-507.224zM688.358 498.542c-0.068 169.352-9.098 410.482-178.276 410.482v0.034c-166.784 0-173.432-241.266-173.432-410.308 0-198.38 18.56-388.568 173.432-388.568 154.874 0 178.276 192.584 178.276 388.36z"
        ],
        "attrs": [],
        "tags": [
          "opera"
        ],
        "defaultCode": 58608,
        "grid": 32,
        "colorPermutations": {
          "17931361180313611803238125525525519091911": [],
          "140219122814201531551931841071971381": [],
          "140219123111101831301611841071": []
        }
      },
      "attrs": [],
      "properties": {
        "id": 236,
        "order": 3367,
        "prevSize": 32,
        "code": 60136,
        "ligatures": "opera, browser4",
        "name": "opera"
      },
      "setIdx": 3,
      "setId": 4,
      "iconIdx": 36
    },
    {
      "icon": {
        "paths": [
          "M512 64c-24.064 0-47.708 1.792-70.824 5.212-0.3-0.782-0.624-1.548-0.982-2.296 12.826-10.002 19.55-23.83 16.634-37.552-3.734-17.564-22.394-29.364-46.434-29.364-5.18 0-10.458 0.562-15.68 1.672-30.168 6.414-50.146 28.622-45.482 50.562 2.834 13.338 14.292 23.338 30.164 27.384-0.032 0.972-0.016 1.95 0.042 2.934-200.622 57.53-347.438 242.338-347.438 461.448 0 265.098 214.904 480 480 480 265.098 0 480-214.902 480-480 0-265.096-214.902-480-480-480zM364.882 48.908c-2.706-12.726 12.48-27.19 33.158-31.584 4.132-0.878 8.29-1.324 12.354-1.324 16.036 0 28.694 6.864 30.784 16.69 1.596 7.51-3.070 15.61-11.386 21.904-7.034-4.966-16.016-7.126-25.1-5.196-9.044 1.922-16.348 7.508-20.758 14.856-10.184-2.45-17.508-8.084-19.052-15.346zM769.386 801.386c-43.968 43.968-97.21 75.278-155.31 92.154l-42.396-68.768-10.746 79.958c-16.090 2.152-32.426 3.27-48.934 3.27-97.228 0-188.636-37.864-257.386-106.614-43.968-43.966-75.278-97.21-92.154-155.308l68.768-42.398-79.96-10.746c-2.15-16.090-3.268-32.426-3.268-48.934 0-97.228 37.862-188.636 106.614-257.386 43.968-43.968 97.212-75.278 155.31-92.156l42.396 68.77 10.748-79.96c16.088-2.15 32.424-3.268 48.932-3.268 97.228 0 188.636 37.862 257.386 106.614 43.968 43.968 75.278 97.212 92.154 155.31l-68.77 42.398 79.96 10.746c2.152 16.088 3.27 32.424 3.27 48.932 0 97.228-37.864 188.636-106.614 257.386zM760.902 295.098l-196.978 149.704c-14.644-7.658-30.876-12.062-47.416-12.726l-51.080-107.18-3.068 118.664c-13.284 6.536-25.104 15.664-34.876 26.95l-63.088-22.364 46.092 48.538c-6.334 13.518-9.866 28.030-10.434 42.824l-107.158 51.066 118.738 3.068c0.38 0.768 0.774 1.526 1.17 2.282l-149.704 196.98 196.978-149.704c14.644 7.656 30.874 12.060 47.416 12.724l51.080 107.182 3.066-118.664c13.286-6.538 25.106-15.664 34.878-26.952l63.090 22.368-46.094-48.54c6.336-13.52 9.868-28.030 10.436-42.824l107.156-51.066-118.736-3.070c-0.378-0.766-0.774-1.524-1.17-2.28l149.702-196.98zM512.102 444.534v0zM492.042 450.098c6.726-1.43 13.444-2.118 20.056-2.118 4.144 0 8.25 0.27 12.294 0.796l0.092 0.032-0.010-0.022c8.732 1.144 17.176 3.5 25.132 6.896l-71.546 54.376-54.38 71.552c-2.376-5.594-4.27-11.484-5.58-17.652-11.026-51.86 22.080-102.836 73.942-113.86zM562.12 625.884v0 0c-9.056 5.544-19.182 9.684-30.16 12.018-6.726 1.43-13.444 2.118-20.054 2.118-4.15 0-8.258-0.272-12.308-0.798l-0.068-0.010c-8.734-1.142-17.174-3.5-25.132-6.894l71.544-54.376 54.38-71.554c2.376 5.594 4.27 11.486 5.58 17.654 8.69 40.882-10.056 81.2-43.782 101.842z"
        ],
        "attrs": [],
        "tags": [
          "safari"
        ],
        "defaultCode": 58609,
        "grid": 32,
        "colorPermutations": {
          "17931361180313611803238125525525519091911": [],
          "140219122814201531551931841071971381": [],
          "140219123111101831301611841071": []
        }
      },
      "attrs": [],
      "properties": {
        "id": 237,
        "order": 3368,
        "prevSize": 32,
        "code": 60137,
        "ligatures": "safari, browser5",
        "name": "safari"
      },
      "setIdx": 3,
      "setId": 4,
      "iconIdx": 37
    }
  ],
  "height": 1024,
  "metadata": {
    "name": "Aquila",
    "url": "https://designbymito.com/",
    "designer": "Guy Primavera",
    "designerURL": "http://guyprimavera.com"
  },
  "preferences": {
    "showGlyphs": true,
    "showQuickUse": false,
    "showQuickUse2": true,
    "showSVGs": true,
    "fontPref": {
      "prefix": "aquila-",
      "metadata": {
        "fontFamily": "Aquila",
        "majorVersion": 2,
        "minorVersion": 1,
        "copyright": "Design by Mito",
        "designer": "Guy Primavera",
        "designerURL": "http://guyprimavera.com",
        "description": "",
        "fontURL": "https://designbymito.com/"
      },
      "metrics": {
        "emSize": 1024,
        "baseline": 6.25,
        "whitespace": 50
      },
      "embed": false,
      "postfix": "",
      "showSelector": true,
      "selector": "",
      "classSelector": ".icon",
      "showMetrics": true,
      "showMetadata": true,
      "showVersion": true,
      "cssVars": true,
      "cssVarsFormat": "less",
      "noie8": false,
      "ie7": true,
      "includeMetadata": false,
      "autoHost": true
    },
    "imagePref": {
      "prefix": "icon-",
      "png": true,
      "useClassSelector": true,
      "color": 4473924,
      "bgColor": 16777215,
      "classSelector": ".icon"
    },
    "historySize": 100,
    "showCodes": false,
    "showLiga": false,
    "gridSize": 16,
    "showGrid": true,
    "quickUsageToken": {
      "Aquila": "YzQxYjRlYTM0Y2EyMDkzNWJmOTE5N2I2ODY0NGEwMjMjMSMxNDc2MzAyMTMxIyMj"
    }
  }
}