[
    {
        "name": "doctrine/inflector",
        "version": "2.0.3",
        "version_normalized": "2.0.3.0",
        "source": {
            "type": "git",
            "url": "https://github.com/doctrine/inflector.git",
            "reference": "9cf661f4eb38f7c881cac67c75ea9b00bf97b210"
        },
        "dist": {
            "type": "zip",
            "url": "https://api.github.com/repos/doctrine/inflector/zipball/9cf661f4eb38f7c881cac67c75ea9b00bf97b210",
            "reference": "9cf661f4eb38f7c881cac67c75ea9b00bf97b210",
            "shasum": ""
        },
        "require": {
            "php": "^7.2 || ^8.0"
        },
        "require-dev": {
            "doctrine/coding-standard": "^7.0",
            "phpstan/phpstan": "^0.11",
            "phpstan/phpstan-phpunit": "^0.11",
            "phpstan/phpstan-strict-rules": "^0.11",
            "phpunit/phpunit": "^7.0 || ^8.0 || ^9.0"
        },
        "time": "2020-05-29T15:13:26+00:00",
        "type": "library",
        "extra": {
            "branch-alias": {
                "dev-master": "2.0.x-dev"
            }
        },
        "installation-source": "dist",
        "autoload": {
            "psr-4": {
                "Doctrine\\Inflector\\": "lib/Doctrine/Inflector"
            }
        },
        "notification-url": "https://packagist.org/downloads/",
        "license": [
            "MIT"
        ],
        "authors": [
            {
                "name": "Guilherme Blanco",
                "email": "guilhermeblanco@gmail.com"
            },
            {
                "name": "Roman Borschel",
                "email": "roman@code-factory.org"
            },
            {
                "name": "Benjamin Eberlei",
                "email": "kontakt@beberlei.de"
            },
            {
                "name": "Jonathan Wage",
                "email": "jonwage@gmail.com"
            },
            {
                "name": "Johannes Schmitt",
                "email": "schmittjoh@gmail.com"
            }
        ],
        "description": "PHP Doctrine Inflector is a small library that can perform string manipulations with regard to upper/lowercase and singular/plural forms of words.",
        "homepage": "https://www.doctrine-project.org/projects/inflector.html",
        "keywords": [
            "inflection",
            "inflector",
            "lowercase",
            "manipulation",
            "php",
            "plural",
            "singular",
            "strings",
            "uppercase",
            "words"
        ],
        "funding": [
            {
                "url": "https://www.doctrine-project.org/sponsorship.html",
                "type": "custom"
            },
            {
                "url": "https://www.patreon.com/phpdoctrine",
                "type": "patreon"
            },
            {
                "url": "https://tidelift.com/funding/github/packagist/doctrine%2Finflector",
                "type": "tidelift"
            }
        ]
    },
    {
        "name": "guzzlehttp/guzzle",
        "version": "6.5.5",
        "version_normalized": "6.5.5.0",
        "source": {
            "type": "git",
            "url": "https://github.com/guzzle/guzzle.git",
            "reference": "9d4290de1cfd701f38099ef7e183b64b4b7b0c5e"
        },
        "dist": {
            "type": "zip",
            "url": "https://api.github.com/repos/guzzle/guzzle/zipball/9d4290de1cfd701f38099ef7e183b64b4b7b0c5e",
            "reference": "9d4290de1cfd701f38099ef7e183b64b4b7b0c5e",
            "shasum": ""
        },
        "require": {
            "ext-json": "*",
            "guzzlehttp/promises": "^1.0",
            "guzzlehttp/psr7": "^1.6.1",
            "php": ">=5.5",
            "symfony/polyfill-intl-idn": "^1.17.0"
        },
        "require-dev": {
            "ext-curl": "*",
            "phpunit/phpunit": "^4.8.35 || ^5.7 || ^6.4 || ^7.0",
            "psr/log": "^1.1"
        },
        "suggest": {
            "psr/log": "Required for using the Log middleware"
        },
        "time": "2020-06-16T21:01:06+00:00",
        "type": "library",
        "extra": {
            "branch-alias": {
                "dev-master": "6.5-dev"
            }
        },
        "installation-source": "dist",
        "autoload": {
            "psr-4": {
                "GuzzleHttp\\": "src/"
            },
            "files": [
                "src/functions_include.php"
            ]
        },
        "notification-url": "https://packagist.org/downloads/",
        "license": [
            "MIT"
        ],
        "authors": [
            {
                "name": "Michael Dowling",
                "email": "mtdowling@gmail.com",
                "homepage": "https://github.com/mtdowling"
            }
        ],
        "description": "Guzzle is a PHP HTTP client library",
        "homepage": "http://guzzlephp.org/",
        "keywords": [
            "client",
            "curl",
            "framework",
            "http",
            "http client",
            "rest",
            "web service"
        ]
    },
    {
        "name": "guzzlehttp/promises",
        "version": "v1.3.1",
        "version_normalized": "1.3.1.0",
        "source": {
            "type": "git",
            "url": "https://github.com/guzzle/promises.git",
            "reference": "a59da6cf61d80060647ff4d3eb2c03a2bc694646"
        },
        "dist": {
            "type": "zip",
            "url": "https://api.github.com/repos/guzzle/promises/zipball/a59da6cf61d80060647ff4d3eb2c03a2bc694646",
            "reference": "a59da6cf61d80060647ff4d3eb2c03a2bc694646",
            "shasum": ""
        },
        "require": {
            "php": ">=5.5.0"
        },
        "require-dev": {
            "phpunit/phpunit": "^4.0"
        },
        "time": "2016-12-20T10:07:11+00:00",
        "type": "library",
        "extra": {
            "branch-alias": {
                "dev-master": "1.4-dev"
            }
        },
        "installation-source": "dist",
        "autoload": {
            "psr-4": {
                "GuzzleHttp\\Promise\\": "src/"
            },
            "files": [
                "src/functions_include.php"
            ]
        },
        "notification-url": "https://packagist.org/downloads/",
        "license": [
            "MIT"
        ],
        "authors": [
            {
                "name": "Michael Dowling",
                "email": "mtdowling@gmail.com",
                "homepage": "https://github.com/mtdowling"
            }
        ],
        "description": "Guzzle promises library",
        "keywords": [
            "promise"
        ]
    },
    {
        "name": "guzzlehttp/psr7",
        "version": "1.6.1",
        "version_normalized": "1.6.1.0",
        "source": {
            "type": "git",
            "url": "https://github.com/guzzle/psr7.git",
            "reference": "239400de7a173fe9901b9ac7c06497751f00727a"
        },
        "dist": {
            "type": "zip",
            "url": "https://api.github.com/repos/guzzle/psr7/zipball/239400de7a173fe9901b9ac7c06497751f00727a",
            "reference": "239400de7a173fe9901b9ac7c06497751f00727a",
            "shasum": ""
        },
        "require": {
            "php": ">=5.4.0",
            "psr/http-message": "~1.0",
            "ralouphie/getallheaders": "^2.0.5 || ^3.0.0"
        },
        "provide": {
            "psr/http-message-implementation": "1.0"
        },
        "require-dev": {
            "ext-zlib": "*",
            "phpunit/phpunit": "~4.8.36 || ^5.7.27 || ^6.5.8"
        },
        "suggest": {
            "zendframework/zend-httphandlerrunner": "Emit PSR-7 responses"
        },
        "time": "2019-07-01T23:21:34+00:00",
        "type": "library",
        "extra": {
            "branch-alias": {
                "dev-master": "1.6-dev"
            }
        },
        "installation-source": "dist",
        "autoload": {
            "psr-4": {
                "GuzzleHttp\\Psr7\\": "src/"
            },
            "files": [
                "src/functions_include.php"
            ]
        },
        "notification-url": "https://packagist.org/downloads/",
        "license": [
            "MIT"
        ],
        "authors": [
            {
                "name": "Michael Dowling",
                "email": "mtdowling@gmail.com",
                "homepage": "https://github.com/mtdowling"
            },
            {
                "name": "Tobias Schultze",
                "homepage": "https://github.com/Tobion"
            }
        ],
        "description": "PSR-7 message implementation that also provides common utility methods",
        "keywords": [
            "http",
            "message",
            "psr-7",
            "request",
            "response",
            "stream",
            "uri",
            "url"
        ]
    },
    {
        "name": "illuminate/contracts",
        "version": "v6.18.23",
        "version_normalized": "6.18.23.0",
        "source": {
            "type": "git",
            "url": "https://github.com/illuminate/contracts.git",
            "reference": "147855644b77121fdc58643230d9c042ff182ff0"
        },
        "dist": {
            "type": "zip",
            "url": "https://api.github.com/repos/illuminate/contracts/zipball/147855644b77121fdc58643230d9c042ff182ff0",
            "reference": "147855644b77121fdc58643230d9c042ff182ff0",
            "shasum": ""
        },
        "require": {
            "php": "^7.2",
            "psr/container": "^1.0",
            "psr/simple-cache": "^1.0"
        },
        "time": "2020-05-13T20:53:59+00:00",
        "type": "library",
        "extra": {
            "branch-alias": {
                "dev-master": "6.x-dev"
            }
        },
        "installation-source": "dist",
        "autoload": {
            "psr-4": {
                "Illuminate\\Contracts\\": ""
            }
        },
        "notification-url": "https://packagist.org/downloads/",
        "license": [
            "MIT"
        ],
        "authors": [
            {
                "name": "Taylor Otwell",
                "email": "taylor@laravel.com"
            }
        ],
        "description": "The Illuminate Contracts package.",
        "homepage": "https://laravel.com"
    },
    {
        "name": "illuminate/support",
        "version": "v6.18.23",
        "version_normalized": "6.18.23.0",
        "source": {
            "type": "git",
            "url": "https://github.com/illuminate/support.git",
            "reference": "254db0f9cf97fa19d67e1f78e27d5f209b2d40f7"
        },
        "dist": {
            "type": "zip",
            "url": "https://api.github.com/repos/illuminate/support/zipball/254db0f9cf97fa19d67e1f78e27d5f209b2d40f7",
            "reference": "254db0f9cf97fa19d67e1f78e27d5f209b2d40f7",
            "shasum": ""
        },
        "require": {
            "doctrine/inflector": "^1.4|^2.0",
            "ext-json": "*",
            "ext-mbstring": "*",
            "illuminate/contracts": "^6.0",
            "nesbot/carbon": "^2.0",
            "php": "^7.2"
        },
        "conflict": {
            "tightenco/collect": "<5.5.33"
        },
        "suggest": {
            "illuminate/filesystem": "Required to use the composer class (^6.0).",
            "moontoast/math": "Required to use ordered UUIDs (^1.1).",
            "ramsey/uuid": "Required to use Str::uuid() (^3.7).",
            "symfony/process": "Required to use the composer class (^4.3.4).",
            "symfony/var-dumper": "Required to use the dd function (^4.3.4).",
            "vlucas/phpdotenv": "Required to use the Env class and env helper (^3.3)."
        },
        "time": "2020-06-25T13:50:49+00:00",
        "type": "library",
        "extra": {
            "branch-alias": {
                "dev-master": "6.x-dev"
            }
        },
        "installation-source": "dist",
        "autoload": {
            "psr-4": {
                "Illuminate\\Support\\": ""
            },
            "files": [
                "helpers.php"
            ]
        },
        "notification-url": "https://packagist.org/downloads/",
        "license": [
            "MIT"
        ],
        "authors": [
            {
                "name": "Taylor Otwell",
                "email": "taylor@laravel.com"
            }
        ],
        "description": "The Illuminate Support package.",
        "homepage": "https://laravel.com"
    },
    {
        "name": "irazasyed/telegram-bot-sdk",
        "version": "v2.3.0",
        "version_normalized": "2.3.0.0",
        "source": {
            "type": "git",
            "url": "https://github.com/irazasyed/telegram-bot-sdk.git",
            "reference": "cb65c587fcbb6d74f519402fba429aeab411b4ae"
        },
        "dist": {
            "type": "zip",
            "url": "https://api.github.com/repos/irazasyed/telegram-bot-sdk/zipball/cb65c587fcbb6d74f519402fba429aeab411b4ae",
            "reference": "cb65c587fcbb6d74f519402fba429aeab411b4ae",
            "shasum": ""
        },
        "require": {
            "guzzlehttp/guzzle": "~6.0",
            "illuminate/support": "^5.0 || ^6.0",
            "php": ">=5.6.0"
        },
        "require-dev": {
            "phpspec/prophecy": "^1.5",
            "phpunit/phpunit": "^4.8 || ^5.0"
        },
        "suggest": {
            "illuminate/container": "Hold dependencies to be injected in commands constructors",
            "irazasyed/larasupport": "Allows you to use any Laravel Package in Lumen by adding support!"
        },
        "time": "2019-09-08T08:18:42+00:00",
        "type": "library",
        "extra": {
            "branch-alias": {
                "dev-master": "2.0-dev"
            }
        },
        "installation-source": "dist",
        "autoload": {
            "psr-4": {
                "Telegram\\Bot\\": "src/"
            }
        },
        "notification-url": "https://packagist.org/downloads/",
        "license": [
            "BSD-3-Clause"
        ],
        "authors": [
            {
                "name": "Syed Irfaq R.",
                "email": "syed+gh@lukonet.com",
                "homepage": "https://github.com/irazasyed"
            }
        ],
        "description": "The Unofficial Telegram Bot API PHP SDK",
        "homepage": "https://github.com/irazasyed/telegram-bot-sdk",
        "keywords": [
            "laravel",
            "laravel telegram",
            "telegram",
            "telegram bot",
            "telegram bot api",
            "telegram php",
            "telegram sdk"
        ]
    },
    {
        "name": "nesbot/carbon",
        "version": "2.36.0",
        "version_normalized": "2.36.0.0",
        "source": {
            "type": "git",
            "url": "https://github.com/briannesbitt/Carbon.git",
            "reference": "d0b65958d9942fd1b501fdb0800c67e8323aa08d"
        },
        "dist": {
            "type": "zip",
            "url": "https://api.github.com/repos/briannesbitt/Carbon/zipball/d0b65958d9942fd1b501fdb0800c67e8323aa08d",
            "reference": "d0b65958d9942fd1b501fdb0800c67e8323aa08d",
            "shasum": ""
        },
        "require": {
            "ext-json": "*",
            "php": "^7.1.8 || ^8.0",
            "symfony/polyfill-mbstring": "^1.0",
            "symfony/translation": "^3.4 || ^4.0 || ^5.0"
        },
        "require-dev": {
            "doctrine/orm": "^2.7",
            "friendsofphp/php-cs-fixer": "^2.14 || ^3.0",
            "kylekatarnls/multi-tester": "^2.0",
            "phpmd/phpmd": "^2.8",
            "phpstan/extension-installer": "^1.0",
            "phpstan/phpstan": "^0.12.30",
            "phpunit/phpunit": "^7.5 || ^8.0",
            "squizlabs/php_codesniffer": "^3.4"
        },
        "time": "2020-06-25T20:20:01+00:00",
        "bin": [
            "bin/carbon"
        ],
        "type": "library",
        "extra": {
            "branch-alias": {
                "dev-master": "2.x-dev",
                "dev-3.x": "3.x-dev"
            },
            "laravel": {
                "providers": [
                    "Carbon\\Laravel\\ServiceProvider"
                ]
            },
            "phpstan": {
                "includes": [
                    "extension.neon"
                ]
            }
        },
        "installation-source": "dist",
        "autoload": {
            "psr-4": {
                "Carbon\\": "src/Carbon/"
            }
        },
        "notification-url": "https://packagist.org/downloads/",
        "license": [
            "MIT"
        ],
        "authors": [
            {
                "name": "Brian Nesbitt",
                "email": "brian@nesbot.com",
                "homepage": "http://nesbot.com"
            },
            {
                "name": "kylekatarnls",
                "homepage": "http://github.com/kylekatarnls"
            }
        ],
        "description": "An API extension for DateTime that supports 281 different languages.",
        "homepage": "http://carbon.nesbot.com",
        "keywords": [
            "date",
            "datetime",
            "time"
        ],
        "funding": [
            {
                "url": "https://opencollective.com/Carbon",
                "type": "open_collective"
            },
            {
                "url": "https://tidelift.com/funding/github/packagist/nesbot/carbon",
                "type": "tidelift"
            }
        ]
    },
    {
        "name": "psr/container",
        "version": "1.0.0",
        "version_normalized": "1.0.0.0",
        "source": {
            "type": "git",
            "url": "https://github.com/php-fig/container.git",
            "reference": "b7ce3b176482dbbc1245ebf52b181af44c2cf55f"
        },
        "dist": {
            "type": "zip",
            "url": "https://api.github.com/repos/php-fig/container/zipball/b7ce3b176482dbbc1245ebf52b181af44c2cf55f",
            "reference": "b7ce3b176482dbbc1245ebf52b181af44c2cf55f",
            "shasum": ""
        },
        "require": {
            "php": ">=5.3.0"
        },
        "time": "2017-02-14T16:28:37+00:00",
        "type": "library",
        "extra": {
            "branch-alias": {
                "dev-master": "1.0.x-dev"
            }
        },
        "installation-source": "dist",
        "autoload": {
            "psr-4": {
                "Psr\\Container\\": "src/"
            }
        },
        "notification-url": "https://packagist.org/downloads/",
        "license": [
            "MIT"
        ],
        "authors": [
            {
                "name": "PHP-FIG",
                "homepage": "http://www.php-fig.org/"
            }
        ],
        "description": "Common Container Interface (PHP FIG PSR-11)",
        "homepage": "https://github.com/php-fig/container",
        "keywords": [
            "PSR-11",
            "container",
            "container-interface",
            "container-interop",
            "psr"
        ]
    },
    {
        "name": "psr/http-message",
        "version": "1.0.1",
        "version_normalized": "1.0.1.0",
        "source": {
            "type": "git",
            "url": "https://github.com/php-fig/http-message.git",
            "reference": "f6561bf28d520154e4b0ec72be95418abe6d9363"
        },
        "dist": {
            "type": "zip",
            "url": "https://api.github.com/repos/php-fig/http-message/zipball/f6561bf28d520154e4b0ec72be95418abe6d9363",
            "reference": "f6561bf28d520154e4b0ec72be95418abe6d9363",
            "shasum": ""
        },
        "require": {
            "php": ">=5.3.0"
        },
        "time": "2016-08-06T14:39:51+00:00",
        "type": "library",
        "extra": {
            "branch-alias": {
                "dev-master": "1.0.x-dev"
            }
        },
        "installation-source": "dist",
        "autoload": {
            "psr-4": {
                "Psr\\Http\\Message\\": "src/"
            }
        },
        "notification-url": "https://packagist.org/downloads/",
        "license": [
            "MIT"
        ],
        "authors": [
            {
                "name": "PHP-FIG",
                "homepage": "http://www.php-fig.org/"
            }
        ],
        "description": "Common interface for HTTP messages",
        "homepage": "https://github.com/php-fig/http-message",
        "keywords": [
            "http",
            "http-message",
            "psr",
            "psr-7",
            "request",
            "response"
        ]
    },
    {
        "name": "psr/simple-cache",
        "version": "1.0.1",
        "version_normalized": "1.0.1.0",
        "source": {
            "type": "git",
            "url": "https://github.com/php-fig/simple-cache.git",
            "reference": "408d5eafb83c57f6365a3ca330ff23aa4a5fa39b"
        },
        "dist": {
            "type": "zip",
            "url": "https://api.github.com/repos/php-fig/simple-cache/zipball/408d5eafb83c57f6365a3ca330ff23aa4a5fa39b",
            "reference": "408d5eafb83c57f6365a3ca330ff23aa4a5fa39b",
            "shasum": ""
        },
        "require": {
            "php": ">=5.3.0"
        },
        "time": "2017-10-23T01:57:42+00:00",
        "type": "library",
        "extra": {
            "branch-alias": {
                "dev-master": "1.0.x-dev"
            }
        },
        "installation-source": "dist",
        "autoload": {
            "psr-4": {
                "Psr\\SimpleCache\\": "src/"
            }
        },
        "notification-url": "https://packagist.org/downloads/",
        "license": [
            "MIT"
        ],
        "authors": [
            {
                "name": "PHP-FIG",
                "homepage": "http://www.php-fig.org/"
            }
        ],
        "description": "Common interfaces for simple caching",
        "keywords": [
            "cache",
            "caching",
            "psr",
            "psr-16",
            "simple-cache"
        ]
    },
    {
        "name": "ralouphie/getallheaders",
        "version": "3.0.3",
        "version_normalized": "3.0.3.0",
        "source": {
            "type": "git",
            "url": "https://github.com/ralouphie/getallheaders.git",
            "reference": "120b605dfeb996808c31b6477290a714d356e822"
        },
        "dist": {
            "type": "zip",
            "url": "https://api.github.com/repos/ralouphie/getallheaders/zipball/120b605dfeb996808c31b6477290a714d356e822",
            "reference": "120b605dfeb996808c31b6477290a714d356e822",
            "shasum": ""
        },
        "require": {
            "php": ">=5.6"
        },
        "require-dev": {
            "php-coveralls/php-coveralls": "^2.1",
            "phpunit/phpunit": "^5 || ^6.5"
        },
        "time": "2019-03-08T08:55:37+00:00",
        "type": "library",
        "installation-source": "dist",
        "autoload": {
            "files": [
                "src/getallheaders.php"
            ]
        },
        "notification-url": "https://packagist.org/downloads/",
        "license": [
            "MIT"
        ],
        "authors": [
            {
                "name": "Ralph Khattar",
                "email": "ralph.khattar@gmail.com"
            }
        ],
        "description": "A polyfill for getallheaders."
    },
    {
        "name": "symfony/polyfill-intl-idn",
        "version": "v1.17.1",
        "version_normalized": "1.17.1.0",
        "source": {
            "type": "git",
            "url": "https://github.com/symfony/polyfill-intl-idn.git",
            "reference": "a57f8161502549a742a63c09f0a604997bf47027"
        },
        "dist": {
            "type": "zip",
            "url": "https://api.github.com/repos/symfony/polyfill-intl-idn/zipball/a57f8161502549a742a63c09f0a604997bf47027",
            "reference": "a57f8161502549a742a63c09f0a604997bf47027",
            "shasum": ""
        },
        "require": {
            "php": ">=5.3.3",
            "symfony/polyfill-mbstring": "^1.3",
            "symfony/polyfill-php72": "^1.10"
        },
        "suggest": {
            "ext-intl": "For best performance"
        },
        "time": "2020-06-06T08:46:27+00:00",
        "type": "library",
        "extra": {
            "branch-alias": {
                "dev-master": "1.17-dev"
            },
            "thanks": {
                "name": "symfony/polyfill",
                "url": "https://github.com/symfony/polyfill"
            }
        },
        "installation-source": "dist",
        "autoload": {
            "psr-4": {
                "Symfony\\Polyfill\\Intl\\Idn\\": ""
            },
            "files": [
                "bootstrap.php"
            ]
        },
        "notification-url": "https://packagist.org/downloads/",
        "license": [
            "MIT"
        ],
        "authors": [
            {
                "name": "Laurent Bassin",
                "email": "laurent@bassin.info"
            },
            {
                "name": "Symfony Community",
                "homepage": "https://symfony.com/contributors"
            }
        ],
        "description": "Symfony polyfill for intl's idn_to_ascii and idn_to_utf8 functions",
        "homepage": "https://symfony.com",
        "keywords": [
            "compatibility",
            "idn",
            "intl",
            "polyfill",
            "portable",
            "shim"
        ],
        "funding": [
            {
                "url": "https://symfony.com/sponsor",
                "type": "custom"
            },
            {
                "url": "https://github.com/fabpot",
                "type": "github"
            },
            {
                "url": "https://tidelift.com/funding/github/packagist/symfony/symfony",
                "type": "tidelift"
            }
        ]
    },
    {
        "name": "symfony/polyfill-mbstring",
        "version": "v1.17.1",
        "version_normalized": "1.17.1.0",
        "source": {
            "type": "git",
            "url": "https://github.com/symfony/polyfill-mbstring.git",
            "reference": "7110338d81ce1cbc3e273136e4574663627037a7"
        },
        "dist": {
            "type": "zip",
            "url": "https://api.github.com/repos/symfony/polyfill-mbstring/zipball/7110338d81ce1cbc3e273136e4574663627037a7",
            "reference": "7110338d81ce1cbc3e273136e4574663627037a7",
            "shasum": ""
        },
        "require": {
            "php": ">=5.3.3"
        },
        "suggest": {
            "ext-mbstring": "For best performance"
        },
        "time": "2020-06-06T08:46:27+00:00",
        "type": "library",
        "extra": {
            "branch-alias": {
                "dev-master": "1.17-dev"
            },
            "thanks": {
                "name": "symfony/polyfill",
                "url": "https://github.com/symfony/polyfill"
            }
        },
        "installation-source": "dist",
        "autoload": {
            "psr-4": {
                "Symfony\\Polyfill\\Mbstring\\": ""
            },
            "files": [
                "bootstrap.php"
            ]
        },
        "notification-url": "https://packagist.org/downloads/",
        "license": [
            "MIT"
        ],
        "authors": [
            {
                "name": "Nicolas Grekas",
                "email": "p@tchwork.com"
            },
            {
                "name": "Symfony Community",
                "homepage": "https://symfony.com/contributors"
            }
        ],
        "description": "Symfony polyfill for the Mbstring extension",
        "homepage": "https://symfony.com",
        "keywords": [
            "compatibility",
            "mbstring",
            "polyfill",
            "portable",
            "shim"
        ],
        "funding": [
            {
                "url": "https://symfony.com/sponsor",
                "type": "custom"
            },
            {
                "url": "https://github.com/fabpot",
                "type": "github"
            },
            {
                "url": "https://tidelift.com/funding/github/packagist/symfony/symfony",
                "type": "tidelift"
            }
        ]
    },
    {
        "name": "symfony/polyfill-php72",
        "version": "v1.17.0",
        "version_normalized": "1.17.0.0",
        "source": {
            "type": "git",
            "url": "https://github.com/symfony/polyfill-php72.git",
            "reference": "f048e612a3905f34931127360bdd2def19a5e582"
        },
        "dist": {
            "type": "zip",
            "url": "https://api.github.com/repos/symfony/polyfill-php72/zipball/f048e612a3905f34931127360bdd2def19a5e582",
            "reference": "f048e612a3905f34931127360bdd2def19a5e582",
            "shasum": ""
        },
        "require": {
            "php": ">=5.3.3"
        },
        "time": "2020-05-12T16:47:27+00:00",
        "type": "library",
        "extra": {
            "branch-alias": {
                "dev-master": "1.17-dev"
            }
        },
        "installation-source": "dist",
        "autoload": {
            "psr-4": {
                "Symfony\\Polyfill\\Php72\\": ""
            },
            "files": [
                "bootstrap.php"
            ]
        },
        "notification-url": "https://packagist.org/downloads/",
        "license": [
            "MIT"
        ],
        "authors": [
            {
                "name": "Nicolas Grekas",
                "email": "p@tchwork.com"
            },
            {
                "name": "Symfony Community",
                "homepage": "https://symfony.com/contributors"
            }
        ],
        "description": "Symfony polyfill backporting some PHP 7.2+ features to lower PHP versions",
        "homepage": "https://symfony.com",
        "keywords": [
            "compatibility",
            "polyfill",
            "portable",
            "shim"
        ],
        "funding": [
            {
                "url": "https://symfony.com/sponsor",
                "type": "custom"
            },
            {
                "url": "https://github.com/fabpot",
                "type": "github"
            },
            {
                "url": "https://tidelift.com/funding/github/packagist/symfony/symfony",
                "type": "tidelift"
            }
        ]
    },
    {
        "name": "symfony/polyfill-php80",
        "version": "v1.17.1",
        "version_normalized": "1.17.1.0",
        "source": {
            "type": "git",
            "url": "https://github.com/symfony/polyfill-php80.git",
            "reference": "4a5b6bba3259902e386eb80dd1956181ee90b5b2"
        },
        "dist": {
            "type": "zip",
            "url": "https://api.github.com/repos/symfony/polyfill-php80/zipball/4a5b6bba3259902e386eb80dd1956181ee90b5b2",
            "reference": "4a5b6bba3259902e386eb80dd1956181ee90b5b2",
            "shasum": ""
        },
        "require": {
            "php": ">=7.0.8"
        },
        "time": "2020-06-06T08:46:27+00:00",
        "type": "library",
        "extra": {
            "branch-alias": {
                "dev-master": "1.17-dev"
            },
            "thanks": {
                "name": "symfony/polyfill",
                "url": "https://github.com/symfony/polyfill"
            }
        },
        "installation-source": "dist",
        "autoload": {
            "psr-4": {
                "Symfony\\Polyfill\\Php80\\": ""
            },
            "files": [
                "bootstrap.php"
            ],
            "classmap": [
                "Resources/stubs"
            ]
        },
        "notification-url": "https://packagist.org/downloads/",
        "license": [
            "MIT"
        ],
        "authors": [
            {
                "name": "Ion Bazan",
                "email": "ion.bazan@gmail.com"
            },
            {
                "name": "Nicolas Grekas",
                "email": "p@tchwork.com"
            },
            {
                "name": "Symfony Community",
                "homepage": "https://symfony.com/contributors"
            }
        ],
        "description": "Symfony polyfill backporting some PHP 8.0+ features to lower PHP versions",
        "homepage": "https://symfony.com",
        "keywords": [
            "compatibility",
            "polyfill",
            "portable",
            "shim"
        ],
        "funding": [
            {
                "url": "https://symfony.com/sponsor",
                "type": "custom"
            },
            {
                "url": "https://github.com/fabpot",
                "type": "github"
            },
            {
                "url": "https://tidelift.com/funding/github/packagist/symfony/symfony",
                "type": "tidelift"
            }
        ]
    },
    {
        "name": "symfony/translation",
        "version": "v5.1.2",
        "version_normalized": "5.1.2.0",
        "source": {
            "type": "git",
            "url": "https://github.com/symfony/translation.git",
            "reference": "d387f07d4c15f9c09439cf3f13ddbe0b2c5e8be2"
        },
        "dist": {
            "type": "zip",
            "url": "https://api.github.com/repos/symfony/translation/zipball/d387f07d4c15f9c09439cf3f13ddbe0b2c5e8be2",
            "reference": "d387f07d4c15f9c09439cf3f13ddbe0b2c5e8be2",
            "shasum": ""
        },
        "require": {
            "php": ">=7.2.5",
            "symfony/polyfill-mbstring": "~1.0",
            "symfony/polyfill-php80": "^1.15",
            "symfony/translation-contracts": "^2"
        },
        "conflict": {
            "symfony/config": "<4.4",
            "symfony/dependency-injection": "<5.0",
            "symfony/http-kernel": "<5.0",
            "symfony/twig-bundle": "<5.0",
            "symfony/yaml": "<4.4"
        },
        "provide": {
            "symfony/translation-implementation": "2.0"
        },
        "require-dev": {
            "psr/log": "~1.0",
            "symfony/config": "^4.4|^5.0",
            "symfony/console": "^4.4|^5.0",
            "symfony/dependency-injection": "^5.0",
            "symfony/finder": "^4.4|^5.0",
            "symfony/http-kernel": "^5.0",
            "symfony/intl": "^4.4|^5.0",
            "symfony/service-contracts": "^1.1.2|^2",
            "symfony/yaml": "^4.4|^5.0"
        },
        "suggest": {
            "psr/log-implementation": "To use logging capability in translator",
            "symfony/config": "",
            "symfony/yaml": ""
        },
        "time": "2020-05-30T20:35:19+00:00",
        "type": "library",
        "extra": {
            "branch-alias": {
                "dev-master": "5.1-dev"
            }
        },
        "installation-source": "dist",
        "autoload": {
            "psr-4": {
                "Symfony\\Component\\Translation\\": ""
            },
            "exclude-from-classmap": [
                "/Tests/"
            ]
        },
        "notification-url": "https://packagist.org/downloads/",
        "license": [
            "MIT"
        ],
        "authors": [
            {
                "name": "Fabien Potencier",
                "email": "fabien@symfony.com"
            },
            {
                "name": "Symfony Community",
                "homepage": "https://symfony.com/contributors"
            }
        ],
        "description": "Symfony Translation Component",
        "homepage": "https://symfony.com",
        "funding": [
            {
                "url": "https://symfony.com/sponsor",
                "type": "custom"
            },
            {
                "url": "https://github.com/fabpot",
                "type": "github"
            },
            {
                "url": "https://tidelift.com/funding/github/packagist/symfony/symfony",
                "type": "tidelift"
            }
        ]
    },
    {
        "name": "symfony/translation-contracts",
        "version": "v2.1.2",
        "version_normalized": "2.1.2.0",
        "source": {
            "type": "git",
            "url": "https://github.com/symfony/translation-contracts.git",
            "reference": "e5ca07c8f817f865f618aa072c2fe8e0e637340e"
        },
        "dist": {
            "type": "zip",
            "url": "https://api.github.com/repos/symfony/translation-contracts/zipball/e5ca07c8f817f865f618aa072c2fe8e0e637340e",
            "reference": "e5ca07c8f817f865f618aa072c2fe8e0e637340e",
            "shasum": ""
        },
        "require": {
            "php": ">=7.2.5"
        },
        "suggest": {
            "symfony/translation-implementation": ""
        },
        "time": "2020-05-20T17:43:50+00:00",
        "type": "library",
        "extra": {
            "branch-alias": {
                "dev-master": "2.1-dev"
            }
        },
        "installation-source": "dist",
        "autoload": {
            "psr-4": {
                "Symfony\\Contracts\\Translation\\": ""
            }
        },
        "notification-url": "https://packagist.org/downloads/",
        "license": [
            "MIT"
        ],
        "authors": [
            {
                "name": "Nicolas Grekas",
                "email": "p@tchwork.com"
            },
            {
                "name": "Symfony Community",
                "homepage": "https://symfony.com/contributors"
            }
        ],
        "description": "Generic abstractions related to translation",
        "homepage": "https://symfony.com",
        "keywords": [
            "abstractions",
            "contracts",
            "decoupling",
            "interfaces",
            "interoperability",
            "standards"
        ],
        "funding": [
            {
                "url": "https://symfony.com/sponsor",
                "type": "custom"
            },
            {
                "url": "https://github.com/fabpot",
                "type": "github"
            },
            {
                "url": "https://tidelift.com/funding/github/packagist/symfony/symfony",
                "type": "tidelift"
            }
        ]
    }
]
