{"version":"0.4","title":"Header2","type":"section","content":[{"id":"4bb4d4c7","settings":{"content_width":{"unit":"px","size":1170},"gap":"no","margin":{"unit":"px","top":"","right":0,"bottom":"","left":0,"isLinked":true},"padding":{"unit":"px","top":"0","right":"10","bottom":"0","left":"10","isLinked":false}},"elements":[{"id":"753d431b","settings":{"_column_size":100,"box_shadow_box_shadow_type":"yes","box_shadow_box_shadow":{"horizontal":0,"vertical":4,"blur":14,"spread":0,"color":"rgba(60,75,113,0.1)"}},"elements":[{"id":"36899724","settings":{"content_position":"middle","structure":"50","background_background":"classic","background_color":"#ffffff","border_radius":{"unit":"px","top":"3","right":"3","bottom":"0","left":"0","isLinked":false},"box_shadow_box_shadow":{"horizontal":0,"vertical":4,"blur":14,"spread":0,"color":"rgba(60,75,113,0.1)"},"padding":{"unit":"px","top":"7","right":"20","bottom":"7","left":"20","isLinked":false},"padding_mobile":{"unit":"px","top":"7","right":"10","bottom":"7","left":"10","isLinked":false}},"elements":[{"id":"4721970e","settings":{"_column_size":20,"_inline_size":32.478,"background_background":"classic","_inline_size_tablet":30},"elements":[{"id":"58efeb8d","settings":{"logo_type":"both","logo_image":{"url":"https:\/\/madxblocks.zemez.io\/wp-content\/uploads\/2018\/05\/demo-logo-2.png","id":201},"logo_image_2x":{"url":"https:\/\/madxblocks.zemez.io\/wp-content\/uploads\/2018\/05\/demo-logo-2-2x.png","id":202},"logo_text_from":"custom","logo_text":"Slogan Site","logo_display":"inline","vertical_logo_alignment":"flex-end","text_logo_color":"#9da5b8","text_logo_typography_typography":"custom","text_logo_typography_font_family":"Open Sans","text_logo_typography_font_size":{"unit":"px","size":11},"text_logo_typography_font_weight":"normal","text_logo_typography_text_transform":"none","text_logo_typography_line_height":{"unit":"em","size":1.8},"text_logo_gap":{"unit":"px","size":10},"logo_alignment_mobile":"center"},"elements":[],"isInner":false,"widgetType":"madx-logo","elType":"widget"}],"isInner":true,"elType":"column"},{"id":"61decbdd","settings":{"_column_size":20,"_inline_size":35.133,"_inline_size_tablet":36},"elements":[{"id":"44372f78","settings":{"search_placeholder":"Enter Search Keyword","form_input_typography_typography":"custom","form_input_typography_font_family":"Open Sans","form_input_typography_font_size":{"unit":"px","size":12},"form_input_typography_font_weight":"300","form_input_typography_line_height":{"unit":"px","size":16},"form_input_padding":{"unit":"px","top":"6","right":"10","bottom":"6","left":"10","isLinked":false},"form_input_border_border":"solid","form_input_border_width":{"unit":"px","top":"1","right":"1","bottom":"1","left":"1","isLinked":true},"form_input_box_shadow_box_shadow":{"horizontal":0,"vertical":0,"blur":0,"spread":0,"color":"rgba(0,0,0,0)"},"form_submit_bg_color":"rgba(0,0,0,0)","form_submit_color":"#13a3a3","form_submit_color_hover":"#ffffff","form_submit_padding":{"unit":"px","top":"7","right":"20","bottom":"7","left":"20","isLinked":false},"form_submit_box_shadow_box_shadow":{"horizontal":0,"vertical":0,"blur":"","spread":0,"color":"rgba(0,0,0,0.5)"},"search_submit_label":"Search","search_submit_icon":"","form_input_bg_color":"#f7f7fb","form_input_bg_color_focus":"rgba(0,0,0,0)","form_input_border_color":"rgba(60,75,113,0.1)","form_input_border_radius":{"unit":"px","top":"3","right":"3","bottom":"3","left":"3","isLinked":true},"form_submit_typography_typography":"custom","form_submit_typography_font_family":"Open Sans","form_submit_typography_font_size":{"unit":"px","size":12},"form_submit_typography_font_weight":"400","form_submit_typography_line_height":{"unit":"px","size":16},"form_submit_bg_color_hover":"#13a3a3","form_submit_hover_border_color":"#13a3a3","form_submit_border_border":"solid","form_submit_border_width":{"unit":"px","top":"1","right":"1","bottom":"1","left":"1","isLinked":true},"form_submit_border_color":"#ecedf1","form_submit_border_radius":{"unit":"px","top":"3","right":"3","bottom":"3","left":"3","isLinked":true},"form_submit_typography_text_transform":"none","form_submit_typography_letter_spacing":{"unit":"px","size":0},"form_submit_margin":{"unit":"px","top":"0","right":"0","bottom":"0","left":"5","isLinked":false}},"elements":[],"isInner":false,"widgetType":"madx-search","elType":"widget"}],"isInner":true,"elType":"column"},{"id":"648cb907","settings":{"_column_size":20,"_inline_size":24.563,"_inline_size_tablet":21,"_inline_size_mobile":71},"elements":[{"id":"7b1132db","settings":{"login_link_text":"Login","login_prefix":"","logout_link_text":"Logout","logout_prefix":"","register_link_text":"Register","register_prefix":"or","registered_link_text":"My Account","registered_prefix":"|","login_link_icon":"","logout_link_icon":"","register_link_icon":"","registered_link_icon":"","auth_alignment":"flex-end","login_link_typography_typography":"custom","login_link_typography_font_family":"Open Sans","login_link_typography_font_size":{"unit":"px","size":12},"login_link_typography_font_weight":"400","login_link_typography_line_height":{"unit":"px","size":18},"login_link_text_color":"#3c4b71","login_link_color":"#13a3a3","login_prefix_color":"#9da5b8","login_prefix_typography_typography":"custom","login_prefix_typography_font_family":"Open Sans","login_prefix_typography_font_size":{"unit":"px","size":12},"login_prefix_typography_font_weight":"normal","login_prefix_typography_line_height":{"unit":"px","size":18},"logout_link_typography_typography":"custom","logout_link_typography_font_family":"Open Sans","logout_link_typography_font_size":{"unit":"px","size":12},"logout_link_typography_font_weight":"normal","logout_link_typography_line_height":{"unit":"px","size":16},"logout_link_text_color":"#13a3a3","logout_link_color":"#3c4b71","logout_prefix_color":"#9da5b8","logout_prefix_typography_typography":"custom","logout_prefix_typography_font_family":"Open Sans","logout_prefix_typography_font_size":{"unit":"px","size":12},"logout_prefix_typography_font_weight":"400","logout_prefix_typography_line_height":{"unit":"px","size":18},"register_link_typography_typography":"custom","register_link_typography_font_family":"Open Sans","register_link_typography_font_size":{"unit":"px","size":12},"register_link_typography_font_weight":"400","register_link_typography_line_height":{"unit":"px","size":18},"register_link_text_color":"#3c4b71","register_link_color":"#13a3a3","register_prefix_color":"#9DA5B8","register_prefix_typography_typography":"custom","register_prefix_typography_font_family":"Open Sans","register_prefix_typography_font_size":{"unit":"px","size":12},"register_prefix_typography_font_weight":"400","register_prefix_typography_text_transform":"none","register_prefix_typography_line_height":{"unit":"px","size":18},"registered_link_typography_typography":"custom","registered_link_typography_font_family":"Open Sans","registered_link_typography_font_size":{"unit":"px","size":12},"registered_link_typography_font_weight":"400","registered_link_typography_line_height":{"unit":"px","size":18},"registered_link_text_color":"#13a3a3","registered_link_color":"#3c4b71","registered_prefix_color":"#9da5b8","registered_prefix_typography_typography":"custom","registered_prefix_typography_font_family":"Open Sans","registered_prefix_typography_font_size":{"unit":"px","size":12},"registered_prefix_typography_font_weight":"400","registered_prefix_typography_line_height":{"unit":"px","size":18},"logout_link_typography_text_decoration":"underline","login_link_url":"https:\/\/madxblocks.zemez.io\/log-in-page\/","register_link_url":"https:\/\/madxblocks.zemez.io\/register-page\/","show_registered_link":"","auth_alignment_mobile":"flex-start"},"elements":[],"isInner":false,"widgetType":"madx-auth-links","elType":"widget"}],"isInner":true,"elType":"column"},{"id":"51063b54","settings":{"_column_size":20,"_inline_size":2.826,"padding":{"unit":"px","top":"0","right":"0","bottom":"0","left":"0","isLinked":false},"_inline_size_mobile":3},"elements":[{"id":"2f9aceaa","settings":{"weight":{"unit":"px","size":30},"color":"#ecedf1","width":{"unit":"px","size":1},"align":"center"},"elements":[],"isInner":false,"widgetType":"divider","elType":"widget"}],"isInner":true,"elType":"column"},{"id":"55d972db","settings":{"_column_size":20,"_inline_size":5,"_inline_size_tablet":9,"_inline_size_mobile":20},"elements":[{"id":"1ba7fde7","settings":{"cart_label":"","count_format":"%s","total_format":"%s","cart_list_label":"My Cart","cart_icon":"fa fa-shopping-bag","show_total":"","cart_alignment":"flex-end","cart_icon_color":"#13a3a3","cart_count_color":"#9da5b8","cart_link_typography_typography":"custom","cart_link_typography_font_family":"Open Sans","cart_link_typography_font_size":{"unit":"px","size":12},"cart_link_typography_font_weight":"normal","cart_link_typography_line_height":{"unit":"px","size":16},"cart_icon_size":{"unit":"px","size":18},"nav_items_icon_gap":{"unit":"px","size":8},"cart_list_container_box_shadow_box_shadow_type":"yes","cart_list_container_box_shadow_box_shadow":{"horizontal":0,"vertical":4,"blur":14,"spread":0,"color":"rgba(60,75,113,0.1)"},"cart_list_hor_position":"right","cart_list_right_position":{"unit":"px","size":0},"cart_list_title_typography_font_family":"Open Sans","cart_list_title_typography_font_weight":"400","cart_list_title_margin":{"unit":"px","top":"0","right":"0","bottom":"10","left":"0","isLinked":false}},"elements":[],"isInner":false,"widgetType":"madx-blocks-cart","elType":"widget"}],"isInner":true,"elType":"column"}],"isInner":true,"elType":"section"},{"id":"3d96fccf","settings":{"content_position":"middle","background_background":"classic","background_color":"#13a3a3","box_shadow_box_shadow":{"horizontal":0,"vertical":4,"blur":14,"spread":0,"color":"rgba(60,75,113,0.1)"},"padding":{"unit":"px","top":"0","right":"20","bottom":"0","left":"20","isLinked":false},"padding_mobile":{"unit":"px","top":"0","right":"10","bottom":"0","left":"10","isLinked":false},"madx_sticky_section_visibility":["desktop"],"madx_sticky_section":"yes","madx_sticky_section_box_shadow_box_shadow_type":"yes","madx_sticky_section_box_shadow_box_shadow":{"horizontal":0,"vertical":4,"blur":14,"spread":0,"color":"rgba(60,75,113,0.1)"}},"elements":[{"id":"12797d52","settings":{"_column_size":100,"_inline_size":null},"elements":[{"id":"24c115ad","settings":{"dropdown_icon":"fa fa-chevron-down","nav_items_color":"#ffffff","nav_items_typography_typography":"custom","nav_items_typography_font_family":"Open Sans","nav_items_typography_font_size":{"unit":"px","size":12},"nav_items_typography_font_weight":"400","nav_items_typography_text_transform":"capitalize","nav_items_typography_line_height":{"unit":"px","size":16},"nav_items_color_hover":"#3c4b71","nav_items_color_active":"#3c4b71","nav_items_padding":{"unit":"px","top":"3","right":"9","bottom":"3","left":"9","isLinked":false},"nav_items_icon_size":{"unit":"px","size":6},"nav_items_icon_gap":{"unit":"px","size":5},"sub_items_container_width":{"unit":"px","size":135},"sub_items_border_radius":{"unit":"px","top":"3","right":"3","bottom":"3","left":"3","isLinked":true},"sub_items_color":"#3c4b71","sub_items_color_hover":"#13a3a3","sub_items_color_active":"#13a3a3","sub_items_typography_typography":"custom","sub_items_typography_font_family":"Open Sans","sub_items_typography_font_size":{"unit":"px","size":12},"sub_items_typography_font_weight":"400","sub_items_typography_line_height":{"unit":"px","size":25},"sub_items_container_padding":{"unit":"px","top":"10","right":"0","bottom":"10","left":"0","isLinked":false},"sub_items_padding":{"unit":"px","top":"0","right":"10","bottom":"0","left":"10","isLinked":false},"sub_items_container_top_gap":{"unit":"px","size":3},"nav_items_bg_color_hover":"#ffffff","nav_items_margin":{"unit":"px","top":"0","right":"1","bottom":"0","left":"0","isLinked":false},"nav_items_border_radius":{"unit":"px","top":"3","right":"3","bottom":"3","left":"3","isLinked":true},"sub_items_container_box_shadow_box_shadow_type":"yes","sub_items_container_box_shadow_box_shadow":{"horizontal":0,"vertical":4,"blur":14,"spread":0,"color":"rgba(60,75,113,0.1)"},"nav_items_bg_color_active":"#ffffff","sub_items_container_width_mobile":{"unit":"%","size":100},"mobile_trigger_color":"#ffffff","mobile_trigger_width":{"unit":"px","size":20},"mobile_trigger_height":{"unit":"px","size":20},"mobile_trigger_alignment":"center"},"elements":[],"isInner":false,"widgetType":"madx-nav-menu","elType":"widget"}],"isInner":true,"elType":"column"}],"isInner":true,"elType":"section"},{"id":"106ee660","settings":{"content_position":"middle","background_background":"classic","background_color":"#ffffff","border_radius":{"unit":"px","top":"0","right":"0","bottom":"3","left":"3","isLinked":false},"box_shadow_box_shadow":{"horizontal":0,"vertical":4,"blur":14,"spread":0,"color":"rgba(60,75,113,0.1)"},"padding":{"unit":"px","top":"7","right":"20","bottom":"7","left":"20","isLinked":false},"padding_mobile":{"unit":"px","top":"7","right":"10","bottom":"7","left":"10","isLinked":false}},"elements":[{"id":"4c5d251","settings":{"_column_size":100,"_inline_size":null,"background_background":"classic","_inline_size_tablet":30},"elements":[{"id":"31d76458","settings":{"show_title":"yes","browse_label":"Browse:","separator_type":"custom","custom_separator":"\/","alignment_mobile":"center","order":"1","title_typography_typography":"custom","title_typography_font_family":"Open Sans","title_typography_font_size":{"unit":"px","size":22},"title_typography_font_weight":"700","title_color":"#3c4b71","breadcrumbs_item_typography_typography":"custom","breadcrumbs_item_typography_font_family":"Open Sans","breadcrumbs_item_typography_font_size":{"unit":"px","size":12},"breadcrumbs_item_typography_font_weight":"300","breadcrumbs_link_color":"#9da5b8","breadcrumbs_link_hover_color":"#13a3a3","breadcrumbs_target_item_color":"#13a3a3","breadcrumbs_sep_color":"#9da5b8"},"elements":[],"isInner":false,"widgetType":"madx-breadcrumbs","elType":"widget"}],"isInner":true,"elType":"column"}],"isInner":true,"elType":"section"}],"isInner":false,"elType":"column"}],"isInner":false,"elType":"section"}]}