{"version":"0.4","title":"Header1","type":"section","content":[{"id":"24640d3a","settings":{"content_width":{"unit":"px","size":1170},"gap":"no","padding":{"unit":"px","top":"0","right":"10","bottom":"0","left":"10","isLinked":false}},"elements":[{"id":"539fa221","settings":{"_column_size":100,"box_shadow_box_shadow_type":"yes","box_shadow_box_shadow":{"horizontal":0,"vertical":4,"blur":14,"spread":0,"color":"rgba(60,75,113,0.1)"}},"elements":[{"id":"7996336f","settings":{"content_position":"middle","structure":"40","background_background":"classic","background_color":"#ffffff","border_radius":{"unit":"px","top":"3","right":"3","bottom":"3","left":"3","isLinked":true},"box_shadow_box_shadow":{"horizontal":0,"vertical":4,"blur":14,"spread":0,"color":"rgba(60,75,113,0.1)"},"gap":"wide","madx_sticky_section_visibility":["desktop"],"madx_sticky_section":"yes","madx_sticky_section_box_shadow_box_shadow_type":"yes","madx_sticky_section_box_shadow_box_shadow":{"horizontal":0,"vertical":4,"blur":14,"spread":0,"color":"rgba(60,75,113,0.1)"}},"elements":[{"id":"785e5ca4","settings":{"_column_size":25,"_inline_size":16.41,"border_border":"solid","border_width":{"unit":"px","top":"0","right":"1","bottom":"1","left":"0","isLinked":false},"border_color":"#ecedf1","background_background":"classic","padding":{"unit":"px","top":"15","right":"20","bottom":"15","left":"20","isLinked":false},"_inline_size_tablet":27},"elements":[{"id":"4e04a4ce","settings":{"logo_type":"both","logo_image":{"url":"https:\/\/madxblocks.zemez.io\/wp-content\/uploads\/2018\/05\/demo-logo-1.png","id":161},"logo_image_2x":{"url":"https:\/\/madxblocks.zemez.io\/wp-content\/uploads\/2018\/05\/demo-logo-1-2x.png","id":162},"logo_text_from":"custom","logo_text":"Slogan Site","logo_display":"inline","vertical_logo_alignment":"flex-end","text_logo_color":"#9da5b8","text_logo_typography_typography":"custom","text_logo_typography_font_family":"Roboto","text_logo_typography_font_size":{"unit":"px","size":11},"text_logo_typography_font_weight":"normal","text_logo_typography_text_transform":"none","text_logo_typography_line_height":{"unit":"em","size":1.7},"logo_alignment_mobile":"center"},"elements":[],"isInner":false,"widgetType":"madx-logo","elType":"widget"}],"isInner":true,"elType":"column"},{"id":"47f538b4","settings":{"_column_size":25,"_inline_size":53.334,"padding":{"unit":"px","top":"15","right":"10","bottom":"15","left":"10","isLinked":false},"_inline_size_tablet":100,"column_order_tablet":1,"border_border":"solid","border_width":{"unit":"px","top":"0","right":"0","bottom":"1","left":"0","isLinked":false},"border_color":"#ecedf1"},"elements":[{"id":"769bfccb","settings":{"dropdown_icon":"fa fa-chevron-down","nav_items_color":"#3c4b71","nav_items_text_icon_color":"#3c4b71","nav_items_typography_typography":"custom","nav_items_typography_font_family":"Roboto","nav_items_typography_font_size":{"unit":"px","size":12},"nav_items_typography_font_weight":"400","nav_items_typography_text_transform":"uppercase","nav_items_typography_line_height":{"unit":"px","size":16},"nav_items_color_hover":"#2d9cdb","nav_items_color_active":"#2d9cdb","nav_items_padding":{"unit":"px","top":"5","right":"9","bottom":"5","left":"9","isLinked":false},"nav_items_icon_size":{"unit":"px","size":6},"nav_items_icon_gap":{"unit":"px","size":5},"sub_items_container_width":{"unit":"px","size":125},"sub_items_container_bg_color":"#3c4b71","sub_items_border_radius":{"unit":"px","top":"0","right":"0","bottom":"3","left":"3","isLinked":false},"sub_items_color":"#ffffff","sub_items_color_hover":"#2d9cdb","sub_items_color_active":"#2d9cdb","sub_items_typography_typography":"custom","sub_items_typography_font_family":"Roboto","sub_items_typography_font_size":{"unit":"px","size":12},"sub_items_typography_font_weight":"400","sub_items_typography_line_height":{"unit":"px","size":21},"sub_items_container_padding":{"unit":"px","top":"22","right":"0","bottom":"22","left":"0","isLinked":false},"sub_items_padding":{"unit":"px","top":"0","right":"10","bottom":"0","left":"20","isLinked":false},"sub_items_container_top_gap":{"unit":"px","size":20},"sub_items_container_box_shadow_box_shadow_type":"yes","sub_items_container_box_shadow_box_shadow":{"horizontal":0,"vertical":4,"blur":14,"spread":0,"color":"rgba(60,75,113,0.1)"},"menu_alignment_tablet":"flex-start","sub_items_container_width_mobile":{"unit":"%","size":100},"mobile_trigger_width":{"unit":"px","size":20},"mobile_trigger_height":{"unit":"px","size":20},"mobile_trigger_alignment":"center"},"elements":[],"isInner":false,"widgetType":"madx-nav-menu","elType":"widget"}],"isInner":true,"elType":"column"},{"id":"55d1fbf5","settings":{"_column_size":25,"_inline_size":24.188,"padding":{"unit":"px","top":"15","right":"20","bottom":"15","left":"20","isLinked":false},"_inline_size_tablet":65,"_inline_size_mobile":80,"border_border":"solid","border_width":{"unit":"px","top":"0","right":"0","bottom":"1","left":"0","isLinked":false},"border_color":"#ecedf1"},"elements":[{"id":"629fe036","settings":{"login_link_text":"Login","login_prefix":"Have an Account?","logout_link_text":"Logout","logout_prefix":"Hi, %s","register_link_text":"Register","register_prefix":"or","registered_link_text":"My Account","registered_prefix":"|","login_link_icon":"","logout_link_icon":"","register_link_icon":"","registered_link_icon":"","auth_alignment":"flex-end","login_link_typography_typography":"custom","login_link_typography_font_family":"Roboto","login_link_typography_font_size":{"unit":"px","size":12},"login_link_typography_font_weight":"400","login_link_typography_text_transform":"uppercase","login_link_typography_line_height":{"unit":"px","size":15},"login_link_text_color":"#3c4b71","login_link_color":"#2d9cdb","login_prefix_color":"#9da5b8","login_prefix_typography_typography":"custom","login_prefix_typography_font_family":"Roboto","login_prefix_typography_font_size":{"unit":"px","size":12},"login_prefix_typography_font_weight":"400","login_prefix_typography_text_transform":"none","login_prefix_typography_line_height":{"unit":"px","size":15},"logout_link_typography_typography":"custom","logout_link_typography_font_family":"Roboto","logout_link_typography_font_size":{"unit":"px","size":12},"logout_link_typography_font_weight":"normal","logout_link_typography_text_transform":"uppercase","logout_link_typography_line_height":{"unit":"px","size":15},"logout_link_text_color":"#2d9cdb","logout_link_color":"#3c4b71","logout_prefix_color":"#9da5b8","logout_prefix_typography_typography":"custom","logout_prefix_typography_font_family":"Roboto","logout_prefix_typography_font_size":{"unit":"px","size":12},"logout_prefix_typography_font_weight":"normal","logout_prefix_typography_line_height":{"unit":"px","size":15},"register_link_typography_typography":"custom","register_link_typography_font_family":"Roboto","register_link_typography_font_size":{"unit":"px","size":12},"register_link_typography_font_weight":"400","register_link_typography_text_transform":"uppercase","register_link_typography_line_height":{"unit":"px","size":15},"register_link_text_color":"#3c4b71","register_link_color":"#2d9cdb","register_prefix_color":"#9da5b8","register_prefix_typography_typography":"custom","register_prefix_typography_font_family":"Roboto","register_prefix_typography_font_size":{"unit":"px","size":12},"register_prefix_typography_font_weight":"400","register_prefix_typography_line_height":{"unit":"px","size":15},"registered_link_typography_typography":"custom","registered_link_typography_font_family":"Roboto","registered_link_typography_font_size":{"unit":"px","size":12},"registered_link_typography_font_weight":"400","registered_link_typography_text_transform":"uppercase","registered_link_typography_line_height":{"unit":"px","size":15},"registered_link_text_color":"#3c4b71","registered_link_color":"#2d9cdb","registered_prefix_color":"#9da5b8","registered_prefix_typography_typography":"custom","registered_prefix_typography_font_family":"Roboto","registered_prefix_typography_font_size":{"unit":"px","size":12},"registered_prefix_typography_font_weight":"400","registered_prefix_typography_line_height":{"unit":"px","size":15},"login_link_url":"https:\/\/madxblocks.zemez.io\/log-in-page\/","register_link_url":"https:\/\/madxblocks.zemez.io\/register-page\/","show_registered_link":"","auth_alignment_mobile":"flex-start"},"elements":[],"isInner":false,"widgetType":"madx-auth-links","elType":"widget"}],"isInner":true,"elType":"column"},{"id":"70bfadd","settings":{"_column_size":25,"_inline_size":6.068,"border_border":"solid","border_width":{"unit":"px","top":"0","right":"0","bottom":"1","left":"1","isLinked":false},"border_color":"#ecedf1","padding":{"unit":"px","top":"15","right":"20","bottom":"15","left":"20","isLinked":false},"_inline_size_tablet":8,"_inline_size_mobile":20},"elements":[{"id":"65077bdb","settings":{"search_placeholder":"Enter Search Keyword","form_input_typography_typography":"custom","form_input_typography_font_family":"Roboto","form_input_typography_font_size":{"unit":"px","size":20},"form_input_typography_font_weight":"300","form_input_typography_line_height":{"unit":"px","size":""},"form_input_padding":{"unit":"px","top":"8","right":"0","bottom":"8","left":"0","isLinked":false},"form_input_border_border":"solid","form_input_border_width":{"unit":"px","top":"0","right":"0","bottom":"0","left":"0","isLinked":true},"form_input_box_shadow_box_shadow_type":"yes","form_input_box_shadow_box_shadow":{"horizontal":0,"vertical":0,"blur":0,"spread":0,"color":"rgba(0,0,0,0)"},"form_submit_icon_size":{"unit":"px","size":20},"form_submit_bg_color":"rgba(0,0,0,0)","form_submit_color":"#ffffff","form_submit_color_hover":"#2d9cdb","form_submit_padding":{"unit":"px","top":"5","right":"0","bottom":"5","left":"0","isLinked":false},"form_submit_margin":{"unit":"px","top":"0","right":"0","bottom":"0","left":"0","isLinked":true},"form_submit_box_shadow_box_shadow":{"horizontal":0,"vertical":0,"blur":"","spread":0,"color":"rgba(0,0,0,0.5)"},"show_search_in_popup":"true","full_screen_popup":"true","popup_show_effect":"fade","form_input_bg_color":"rgba(0,0,0,0)","form_input_color":"#ffffff","form_input_placeholder_color":"#ffffff","form_input_border_radius":{"unit":"px","top":"0","right":"0","bottom":"0","left":"0","isLinked":true},"popup_width":{"unit":"px","size":450},"popup_bg_color":"rgba(21,35,68,0.9)","popup_trigger_bg_color":"rgba(0,0,0,0)","popup_trigger_color":"#3c4b71","popup_trigger_color_hover":"#2d9cdb","popup_trigger_icon_size":{"unit":"px","size":12},"popup_trigger_alignment":"center","popup_trigger_padding":{"unit":"px","top":"8","right":"5","bottom":"8","left":"5","isLinked":false},"popup_trigger_margin":{"unit":"px","top":"0","right":"0","bottom":"0","left":"0","isLinked":true},"form_border_border":"solid","form_border_width":{"unit":"px","top":"0","right":"0","bottom":"2","left":"0","isLinked":false},"form_border_color":"#ffffff","popup_close_bg_color":"rgba(0,0,0,0)","popup_close_color":"#ffffff","popup_close_color_hover":"#2d9cdb","popup_close_icon_size":{"unit":"px","size":25},"popup_close_padding":{"unit":"px","top":"3","right":"3","bottom":"3","left":"3","isLinked":true}},"elements":[],"isInner":false,"widgetType":"madx-search","elType":"widget"}],"isInner":true,"elType":"column"}],"isInner":true,"elType":"section"},{"id":"7dac606b","settings":{"content_position":"middle","background_background":"classic","background_color":"#ffffff","border_radius":{"unit":"px","top":"0","right":"0","bottom":"3","left":"3","isLinked":false},"box_shadow_box_shadow":{"horizontal":0,"vertical":4,"blur":14,"spread":0,"color":"rgba(60,75,113,0.1)"},"gap":"wide","border_color":"#ecedf1"},"elements":[{"id":"719f502e","settings":{"_column_size":100,"_inline_size":null,"border_border":"solid","border_width":{"unit":"px","top":"0","right":"1","bottom":"0","left":"0","isLinked":false},"border_color":"#ecedf1","background_background":"classic","padding":{"unit":"px","top":"10","right":"20","bottom":"10","left":"20","isLinked":false}},"elements":[{"id":"160e9c5a","settings":{"browse_label":"Browse:","custom_separator":"\/","separator_type":"custom","breadcrumbs_item_typography_typography":"custom","breadcrumbs_item_typography_font_family":"Roboto","breadcrumbs_item_typography_font_size":{"unit":"px","size":10},"breadcrumbs_item_typography_font_weight":"400","breadcrumbs_link_color":"#9da5b8","breadcrumbs_link_hover_typography_typography":"custom","breadcrumbs_link_hover_typography_text_decoration":"underline","breadcrumbs_link_hover_color":"#2d9cdb","breadcrumbs_target_item_typography_typography":"custom","breadcrumbs_target_item_typography_text_decoration":"underline","breadcrumbs_target_item_color":"#2d9cdb","breadcrumbs_sep_color":"#9da5b8","alignment_mobile":"center","breadcrumbs_sep_gap":{"unit":"px","size":3},"breadcrumbs_sep_typography_font_family":"Roboto","breadcrumbs_sep_typography_font_size":{"unit":"px","size":10}},"elements":[],"isInner":false,"widgetType":"madx-breadcrumbs","elType":"widget"}],"isInner":true,"elType":"column"}],"isInner":true,"elType":"section"}],"isInner":false,"elType":"column"}],"isInner":false,"elType":"section"}]}