{"version":"0.4","title":"Header3","type":"section","content":[{"id":"7582173d","settings":{"content_width":{"unit":"px","size":1170},"gap":"no","margin":{"unit":"px","top":"","right":0,"bottom":"","left":0,"isLinked":true},"padding":{"unit":"px","top":"0","right":"10","bottom":"0","left":"10","isLinked":false}},"elements":[{"id":"7e17b9a5","settings":{"_column_size":100,"box_shadow_box_shadow_type":"yes","box_shadow_box_shadow":{"horizontal":0,"vertical":4,"blur":14,"spread":0,"color":"rgba(60,75,113,0.1)"},"background_background":"classic","background_color":"#ffffff","border_radius":{"unit":"px","top":"3","right":"3","bottom":"3","left":"3","isLinked":true}},"elements":[{"id":"71aabd5f","settings":{"content_position":"middle","structure":"33","background_background":"classic","background_color":"#ffffff","border_radius":{"unit":"px","top":"3","right":"3","bottom":"0","left":"0","isLinked":false},"padding":{"unit":"px","top":"10","right":"15","bottom":"0","left":"15","isLinked":false},"padding_mobile":{"unit":"px","top":"10","right":"10","bottom":"10","left":"10","isLinked":true}},"elements":[{"id":"4fcbd991","settings":{"_column_size":25,"_inline_size":null,"_inline_size_tablet":30,"_inline_size_mobile":80,"column_order_mobile":2},"elements":[{"id":"2ff4c98","settings":{"login_link_text":"Login","login_prefix":"Have an account?","logout_link_text":"Logout","logout_prefix":"Hi, %s","register_link_text":"Register","register_prefix":"or","registered_link_text":"My Account","registered_prefix":"|","login_link_icon":"","logout_link_icon":"","register_link_icon":"","registered_link_icon":"","login_link_typography_typography":"custom","login_link_typography_font_family":"Roboto Condensed","login_link_typography_font_size":{"unit":"px","size":11},"login_link_typography_font_weight":"300","login_link_typography_line_height":{"unit":"px","size":15},"login_link_text_color":"#3c4b71","login_link_color":"#2d9cdb","login_prefix_color":"#9da5b8","login_prefix_typography_typography":"custom","login_prefix_typography_font_family":"Roboto Condensed","login_prefix_typography_font_size":{"unit":"px","size":11},"login_prefix_typography_font_weight":"300","login_prefix_typography_text_transform":"capitalize","login_prefix_typography_line_height":{"unit":"px","size":15},"logout_link_typography_typography":"custom","logout_link_typography_font_family":"Roboto Condensed","logout_link_typography_font_size":{"unit":"px","size":11},"logout_link_typography_font_weight":"300","logout_link_typography_line_height":{"unit":"px","size":15},"logout_link_text_color":"#3c4b71","logout_link_color":"#2d9cdb","logout_prefix_color":"#9da5b8","logout_prefix_typography_typography":"custom","logout_prefix_typography_font_family":"Roboto Condensed","logout_prefix_typography_font_size":{"unit":"px","size":11},"logout_prefix_typography_font_weight":"300","logout_prefix_typography_line_height":{"unit":"px","size":15},"register_link_typography_typography":"custom","register_link_typography_font_family":"Roboto Condensed","register_link_typography_font_size":{"unit":"px","size":11},"register_link_typography_font_weight":"300","register_link_typography_line_height":{"unit":"px","size":15},"register_link_text_color":"#3c4b71","register_link_color":"#2d9cdb","register_prefix_color":"#9da5b8","register_prefix_typography_typography":"custom","register_prefix_typography_font_family":"Roboto Condensed","register_prefix_typography_font_size":{"unit":"px","size":11},"register_prefix_typography_font_weight":"300","register_prefix_typography_text_transform":"capitalize","register_prefix_typography_line_height":{"unit":"px","size":15},"registered_link_typography_typography":"custom","registered_link_typography_font_family":"Roboto Condensed","registered_link_typography_font_size":{"unit":"px","size":11},"registered_link_typography_font_weight":"300","registered_link_typography_line_height":{"unit":"px","size":15},"registered_link_text_color":"#3c4b71","registered_link_color":"#2d9cdb","registered_prefix_color":"#9da5b8","registered_prefix_typography_typography":"custom","registered_prefix_typography_font_family":"Roboto Condensed","registered_prefix_typography_font_size":{"unit":"px","size":11},"registered_prefix_typography_font_weight":"300","registered_prefix_typography_line_height":{"unit":"px","size":15},"login_link_url":"https:\/\/madxblocks.zemez.io\/log-in-page\/","register_link_url":"https:\/\/madxblocks.zemez.io\/register-page\/","show_registered_link":""},"elements":[],"isInner":false,"widgetType":"madx-auth-links","elType":"widget"}],"isInner":true,"elType":"column"},{"id":"388f343f","settings":{"_column_size":50,"_inline_size":null,"_inline_size_tablet":40,"column_order_mobile":0},"elements":[{"id":"179cf8d5","settings":{"logo_type":"image","logo_image":{"id":240,"url":"https:\/\/madxblocks.zemez.io\/wp-content\/uploads\/2018\/05\/demo-logo-3.png"},"logo_image_2x":{"id":241,"url":"https:\/\/madxblocks.zemez.io\/wp-content\/uploads\/2018\/05\/demo-logo-3-2x.png"},"logo_alignment":"center"},"elements":[],"isInner":false,"widgetType":"madx-logo","elType":"widget"}],"isInner":true,"elType":"column"},{"id":"74fcdc1b","settings":{"_column_size":25,"_inline_size":null,"_inline_size_tablet":30,"_inline_size_mobile":20,"column_order_mobile":3},"elements":[{"id":"6193ff0f","settings":{"search_placeholder":"Enter Search Keyword","form_input_typography_typography":"custom","form_input_typography_font_family":"Roboto Condensed","form_input_typography_font_size":{"unit":"px","size":11},"form_input_typography_font_weight":"300","form_input_typography_line_height":{"unit":"px","size":14},"form_input_padding":{"unit":"px","top":"8","right":"0","bottom":"8","left":"15","isLinked":false},"form_input_border_border":"solid","form_input_border_width":{"unit":"px","top":"0","right":"0","bottom":"0","left":"0","isLinked":true},"form_input_box_shadow_box_shadow_type":"yes","form_input_box_shadow_box_shadow":{"horizontal":0,"vertical":0,"blur":0,"spread":0,"color":"rgba(0,0,0,0)"},"form_submit_icon_size":{"unit":"px","size":12},"form_submit_bg_color":"rgba(0,0,0,0)","form_submit_color":"#3c4b71","form_submit_color_hover":"#2d9cdb","form_submit_padding":{"unit":"px","top":"8","right":"10","bottom":"8","left":"5","isLinked":false},"form_submit_margin":{"unit":"px","top":"0","right":"0","bottom":"0","left":"0","isLinked":true},"form_submit_box_shadow_box_shadow":{"horizontal":0,"vertical":0,"blur":"","spread":0,"color":"rgba(0,0,0,0.5)"},"_border_width":{"unit":"px","top":"1","right":"1","bottom":"1","left":"1","isLinked":true},"_border_color":"#ecedf1","show_search_in_popup":"true","search_close_icon":"","popup_show_effect":"fade","form_input_bg_color":"rgba(0,0,0,0)","popup_width":{"unit":"px","size":195},"popup_bg_color":"#ffffff","popup_border_border":"solid","popup_border_width":{"unit":"px","top":"1","right":"1","bottom":"1","left":"1","isLinked":true},"popup_border_color":"#ecedf1","popup_hor_position":"right","popup_right_position":{"unit":"px","size":0},"popup_trigger_bg_color":"rgba(0,0,0,0)","popup_trigger_color":"#3c4b71","popup_trigger_color_hover":"#2d9cdb","popup_trigger_icon_size":{"unit":"px","size":12},"popup_trigger_alignment":"flex-end","popup_trigger_padding":{"unit":"px","top":"10","right":"11","bottom":"10","left":"5","isLinked":false},"popup_trigger_margin":{"unit":"px","top":"0","right":"0","bottom":"0","left":"0","isLinked":true}},"elements":[],"isInner":false,"widgetType":"madx-search","elType":"widget"}],"isInner":true,"elType":"column"}],"isInner":true,"elType":"section"},{"id":"7a86936b","settings":{"background_background":"classic","background_color":"#ffffff","gap":"no","padding":{"unit":"px","top":"15","right":"10","bottom":"15","left":"10","isLinked":false},"padding_mobile":{"unit":"px","top":"10","right":"10","bottom":"10","left":"10","isLinked":true},"madx_sticky_section_visibility":["desktop"],"border_radius":{"unit":"px","top":"3","right":"3","bottom":"3","left":"3","isLinked":true},"madx_sticky_section":"yes","madx_sticky_section_box_shadow_box_shadow_type":"yes","madx_sticky_section_box_shadow_box_shadow":{"horizontal":0,"vertical":4,"blur":14,"spread":0,"color":"rgba(60,75,113,0.1)"}},"elements":[{"id":"1365e181","settings":{"_column_size":100,"_inline_size":null},"elements":[{"id":"18d2b2bd","settings":{"dropdown_icon":"fa fa-chevron-down","nav_items_color":"#3c4b71","nav_items_text_icon_color":"#3c4b71","nav_items_typography_typography":"custom","nav_items_typography_font_family":"Roboto Condensed","nav_items_typography_font_size":{"unit":"px","size":12},"nav_items_typography_font_weight":"300","nav_items_typography_text_transform":"capitalize","nav_items_typography_line_height":{"unit":"px","size":16},"nav_items_color_hover":"#2d9cdb","nav_items_color_active":"#2d9cdb","nav_items_padding":{"unit":"px","top":"5","right":"0","bottom":"5","left":"0","isLinked":false},"nav_items_icon_size":{"unit":"px","size":6},"nav_items_icon_gap":{"unit":"px","size":5},"sub_items_container_width":{"unit":"px","size":135},"sub_items_container_bg_color":"#3c4b71","sub_items_color":"#9da5b8","sub_items_color_hover":"#ffffff","sub_items_color_active":"#ffffff","sub_items_typography_typography":"custom","sub_items_typography_font_family":"Roboto Condensed","sub_items_typography_font_size":{"unit":"px","size":12},"sub_items_typography_font_weight":"300","sub_items_typography_line_height":{"unit":"px","size":21},"sub_items_container_padding":{"unit":"px","top":"8","right":"0","bottom":"8","left":"0","isLinked":false},"sub_items_padding":{"unit":"px","top":"1","right":"12","bottom":"1","left":"12","isLinked":false},"sub_items_container_top_gap":{"unit":"px","size":5},"sub_items_container_box_shadow_box_shadow_type":"yes","sub_items_container_box_shadow_box_shadow":{"horizontal":0,"vertical":4,"blur":14,"spread":0,"color":"rgba(60,75,113,0.1)"},"menu_alignment":"center","nav_items_margin":{"unit":"px","top":"0","right":"7","bottom":"0","left":"7","isLinked":false},"sub_items_container_width_mobile":{"unit":"%","size":100},"mobile_trigger_width":{"unit":"px","size":20},"mobile_trigger_height":{"unit":"px","size":20},"mobile_trigger_alignment":"center"},"elements":[],"isInner":false,"widgetType":"madx-nav-menu","elType":"widget"}],"isInner":true,"elType":"column"}],"isInner":true,"elType":"section"},{"id":"135f3f43","settings":{"background_background":"classic","background_color":"#ffffff","border_radius":{"unit":"px","top":"0","right":"0","bottom":"3","left":"3","isLinked":false},"gap":"no","padding":{"unit":"px","top":"15","right":"10","bottom":"15","left":"10","isLinked":false},"padding_mobile":{"unit":"px","top":"10","right":"10","bottom":"10","left":"10","isLinked":true},"border_border":"solid","border_width":{"unit":"px","top":"1","right":"0","bottom":"0","left":"0","isLinked":false},"border_color":"#ecedf1"},"elements":[{"id":"746149ef","settings":{"_column_size":100,"_inline_size":null},"elements":[{"id":"198d4eaa","settings":{"browse_label":"Browse:","separator_type":"custom","custom_separator":"\/","alignment":"center","breadcrumbs_item_typography_typography":"custom","breadcrumbs_item_typography_font_family":"Roboto Condensed","breadcrumbs_item_typography_font_size":{"unit":"px","size":11},"breadcrumbs_item_typography_font_weight":"300","breadcrumbs_link_color":"#9da5b8","breadcrumbs_link_hover_color":"#3c4b71","breadcrumbs_target_item_color":"#3c4b71","breadcrumbs_sep_gap":{"unit":"px","size":3},"breadcrumbs_sep_color":"#9da5b8"},"elements":[],"isInner":false,"widgetType":"madx-breadcrumbs","elType":"widget"}],"isInner":true,"elType":"column"}],"isInner":true,"elType":"section"}],"isInner":false,"elType":"column"}],"isInner":false,"elType":"section"}]}