[{"ID":52386,"title":"Store Checkout 04","type":"pro","featured_image_url":"https:\/\/templates.cartflows.com\/madxartwork\/wp-content\/uploads\/sites\/2\/2022\/02\/global-checkout-04.jpg","thumbnail_image_url":"https:\/\/templates.cartflows.com\/madxartwork\/wp-content\/uploads\/sites\/2\/2022\/02\/global-checkout-04-600x817.jpg","category":["store-checkout"],"page_builder":"madxartwork","steps":[{"ID":52388,"title":"Store Checkout 04","type":"checkout","featured_image_url":"https:\/\/templates.cartflows.com\/madxartwork\/wp-content\/uploads\/sites\/2\/2022\/02\/global-checkout-04.jpg","thumbnail_image_url":"https:\/\/templates.cartflows.com\/madxartwork\/wp-content\/uploads\/sites\/2\/2022\/02\/global-checkout-04-600x817.jpg","link":"https:\/\/templates.cartflows.com\/madxartwork\/store-checkout-04\/"},{"ID":52389,"title":"Store Checkout Thank You 04","type":"thankyou","featured_image_url":"https:\/\/templates.cartflows.com\/madxartwork\/wp-content\/uploads\/sites\/2\/2022\/02\/global-thankyou-04.jpg","thumbnail_image_url":"https:\/\/templates.cartflows.com\/madxartwork\/wp-content\/uploads\/sites\/2\/2022\/02\/global-thankyou-04-600x546.jpg","link":"https:\/\/templates.cartflows.com\/madxartwork\/store-checkout-thank-you-04\/"}],"cartflows_flow_page_builder":[{"term_id":16,"name":"madxartwork","slug":"madxartwork","term_group":0,"term_taxonomy_id":16,"taxonomy":"cartflows_flow_page_builder","description":"","parent":0,"count":36,"filter":"raw","term_order":"0"}],"cartflows_flow_category":[{"term_id":200,"name":"Store Checkout","slug":"store-checkout","term_group":0,"term_taxonomy_id":200,"taxonomy":"cartflows_flow_category","description":"","parent":0,"count":4,"filter":"raw","term_order":"0"}],"cartflows_flow_type":[{"term_id":29,"name":"Pro","slug":"pro","term_group":0,"term_taxonomy_id":29,"taxonomy":"cartflows_flow_type","description":"","parent":0,"count":20,"filter":"raw","term_order":"0"}]},{"ID":52251,"title":"Store Checkout 03","type":"pro","featured_image_url":"https:\/\/templates.cartflows.com\/madxartwork\/wp-content\/uploads\/sites\/2\/2022\/02\/global-checkout-03-1.jpg","thumbnail_image_url":"https:\/\/templates.cartflows.com\/madxartwork\/wp-content\/uploads\/sites\/2\/2022\/02\/global-checkout-03-1-600x999.jpg","category":["store-checkout"],"page_builder":"madxartwork","steps":[{"ID":52253,"title":"Store Checkout 03","type":"checkout","featured_image_url":"https:\/\/templates.cartflows.com\/madxartwork\/wp-content\/uploads\/sites\/2\/2022\/02\/global-checkout-03-1.jpg","thumbnail_image_url":"https:\/\/templates.cartflows.com\/madxartwork\/wp-content\/uploads\/sites\/2\/2022\/02\/global-checkout-03-1-600x999.jpg","link":"https:\/\/templates.cartflows.com\/madxartwork\/store-checkout-03\/"},{"ID":52254,"title":"Store Checkout Thank You 03","type":"thankyou","featured_image_url":"https:\/\/templates.cartflows.com\/madxartwork\/wp-content\/uploads\/sites\/2\/2022\/02\/global-thankyou-03-1.jpg","thumbnail_image_url":"https:\/\/templates.cartflows.com\/madxartwork\/wp-content\/uploads\/sites\/2\/2022\/02\/global-thankyou-03-1-600x570.jpg","link":"https:\/\/templates.cartflows.com\/madxartwork\/store-checkout-thank-you-03\/"}],"cartflows_flow_page_builder":[{"term_id":16,"name":"madxartwork","slug":"madxartwork","term_group":0,"term_taxonomy_id":16,"taxonomy":"cartflows_flow_page_builder","description":"","parent":0,"count":36,"filter":"raw","term_order":"0"}],"cartflows_flow_category":[{"term_id":200,"name":"Store Checkout","slug":"store-checkout","term_group":0,"term_taxonomy_id":200,"taxonomy":"cartflows_flow_category","description":"","parent":0,"count":4,"filter":"raw","term_order":"0"}],"cartflows_flow_type":[{"term_id":29,"name":"Pro","slug":"pro","term_group":0,"term_taxonomy_id":29,"taxonomy":"cartflows_flow_type","description":"","parent":0,"count":20,"filter":"raw","term_order":"0"}]},{"ID":52099,"title":"Store Checkout 02","type":"free","featured_image_url":"https:\/\/templates.cartflows.com\/madxartwork\/wp-content\/uploads\/sites\/2\/2022\/02\/global-checkout-02-1.jpg","thumbnail_image_url":"https:\/\/templates.cartflows.com\/madxartwork\/wp-content\/uploads\/sites\/2\/2022\/02\/global-checkout-02-1-600x1059.jpg","category":["store-checkout"],"page_builder":"madxartwork","steps":[{"ID":52101,"title":"Store Checkout 02","type":"checkout","featured_image_url":"https:\/\/templates.cartflows.com\/madxartwork\/wp-content\/uploads\/sites\/2\/2022\/02\/global-checkout-02-1.jpg","thumbnail_image_url":"https:\/\/templates.cartflows.com\/madxartwork\/wp-content\/uploads\/sites\/2\/2022\/02\/global-checkout-02-1-600x1059.jpg","link":"https:\/\/templates.cartflows.com\/madxartwork\/store-checkout-02\/"},{"ID":52102,"title":"Store Checkout Thank You 02","type":"thankyou","featured_image_url":"https:\/\/templates.cartflows.com\/madxartwork\/wp-content\/uploads\/sites\/2\/2022\/02\/global-thankyou-02-1.jpg","thumbnail_image_url":"https:\/\/templates.cartflows.com\/madxartwork\/wp-content\/uploads\/sites\/2\/2022\/02\/global-thankyou-02-1-600x531.jpg","link":"https:\/\/templates.cartflows.com\/madxartwork\/store-checkout-thank-you-02\/"}],"cartflows_flow_page_builder":[{"term_id":16,"name":"madxartwork","slug":"madxartwork","term_group":0,"term_taxonomy_id":16,"taxonomy":"cartflows_flow_page_builder","description":"","parent":0,"count":36,"filter":"raw","term_order":"0"}],"cartflows_flow_category":[{"term_id":200,"name":"Store Checkout","slug":"store-checkout","term_group":0,"term_taxonomy_id":200,"taxonomy":"cartflows_flow_category","description":"","parent":0,"count":4,"filter":"raw","term_order":"0"}],"cartflows_flow_type":[{"term_id":27,"name":"Free","slug":"free","term_group":0,"term_taxonomy_id":27,"taxonomy":"cartflows_flow_type","description":"","parent":0,"count":16,"filter":"raw","term_order":"0"}]},{"ID":51946,"title":"Store Checkout 01","type":"free","featured_image_url":"https:\/\/templates.cartflows.com\/madxartwork\/wp-content\/uploads\/sites\/2\/2022\/02\/global-checkout-01-1.jpg","thumbnail_image_url":"https:\/\/templates.cartflows.com\/madxartwork\/wp-content\/uploads\/sites\/2\/2022\/02\/global-checkout-01-1-600x819.jpg","category":["store-checkout"],"page_builder":"madxartwork","steps":[{"ID":51948,"title":"Store Checkout 01","type":"checkout","featured_image_url":"https:\/\/templates.cartflows.com\/madxartwork\/wp-content\/uploads\/sites\/2\/2022\/02\/global-checkout-01-1.jpg","thumbnail_image_url":"https:\/\/templates.cartflows.com\/madxartwork\/wp-content\/uploads\/sites\/2\/2022\/02\/global-checkout-01-1-600x819.jpg","link":"https:\/\/templates.cartflows.com\/madxartwork\/store-checkout-01\/"},{"ID":51949,"title":"Store Checkout Thank You 01","type":"thankyou","featured_image_url":"https:\/\/templates.cartflows.com\/madxartwork\/wp-content\/uploads\/sites\/2\/2022\/02\/global-thankyou-01-1.jpg","thumbnail_image_url":"https:\/\/templates.cartflows.com\/madxartwork\/wp-content\/uploads\/sites\/2\/2022\/02\/global-thankyou-01-1-600x575.jpg","link":"https:\/\/templates.cartflows.com\/madxartwork\/store-checkout-thank-you-01\/"}],"cartflows_flow_page_builder":[{"term_id":16,"name":"madxartwork","slug":"madxartwork","term_group":0,"term_taxonomy_id":16,"taxonomy":"cartflows_flow_page_builder","description":"","parent":0,"count":36,"filter":"raw","term_order":"0"}],"cartflows_flow_category":[{"term_id":200,"name":"Store Checkout","slug":"store-checkout","term_group":0,"term_taxonomy_id":200,"taxonomy":"cartflows_flow_category","description":"","parent":0,"count":4,"filter":"raw","term_order":"0"}],"cartflows_flow_type":[{"term_id":27,"name":"Free","slug":"free","term_group":0,"term_taxonomy_id":27,"taxonomy":"cartflows_flow_type","description":"","parent":0,"count":16,"filter":"raw","term_order":"0"}]},{"ID":47974,"title":"Business Consultant","type":"pro","featured_image_url":"https:\/\/templates.cartflows.com\/madxartwork\/wp-content\/uploads\/sites\/2\/2022\/02\/business-consultant-sales-landing-1.jpg","thumbnail_image_url":"https:\/\/templates.cartflows.com\/madxartwork\/wp-content\/uploads\/sites\/2\/2022\/02\/business-consultant-sales-landing-1-600x5151.jpg","category":["product-landing"],"page_builder":"madxartwork","steps":[{"ID":47975,"title":"Business Consultant Sales Landing","type":"landing","featured_image_url":"https:\/\/templates.cartflows.com\/madxartwork\/wp-content\/uploads\/sites\/2\/2022\/02\/business-consultant-sales-landing-1.jpg","thumbnail_image_url":"https:\/\/templates.cartflows.com\/madxartwork\/wp-content\/uploads\/sites\/2\/2022\/02\/business-consultant-sales-landing-1-600x5151.jpg","link":"https:\/\/templates.cartflows.com\/madxartwork\/business-consultant-sales-landing\/"},{"ID":47976,"title":"Business Consultant Checkout","type":"checkout","featured_image_url":"https:\/\/templates.cartflows.com\/madxartwork\/wp-content\/uploads\/sites\/2\/2022\/02\/business-consultant-checkout.jpg","thumbnail_image_url":"https:\/\/templates.cartflows.com\/madxartwork\/wp-content\/uploads\/sites\/2\/2022\/02\/business-consultant-checkout-600x1149.jpg","link":"https:\/\/templates.cartflows.com\/madxartwork\/business-consultant-checkout\/"},{"ID":47977,"title":"Business Consultant Thank You","type":"thankyou","featured_image_url":"https:\/\/templates.cartflows.com\/madxartwork\/wp-content\/uploads\/sites\/2\/2022\/02\/business-consultant-thank-you.jpg","thumbnail_image_url":"https:\/\/templates.cartflows.com\/madxartwork\/wp-content\/uploads\/sites\/2\/2022\/02\/business-consultant-thank-you-600x543.jpg","link":"https:\/\/templates.cartflows.com\/madxartwork\/business-consultant-thank-you\/"}],"cartflows_flow_page_builder":[{"term_id":16,"name":"madxartwork","slug":"madxartwork","term_group":0,"term_taxonomy_id":16,"taxonomy":"cartflows_flow_page_builder","description":"","parent":0,"count":36,"filter":"raw","term_order":"0"}],"cartflows_flow_category":[{"term_id":28,"name":"Product Landing","slug":"product-landing","term_group":0,"term_taxonomy_id":28,"taxonomy":"cartflows_flow_category","description":"","parent":0,"count":17,"filter":"raw","term_order":"0"}],"cartflows_flow_type":[{"term_id":29,"name":"Pro","slug":"pro","term_group":0,"term_taxonomy_id":29,"taxonomy":"cartflows_flow_type","description":"","parent":0,"count":20,"filter":"raw","term_order":"0"}]},{"ID":42907,"title":"CRM Software","type":"pro","featured_image_url":"https:\/\/templates.cartflows.com\/madxartwork\/wp-content\/uploads\/sites\/2\/2022\/01\/crm-software-sales-landing.jpg","thumbnail_image_url":"https:\/\/templates.cartflows.com\/madxartwork\/wp-content\/uploads\/sites\/2\/2022\/01\/crm-software-sales-landing-600x3163.jpg","category":["product-landing"],"page_builder":"madxartwork","steps":[{"ID":42908,"title":"CRM Software Sales Landing","type":"landing","featured_image_url":"https:\/\/templates.cartflows.com\/madxartwork\/wp-content\/uploads\/sites\/2\/2022\/01\/crm-software-sales-landing.jpg","thumbnail_image_url":"https:\/\/templates.cartflows.com\/madxartwork\/wp-content\/uploads\/sites\/2\/2022\/01\/crm-software-sales-landing-600x3163.jpg","link":"https:\/\/templates.cartflows.com\/madxartwork\/crm-software-sales-landing\/"},{"ID":42909,"title":"CRM Software Checkout","type":"checkout","featured_image_url":"https:\/\/templates.cartflows.com\/madxartwork\/wp-content\/uploads\/sites\/2\/2022\/01\/crm-software-sales-checkout.jpg","thumbnail_image_url":"https:\/\/templates.cartflows.com\/madxartwork\/wp-content\/uploads\/sites\/2\/2022\/01\/crm-software-sales-checkout-600x1209.jpg","link":"https:\/\/templates.cartflows.com\/madxartwork\/crm-software-checkout\/"},{"ID":43498,"title":"CRM Software Upsell","type":"upsell","featured_image_url":"https:\/\/templates.cartflows.com\/madxartwork\/wp-content\/uploads\/sites\/2\/2022\/01\/crm-software-sales-upsell.jpg","thumbnail_image_url":"https:\/\/templates.cartflows.com\/madxartwork\/wp-content\/uploads\/sites\/2\/2022\/01\/crm-software-sales-upsell-600x486.jpg","link":"https:\/\/templates.cartflows.com\/madxartwork\/crm-software-upsell\/"},{"ID":42910,"title":"CRM Software Thank You","type":"thankyou","featured_image_url":"https:\/\/templates.cartflows.com\/madxartwork\/wp-content\/uploads\/sites\/2\/2022\/01\/crm-software-sales-thank-you.jpg","thumbnail_image_url":"https:\/\/templates.cartflows.com\/madxartwork\/wp-content\/uploads\/sites\/2\/2022\/01\/crm-software-sales-thank-you-600x858.jpg","link":"https:\/\/templates.cartflows.com\/madxartwork\/crm-software-thank-you\/"}],"cartflows_flow_page_builder":[{"term_id":16,"name":"madxartwork","slug":"madxartwork","term_group":0,"term_taxonomy_id":16,"taxonomy":"cartflows_flow_page_builder","description":"","parent":0,"count":36,"filter":"raw","term_order":"0"}],"cartflows_flow_category":[{"term_id":28,"name":"Product Landing","slug":"product-landing","term_group":0,"term_taxonomy_id":28,"taxonomy":"cartflows_flow_category","description":"","parent":0,"count":17,"filter":"raw","term_order":"0"}],"cartflows_flow_type":[{"term_id":29,"name":"Pro","slug":"pro","term_group":0,"term_taxonomy_id":29,"taxonomy":"cartflows_flow_type","description":"","parent":0,"count":20,"filter":"raw","term_order":"0"}]},{"ID":41664,"title":"SaaS Software","type":"pro","featured_image_url":"https:\/\/templates.cartflows.com\/madxartwork\/wp-content\/uploads\/sites\/2\/2022\/01\/saas-software-sales-landing-1.jpg","thumbnail_image_url":"https:\/\/templates.cartflows.com\/madxartwork\/wp-content\/uploads\/sites\/2\/2022\/01\/saas-software-sales-landing-1-600x3848.jpg","category":["product-landing"],"page_builder":"madxartwork","steps":[{"ID":41665,"title":"SaaS Software Sales Landing","type":"landing","featured_image_url":"https:\/\/templates.cartflows.com\/madxartwork\/wp-content\/uploads\/sites\/2\/2022\/01\/saas-software-sales-landing-1.jpg","thumbnail_image_url":"https:\/\/templates.cartflows.com\/madxartwork\/wp-content\/uploads\/sites\/2\/2022\/01\/saas-software-sales-landing-1-600x3848.jpg","link":"https:\/\/templates.cartflows.com\/madxartwork\/saas-software-sales-landing\/"},{"ID":41666,"title":"SaaS Software Checkout","type":"checkout","featured_image_url":"https:\/\/templates.cartflows.com\/madxartwork\/wp-content\/uploads\/sites\/2\/2022\/01\/saas-software-sales-checkout.jpg","thumbnail_image_url":"https:\/\/templates.cartflows.com\/madxartwork\/wp-content\/uploads\/sites\/2\/2022\/01\/saas-software-sales-checkout-600x819.jpg","link":"https:\/\/templates.cartflows.com\/madxartwork\/saas-software-checkout\/"},{"ID":41667,"title":"SaaS Software Thank You","type":"thankyou","featured_image_url":"https:\/\/templates.cartflows.com\/madxartwork\/wp-content\/uploads\/sites\/2\/2022\/01\/saas-software-sales-thank-you.jpg","thumbnail_image_url":"https:\/\/templates.cartflows.com\/madxartwork\/wp-content\/uploads\/sites\/2\/2022\/01\/saas-software-sales-thank-you-600x885.jpg","link":"https:\/\/templates.cartflows.com\/madxartwork\/saas-software-thank-you\/"}],"cartflows_flow_page_builder":[{"term_id":16,"name":"madxartwork","slug":"madxartwork","term_group":0,"term_taxonomy_id":16,"taxonomy":"cartflows_flow_page_builder","description":"","parent":0,"count":36,"filter":"raw","term_order":"0"}],"cartflows_flow_category":[{"term_id":28,"name":"Product Landing","slug":"product-landing","term_group":0,"term_taxonomy_id":28,"taxonomy":"cartflows_flow_category","description":"","parent":0,"count":17,"filter":"raw","term_order":"0"}],"cartflows_flow_type":[{"term_id":29,"name":"Pro","slug":"pro","term_group":0,"term_taxonomy_id":29,"taxonomy":"cartflows_flow_type","description":"","parent":0,"count":20,"filter":"raw","term_order":"0"}]},{"ID":40292,"title":"Business Program Membership","type":"pro","featured_image_url":"https:\/\/templates.cartflows.com\/madxartwork\/wp-content\/uploads\/sites\/2\/2022\/01\/business-program-membership-sales-landing-1.jpg","thumbnail_image_url":"https:\/\/templates.cartflows.com\/madxartwork\/wp-content\/uploads\/sites\/2\/2022\/01\/business-program-membership-sales-landing-1-600x6305.jpg","category":["product-landing"],"page_builder":"madxartwork","steps":[{"ID":40293,"title":"Business Program Membership Sales Landing","type":"landing","featured_image_url":"https:\/\/templates.cartflows.com\/madxartwork\/wp-content\/uploads\/sites\/2\/2022\/01\/business-program-membership-sales-landing-1.jpg","thumbnail_image_url":"https:\/\/templates.cartflows.com\/madxartwork\/wp-content\/uploads\/sites\/2\/2022\/01\/business-program-membership-sales-landing-1-600x6305.jpg","link":"https:\/\/templates.cartflows.com\/madxartwork\/business-program-membership-sales-landing\/"},{"ID":40294,"title":"Business Program Membership Checkout","type":"checkout","featured_image_url":"https:\/\/templates.cartflows.com\/madxartwork\/wp-content\/uploads\/sites\/2\/2022\/01\/business-program-membership-checkout.jpg","thumbnail_image_url":"https:\/\/templates.cartflows.com\/madxartwork\/wp-content\/uploads\/sites\/2\/2022\/01\/business-program-membership-checkout-600x1356.jpg","link":"https:\/\/templates.cartflows.com\/madxartwork\/business-program-membership-checkout\/"},{"ID":40295,"title":"Business Program Membership Thank You","type":"thankyou","featured_image_url":"https:\/\/templates.cartflows.com\/madxartwork\/wp-content\/uploads\/sites\/2\/2022\/01\/business-program-membership-thank-you.jpg","thumbnail_image_url":"https:\/\/templates.cartflows.com\/madxartwork\/wp-content\/uploads\/sites\/2\/2022\/01\/business-program-membership-thank-you-600x585.jpg","link":"https:\/\/templates.cartflows.com\/madxartwork\/business-program-membership-thank-you\/"}],"cartflows_flow_page_builder":[{"term_id":16,"name":"madxartwork","slug":"madxartwork","term_group":0,"term_taxonomy_id":16,"taxonomy":"cartflows_flow_page_builder","description":"","parent":0,"count":36,"filter":"raw","term_order":"0"}],"cartflows_flow_category":[{"term_id":28,"name":"Product Landing","slug":"product-landing","term_group":0,"term_taxonomy_id":28,"taxonomy":"cartflows_flow_category","description":"","parent":0,"count":17,"filter":"raw","term_order":"0"}],"cartflows_flow_type":[{"term_id":29,"name":"Pro","slug":"pro","term_group":0,"term_taxonomy_id":29,"taxonomy":"cartflows_flow_type","description":"","parent":0,"count":20,"filter":"raw","term_order":"0"}]},{"ID":34646,"title":"In-person Online Course Registration","type":"pro","featured_image_url":"https:\/\/templates.cartflows.com\/madxartwork\/wp-content\/uploads\/sites\/2\/2021\/12\/online-course-inperson-sales-landing.jpg","thumbnail_image_url":"https:\/\/templates.cartflows.com\/madxartwork\/wp-content\/uploads\/sites\/2\/2021\/12\/online-course-inperson-sales-landing-600x3312.jpg","category":["lead-generation"],"page_builder":"madxartwork","steps":[{"ID":34647,"title":"Online Course Inperson Sales Landing","type":"landing","featured_image_url":"https:\/\/templates.cartflows.com\/madxartwork\/wp-content\/uploads\/sites\/2\/2021\/12\/online-course-inperson-sales-landing.jpg","thumbnail_image_url":"https:\/\/templates.cartflows.com\/madxartwork\/wp-content\/uploads\/sites\/2\/2021\/12\/online-course-inperson-sales-landing-600x3312.jpg","link":"https:\/\/templates.cartflows.com\/madxartwork\/online-course-inperson-sales-landing\/"},{"ID":34648,"title":"Online Course Inperson Checkout","type":"checkout","featured_image_url":"https:\/\/templates.cartflows.com\/madxartwork\/wp-content\/uploads\/sites\/2\/2021\/12\/online-course-inperson-checkout.jpg","thumbnail_image_url":"https:\/\/templates.cartflows.com\/madxartwork\/wp-content\/uploads\/sites\/2\/2021\/12\/online-course-inperson-checkout-600x1355.jpg","link":"https:\/\/templates.cartflows.com\/madxartwork\/online-course-inperson-checkout\/"},{"ID":34649,"title":"Online Course Inperson Thank you","type":"thankyou","featured_image_url":"https:\/\/templates.cartflows.com\/madxartwork\/wp-content\/uploads\/sites\/2\/2021\/12\/online-course-inperson-thank-you.jpg","thumbnail_image_url":"https:\/\/templates.cartflows.com\/madxartwork\/wp-content\/uploads\/sites\/2\/2021\/12\/online-course-inperson-thank-you-600x528.jpg","link":"https:\/\/templates.cartflows.com\/madxartwork\/online-course-inperson-thank-you\/"}],"cartflows_flow_page_builder":[{"term_id":16,"name":"madxartwork","slug":"madxartwork","term_group":0,"term_taxonomy_id":16,"taxonomy":"cartflows_flow_page_builder","description":"","parent":0,"count":36,"filter":"raw","term_order":"0"}],"cartflows_flow_category":[{"term_id":34,"name":"Lead Generation","slug":"lead-generation","term_group":0,"term_taxonomy_id":34,"taxonomy":"cartflows_flow_category","description":"","parent":0,"count":8,"filter":"raw","term_order":"0"}],"cartflows_flow_type":[{"term_id":29,"name":"Pro","slug":"pro","term_group":0,"term_taxonomy_id":29,"taxonomy":"cartflows_flow_type","description":"","parent":0,"count":20,"filter":"raw","term_order":"0"}]},{"ID":34034,"title":"Online Yoga Course","type":"free","featured_image_url":"https:\/\/templates.cartflows.com\/madxartwork\/wp-content\/uploads\/sites\/2\/2021\/12\/online-yoga-course-optin.jpg","thumbnail_image_url":"https:\/\/templates.cartflows.com\/madxartwork\/wp-content\/uploads\/sites\/2\/2021\/12\/online-yoga-course-optin-600x2798.jpg","category":["sales-funnel","lead-generation"],"page_builder":"madxartwork","steps":[{"ID":34038,"title":"Online Yoga Course Optin","type":"optin","featured_image_url":"https:\/\/templates.cartflows.com\/madxartwork\/wp-content\/uploads\/sites\/2\/2021\/12\/online-yoga-course-optin.jpg","thumbnail_image_url":"https:\/\/templates.cartflows.com\/madxartwork\/wp-content\/uploads\/sites\/2\/2021\/12\/online-yoga-course-optin-600x2798.jpg","link":"https:\/\/templates.cartflows.com\/madxartwork\/online-yoga-course-optin\/"},{"ID":34036,"title":"Online Yoga Course Checkout","type":"checkout","featured_image_url":"https:\/\/templates.cartflows.com\/madxartwork\/wp-content\/uploads\/sites\/2\/2021\/12\/online-yoga-course-checkout.jpg","thumbnail_image_url":"https:\/\/templates.cartflows.com\/madxartwork\/wp-content\/uploads\/sites\/2\/2021\/12\/online-yoga-course-checkout-600x2935.jpg","link":"https:\/\/templates.cartflows.com\/madxartwork\/online-yoga-course-checkout\/"},{"ID":34037,"title":"Online Yoga Course Thank you","type":"thankyou","featured_image_url":"https:\/\/templates.cartflows.com\/madxartwork\/wp-content\/uploads\/sites\/2\/2021\/12\/online-yoga-course-thank-you.jpg","thumbnail_image_url":"https:\/\/templates.cartflows.com\/madxartwork\/wp-content\/uploads\/sites\/2\/2021\/12\/online-yoga-course-thank-you-600x809.jpg","link":"https:\/\/templates.cartflows.com\/madxartwork\/online-yoga-course-thank-you\/"}],"cartflows_flow_page_builder":[{"term_id":16,"name":"madxartwork","slug":"madxartwork","term_group":0,"term_taxonomy_id":16,"taxonomy":"cartflows_flow_page_builder","description":"","parent":0,"count":36,"filter":"raw","term_order":"0"}],"cartflows_flow_category":[{"term_id":30,"name":"Sales Funnel","slug":"sales-funnel","term_group":0,"term_taxonomy_id":30,"taxonomy":"cartflows_flow_category","description":"","parent":0,"count":15,"filter":"raw","term_order":"0"},{"term_id":34,"name":"Lead Generation","slug":"lead-generation","term_group":0,"term_taxonomy_id":34,"taxonomy":"cartflows_flow_category","description":"","parent":0,"count":8,"filter":"raw","term_order":"0"}],"cartflows_flow_type":[{"term_id":27,"name":"Free","slug":"free","term_group":0,"term_taxonomy_id":27,"taxonomy":"cartflows_flow_type","description":"","parent":0,"count":16,"filter":"raw","term_order":"0"}]},{"ID":33693,"title":"Microwave","type":"pro","featured_image_url":"https:\/\/templates.cartflows.com\/madxartwork\/wp-content\/uploads\/sites\/2\/2021\/12\/microwave-sales-landing.jpg","thumbnail_image_url":"https:\/\/templates.cartflows.com\/madxartwork\/wp-content\/uploads\/sites\/2\/2021\/12\/microwave-sales-landing-600x3138.jpg","category":["product-landing","sales-funnel"],"page_builder":"madxartwork","steps":[{"ID":33694,"title":"Microwave Sales Landing","type":"landing","featured_image_url":"https:\/\/templates.cartflows.com\/madxartwork\/wp-content\/uploads\/sites\/2\/2021\/12\/microwave-sales-landing.jpg","thumbnail_image_url":"https:\/\/templates.cartflows.com\/madxartwork\/wp-content\/uploads\/sites\/2\/2021\/12\/microwave-sales-landing-600x3138.jpg","link":"https:\/\/templates.cartflows.com\/madxartwork\/microwave-sales-landing\/"},{"ID":33695,"title":"Microwave Checkout","type":"checkout","featured_image_url":"https:\/\/templates.cartflows.com\/madxartwork\/wp-content\/uploads\/sites\/2\/2021\/12\/microwave-checkout.jpg","thumbnail_image_url":"https:\/\/templates.cartflows.com\/madxartwork\/wp-content\/uploads\/sites\/2\/2021\/12\/microwave-checkout-600x943.jpg","link":"https:\/\/templates.cartflows.com\/madxartwork\/microwave-checkout\/"},{"ID":34195,"title":"Microwave Upsell","type":"upsell","featured_image_url":"https:\/\/templates.cartflows.com\/madxartwork\/wp-content\/uploads\/sites\/2\/2021\/12\/microwave-upsell.jpg","thumbnail_image_url":"https:\/\/templates.cartflows.com\/madxartwork\/wp-content\/uploads\/sites\/2\/2021\/12\/microwave-upsell-600x376.jpg","link":"https:\/\/templates.cartflows.com\/madxartwork\/microwave-upsell\/"},{"ID":33696,"title":"Microwave Thank you","type":"thankyou","featured_image_url":"https:\/\/templates.cartflows.com\/madxartwork\/wp-content\/uploads\/sites\/2\/2021\/12\/microwave-thank-you.jpg","thumbnail_image_url":"https:\/\/templates.cartflows.com\/madxartwork\/wp-content\/uploads\/sites\/2\/2021\/12\/microwave-thank-you-600x883.jpg","link":"https:\/\/templates.cartflows.com\/madxartwork\/microwave-thank-you\/"}],"cartflows_flow_page_builder":[{"term_id":16,"name":"madxartwork","slug":"madxartwork","term_group":0,"term_taxonomy_id":16,"taxonomy":"cartflows_flow_page_builder","description":"","parent":0,"count":36,"filter":"raw","term_order":"0"}],"cartflows_flow_category":[{"term_id":28,"name":"Product Landing","slug":"product-landing","term_group":0,"term_taxonomy_id":28,"taxonomy":"cartflows_flow_category","description":"","parent":0,"count":17,"filter":"raw","term_order":"0"},{"term_id":30,"name":"Sales Funnel","slug":"sales-funnel","term_group":0,"term_taxonomy_id":30,"taxonomy":"cartflows_flow_category","description":"","parent":0,"count":15,"filter":"raw","term_order":"0"}],"cartflows_flow_type":[{"term_id":29,"name":"Pro","slug":"pro","term_group":0,"term_taxonomy_id":29,"taxonomy":"cartflows_flow_type","description":"","parent":0,"count":20,"filter":"raw","term_order":"0"}]},{"ID":33002,"title":"SEO Foundation E-book","type":"free","featured_image_url":"https:\/\/templates.cartflows.com\/madxartwork\/wp-content\/uploads\/sites\/2\/2021\/12\/seo-foundation-ebook-sales-landing.jpg","thumbnail_image_url":"https:\/\/templates.cartflows.com\/madxartwork\/wp-content\/uploads\/sites\/2\/2021\/12\/seo-foundation-ebook-sales-landing-600x2712.jpg","category":["product-landing","sales-funnel"],"page_builder":"madxartwork","steps":[{"ID":33003,"title":"SEO Foundation Ebook Sales Landing","type":"landing","featured_image_url":"https:\/\/templates.cartflows.com\/madxartwork\/wp-content\/uploads\/sites\/2\/2021\/12\/seo-foundation-ebook-sales-landing.jpg","thumbnail_image_url":"https:\/\/templates.cartflows.com\/madxartwork\/wp-content\/uploads\/sites\/2\/2021\/12\/seo-foundation-ebook-sales-landing-600x2712.jpg","link":"https:\/\/templates.cartflows.com\/madxartwork\/seo-foundation-ebook-sales-landing\/"},{"ID":33004,"title":"SEO Foundation Ebook Checkout","type":"checkout","featured_image_url":"https:\/\/templates.cartflows.com\/madxartwork\/wp-content\/uploads\/sites\/2\/2021\/12\/seo-foundation-ebook-checkout.jpg","thumbnail_image_url":"https:\/\/templates.cartflows.com\/madxartwork\/wp-content\/uploads\/sites\/2\/2021\/12\/seo-foundation-ebook-checkout-600x461.jpg","link":"https:\/\/templates.cartflows.com\/madxartwork\/seo-foundation-ebook-checkout\/"},{"ID":33005,"title":"SEO Foundation Ebook Thank You","type":"thankyou","featured_image_url":"https:\/\/templates.cartflows.com\/madxartwork\/wp-content\/uploads\/sites\/2\/2021\/12\/seo-foundation-ebook-thank-you.jpg","thumbnail_image_url":"https:\/\/templates.cartflows.com\/madxartwork\/wp-content\/uploads\/sites\/2\/2021\/12\/seo-foundation-ebook-thank-you-600x791.jpg","link":"https:\/\/templates.cartflows.com\/madxartwork\/seo-foundation-ebook-thank-you\/"}],"cartflows_flow_page_builder":[{"term_id":16,"name":"madxartwork","slug":"madxartwork","term_group":0,"term_taxonomy_id":16,"taxonomy":"cartflows_flow_page_builder","description":"","parent":0,"count":36,"filter":"raw","term_order":"0"}],"cartflows_flow_category":[{"term_id":28,"name":"Product Landing","slug":"product-landing","term_group":0,"term_taxonomy_id":28,"taxonomy":"cartflows_flow_category","description":"","parent":0,"count":17,"filter":"raw","term_order":"0"},{"term_id":30,"name":"Sales Funnel","slug":"sales-funnel","term_group":0,"term_taxonomy_id":30,"taxonomy":"cartflows_flow_category","description":"","parent":0,"count":15,"filter":"raw","term_order":"0"}],"cartflows_flow_type":[{"term_id":27,"name":"Free","slug":"free","term_group":0,"term_taxonomy_id":27,"taxonomy":"cartflows_flow_type","description":"","parent":0,"count":16,"filter":"raw","term_order":"0"}]},{"ID":32553,"title":"Business Coach","type":"free","featured_image_url":"https:\/\/templates.cartflows.com\/madxartwork\/wp-content\/uploads\/sites\/2\/2021\/12\/business-coach-sales-landing.jpg","thumbnail_image_url":"https:\/\/templates.cartflows.com\/madxartwork\/wp-content\/uploads\/sites\/2\/2021\/12\/business-coach-sales-landing-600x4214.jpg","category":["sales-funnel","lead-generation"],"page_builder":"madxartwork","steps":[{"ID":32554,"title":"Business Coach Landing","type":"landing","featured_image_url":"https:\/\/templates.cartflows.com\/madxartwork\/wp-content\/uploads\/sites\/2\/2021\/12\/business-coach-sales-landing.jpg","thumbnail_image_url":"https:\/\/templates.cartflows.com\/madxartwork\/wp-content\/uploads\/sites\/2\/2021\/12\/business-coach-sales-landing-600x4214.jpg","link":"https:\/\/templates.cartflows.com\/madxartwork\/business-coach-landing\/"},{"ID":32555,"title":"Business Coach Checkout","type":"checkout","featured_image_url":"https:\/\/templates.cartflows.com\/madxartwork\/wp-content\/uploads\/sites\/2\/2021\/12\/business-coach-checkout.jpg","thumbnail_image_url":"https:\/\/templates.cartflows.com\/madxartwork\/wp-content\/uploads\/sites\/2\/2021\/12\/business-coach-checkout-600x663.jpg","link":"https:\/\/templates.cartflows.com\/madxartwork\/business-coach-checkout\/"},{"ID":32556,"title":"Business Coach Thank you","type":"thankyou","featured_image_url":"https:\/\/templates.cartflows.com\/madxartwork\/wp-content\/uploads\/sites\/2\/2021\/12\/business-coach-thank-you.jpg","thumbnail_image_url":"https:\/\/templates.cartflows.com\/madxartwork\/wp-content\/uploads\/sites\/2\/2021\/12\/business-coach-thank-you-600x564.jpg","link":"https:\/\/templates.cartflows.com\/madxartwork\/business-coach-thank-you\/"}],"cartflows_flow_page_builder":[{"term_id":16,"name":"madxartwork","slug":"madxartwork","term_group":0,"term_taxonomy_id":16,"taxonomy":"cartflows_flow_page_builder","description":"","parent":0,"count":36,"filter":"raw","term_order":"0"}],"cartflows_flow_category":[{"term_id":30,"name":"Sales Funnel","slug":"sales-funnel","term_group":0,"term_taxonomy_id":30,"taxonomy":"cartflows_flow_category","description":"","parent":0,"count":15,"filter":"raw","term_order":"0"},{"term_id":34,"name":"Lead Generation","slug":"lead-generation","term_group":0,"term_taxonomy_id":34,"taxonomy":"cartflows_flow_category","description":"","parent":0,"count":8,"filter":"raw","term_order":"0"}],"cartflows_flow_type":[{"term_id":27,"name":"Free","slug":"free","term_group":0,"term_taxonomy_id":27,"taxonomy":"cartflows_flow_type","description":"","parent":0,"count":16,"filter":"raw","term_order":"0"}]},{"ID":31904,"title":"Beauty Skincare","type":"pro","featured_image_url":"https:\/\/templates.cartflows.com\/madxartwork\/wp-content\/uploads\/sites\/2\/2021\/11\/beauty-skincare-sales-landing.jpg","thumbnail_image_url":"https:\/\/templates.cartflows.com\/madxartwork\/wp-content\/uploads\/sites\/2\/2021\/11\/beauty-skincare-sales-landing-600x2921.jpg","category":["product-landing","sales-funnel"],"page_builder":"madxartwork","steps":[{"ID":31905,"title":"Beauty Skincare Landing","type":"landing","featured_image_url":"https:\/\/templates.cartflows.com\/madxartwork\/wp-content\/uploads\/sites\/2\/2021\/11\/beauty-skincare-sales-landing.jpg","thumbnail_image_url":"https:\/\/templates.cartflows.com\/madxartwork\/wp-content\/uploads\/sites\/2\/2021\/11\/beauty-skincare-sales-landing-600x2921.jpg","link":"https:\/\/templates.cartflows.com\/madxartwork\/beauty-skincare-landing\/"},{"ID":31906,"title":"Beauty Skincare Checkout","type":"checkout","featured_image_url":"https:\/\/templates.cartflows.com\/madxartwork\/wp-content\/uploads\/sites\/2\/2021\/11\/beauty-skincare-checkout.jpg","thumbnail_image_url":"https:\/\/templates.cartflows.com\/madxartwork\/wp-content\/uploads\/sites\/2\/2021\/11\/beauty-skincare-checkout-596x800.jpg","link":"https:\/\/templates.cartflows.com\/madxartwork\/beauty-skincare-checkout\/"},{"ID":31911,"title":"Beauty Skincare Upsell","type":"upsell","featured_image_url":"https:\/\/templates.cartflows.com\/madxartwork\/wp-content\/uploads\/sites\/2\/2021\/11\/beauty-skincare-upsell.jpg","thumbnail_image_url":"https:\/\/templates.cartflows.com\/madxartwork\/wp-content\/uploads\/sites\/2\/2021\/11\/beauty-skincare-upsell-349x800.jpg","link":"https:\/\/templates.cartflows.com\/madxartwork\/beauty-skincare-upsell\/"},{"ID":31907,"title":"Beauty Skincare Thank you","type":"thankyou","featured_image_url":"https:\/\/templates.cartflows.com\/madxartwork\/wp-content\/uploads\/sites\/2\/2021\/11\/beauty-skincare-thank-you.jpg","thumbnail_image_url":"https:\/\/templates.cartflows.com\/madxartwork\/wp-content\/uploads\/sites\/2\/2021\/11\/beauty-skincare-thank-you-355x800.jpg","link":"https:\/\/templates.cartflows.com\/madxartwork\/beauty-skincare-thank-you\/"}],"cartflows_flow_page_builder":[{"term_id":16,"name":"madxartwork","slug":"madxartwork","term_group":0,"term_taxonomy_id":16,"taxonomy":"cartflows_flow_page_builder","description":"","parent":0,"count":36,"filter":"raw","term_order":"0"}],"cartflows_flow_category":[{"term_id":28,"name":"Product Landing","slug":"product-landing","term_group":0,"term_taxonomy_id":28,"taxonomy":"cartflows_flow_category","description":"","parent":0,"count":17,"filter":"raw","term_order":"0"},{"term_id":30,"name":"Sales Funnel","slug":"sales-funnel","term_group":0,"term_taxonomy_id":30,"taxonomy":"cartflows_flow_category","description":"","parent":0,"count":15,"filter":"raw","term_order":"0"}],"cartflows_flow_type":[{"term_id":29,"name":"Pro","slug":"pro","term_group":0,"term_taxonomy_id":29,"taxonomy":"cartflows_flow_type","description":"","parent":0,"count":20,"filter":"raw","term_order":"0"}]},{"ID":31692,"title":"Organic Oil","type":"pro","featured_image_url":"https:\/\/templates.cartflows.com\/madxartwork\/wp-content\/uploads\/sites\/2\/2021\/11\/organic-oil-sales-landing.jpg","thumbnail_image_url":"https:\/\/templates.cartflows.com\/madxartwork\/wp-content\/uploads\/sites\/2\/2021\/11\/organic-oil-sales-landing-600x2480.jpg","category":["product-landing","sales-funnel"],"page_builder":"madxartwork","steps":[{"ID":31693,"title":"Organic Oil Sales Landing","type":"landing","featured_image_url":"https:\/\/templates.cartflows.com\/madxartwork\/wp-content\/uploads\/sites\/2\/2021\/11\/organic-oil-sales-landing.jpg","thumbnail_image_url":"https:\/\/templates.cartflows.com\/madxartwork\/wp-content\/uploads\/sites\/2\/2021\/11\/organic-oil-sales-landing-600x2480.jpg","link":"https:\/\/templates.cartflows.com\/madxartwork\/organic-oil-sales-landing\/"},{"ID":31694,"title":"Organic Oil Checkout","type":"checkout","featured_image_url":"https:\/\/templates.cartflows.com\/madxartwork\/wp-content\/uploads\/sites\/2\/2021\/11\/organic-oil-checkout.jpg","thumbnail_image_url":"https:\/\/templates.cartflows.com\/madxartwork\/wp-content\/uploads\/sites\/2\/2021\/11\/organic-oil-checkout-403x800.jpg","link":"https:\/\/templates.cartflows.com\/madxartwork\/organic-oil-checkout\/"},{"ID":31700,"title":"Organic Oil Upsell","type":"upsell","featured_image_url":"https:\/\/templates.cartflows.com\/madxartwork\/wp-content\/uploads\/sites\/2\/2021\/11\/organic-oil-upsell.jpg","thumbnail_image_url":"https:\/\/templates.cartflows.com\/madxartwork\/wp-content\/uploads\/sites\/2\/2021\/11\/organic-oil-upsell-600x463.jpg","link":"https:\/\/templates.cartflows.com\/madxartwork\/organic-oil-upsell\/"},{"ID":31695,"title":"Organic Oil Thank You","type":"thankyou","featured_image_url":"https:\/\/templates.cartflows.com\/madxartwork\/wp-content\/uploads\/sites\/2\/2021\/11\/organic-oil-thank-you.jpg","thumbnail_image_url":"https:\/\/templates.cartflows.com\/madxartwork\/wp-content\/uploads\/sites\/2\/2021\/11\/organic-oil-thank-you-377x800.jpg","link":"https:\/\/templates.cartflows.com\/madxartwork\/organic-oil-thank-you\/"}],"cartflows_flow_page_builder":[{"term_id":16,"name":"madxartwork","slug":"madxartwork","term_group":0,"term_taxonomy_id":16,"taxonomy":"cartflows_flow_page_builder","description":"","parent":0,"count":36,"filter":"raw","term_order":"0"}],"cartflows_flow_category":[{"term_id":28,"name":"Product Landing","slug":"product-landing","term_group":0,"term_taxonomy_id":28,"taxonomy":"cartflows_flow_category","description":"","parent":0,"count":17,"filter":"raw","term_order":"0"},{"term_id":30,"name":"Sales Funnel","slug":"sales-funnel","term_group":0,"term_taxonomy_id":30,"taxonomy":"cartflows_flow_category","description":"","parent":0,"count":15,"filter":"raw","term_order":"0"}],"cartflows_flow_type":[{"term_id":29,"name":"Pro","slug":"pro","term_group":0,"term_taxonomy_id":29,"taxonomy":"cartflows_flow_type","description":"","parent":0,"count":20,"filter":"raw","term_order":"0"}]},{"ID":30832,"title":"Online Workshop","type":"free","featured_image_url":"https:\/\/templates.cartflows.com\/madxartwork\/wp-content\/uploads\/sites\/2\/2021\/11\/online-workshop-optin.jpg","thumbnail_image_url":"https:\/\/templates.cartflows.com\/madxartwork\/wp-content\/uploads\/sites\/2\/2021\/11\/online-workshop-optin-600x3669.jpg","category":["lead-generation"],"page_builder":"madxartwork","steps":[{"ID":30836,"title":"Online Workshop Optin","type":"optin","featured_image_url":"https:\/\/templates.cartflows.com\/madxartwork\/wp-content\/uploads\/sites\/2\/2021\/11\/online-workshop-optin.jpg","thumbnail_image_url":"https:\/\/templates.cartflows.com\/madxartwork\/wp-content\/uploads\/sites\/2\/2021\/11\/online-workshop-optin-600x3669.jpg","link":"https:\/\/templates.cartflows.com\/madxartwork\/online-workshop-optin\/"},{"ID":31303,"title":"Online Workshop Thank you","type":"thankyou","featured_image_url":"https:\/\/templates.cartflows.com\/madxartwork\/wp-content\/uploads\/sites\/2\/2021\/11\/online-workshop-thank-you.jpg","thumbnail_image_url":"https:\/\/templates.cartflows.com\/madxartwork\/wp-content\/uploads\/sites\/2\/2021\/11\/online-workshop-thank-you-600x341.jpg","link":"https:\/\/templates.cartflows.com\/madxartwork\/online-workshop-thank-you\/"}],"cartflows_flow_page_builder":[{"term_id":16,"name":"madxartwork","slug":"madxartwork","term_group":0,"term_taxonomy_id":16,"taxonomy":"cartflows_flow_page_builder","description":"","parent":0,"count":36,"filter":"raw","term_order":"0"}],"cartflows_flow_category":[{"term_id":34,"name":"Lead Generation","slug":"lead-generation","term_group":0,"term_taxonomy_id":34,"taxonomy":"cartflows_flow_category","description":"","parent":0,"count":8,"filter":"raw","term_order":"0"}],"cartflows_flow_type":[{"term_id":27,"name":"Free","slug":"free","term_group":0,"term_taxonomy_id":27,"taxonomy":"cartflows_flow_type","description":"","parent":0,"count":16,"filter":"raw","term_order":"0"}]},{"ID":25175,"title":"Webinar","type":"free","featured_image_url":"https:\/\/templates.cartflows.com\/madxartwork\/wp-content\/uploads\/sites\/2\/2021\/07\/webinar-optin.jpg","thumbnail_image_url":"https:\/\/templates.cartflows.com\/madxartwork\/wp-content\/uploads\/sites\/2\/2021\/07\/webinar-optin-600x1525.jpg","category":["lead-generation"],"page_builder":"madxartwork","steps":[{"ID":25176,"title":"Webinar Optin","type":"optin","featured_image_url":"https:\/\/templates.cartflows.com\/madxartwork\/wp-content\/uploads\/sites\/2\/2021\/07\/webinar-optin.jpg","thumbnail_image_url":"https:\/\/templates.cartflows.com\/madxartwork\/wp-content\/uploads\/sites\/2\/2021\/07\/webinar-optin-600x1525.jpg","link":"https:\/\/templates.cartflows.com\/madxartwork\/webinar-optin\/"},{"ID":25178,"title":"Webinar Thank you","type":"thankyou","featured_image_url":"https:\/\/templates.cartflows.com\/madxartwork\/wp-content\/uploads\/sites\/2\/2021\/07\/webinar-thank-you.jpg","thumbnail_image_url":"https:\/\/templates.cartflows.com\/madxartwork\/wp-content\/uploads\/sites\/2\/2021\/07\/webinar-thank-you-600x413.jpg","link":"https:\/\/templates.cartflows.com\/madxartwork\/webinar-thank-you\/"}],"cartflows_flow_page_builder":[{"term_id":16,"name":"madxartwork","slug":"madxartwork","term_group":0,"term_taxonomy_id":16,"taxonomy":"cartflows_flow_page_builder","description":"","parent":0,"count":36,"filter":"raw","term_order":"0"}],"cartflows_flow_category":[{"term_id":34,"name":"Lead Generation","slug":"lead-generation","term_group":0,"term_taxonomy_id":34,"taxonomy":"cartflows_flow_category","description":"","parent":0,"count":8,"filter":"raw","term_order":"0"}],"cartflows_flow_type":[{"term_id":27,"name":"Free","slug":"free","term_group":0,"term_taxonomy_id":27,"taxonomy":"cartflows_flow_type","description":"","parent":0,"count":16,"filter":"raw","term_order":"0"}]},{"ID":24881,"title":"Online Courses","type":"free","featured_image_url":"https:\/\/templates.cartflows.com\/madxartwork\/wp-content\/uploads\/sites\/2\/2021\/07\/course-landing01.jpg","thumbnail_image_url":"https:\/\/templates.cartflows.com\/madxartwork\/wp-content\/uploads\/sites\/2\/2021\/07\/course-landing01-600x2541.jpg","category":["product-landing","sales-funnel"],"page_builder":"madxartwork","steps":[{"ID":24882,"title":"Course Landing","type":"landing","featured_image_url":"https:\/\/templates.cartflows.com\/madxartwork\/wp-content\/uploads\/sites\/2\/2021\/07\/course-landing01.jpg","thumbnail_image_url":"https:\/\/templates.cartflows.com\/madxartwork\/wp-content\/uploads\/sites\/2\/2021\/07\/course-landing01-600x2541.jpg","link":"https:\/\/templates.cartflows.com\/madxartwork\/course-landing\/"},{"ID":24929,"title":"Course Checkout","type":"checkout","featured_image_url":"https:\/\/templates.cartflows.com\/madxartwork\/wp-content\/uploads\/sites\/2\/2021\/07\/course-checkout01.jpg","thumbnail_image_url":"https:\/\/templates.cartflows.com\/madxartwork\/wp-content\/uploads\/sites\/2\/2021\/07\/course-checkout01-521x800.jpg","link":"https:\/\/templates.cartflows.com\/madxartwork\/course-checkout\/"},{"ID":24936,"title":"Course Thank You","type":"thankyou","featured_image_url":"https:\/\/templates.cartflows.com\/madxartwork\/wp-content\/uploads\/sites\/2\/2021\/07\/course-thankyou01.jpg","thumbnail_image_url":"https:\/\/templates.cartflows.com\/madxartwork\/wp-content\/uploads\/sites\/2\/2021\/07\/course-thankyou01-600x761.jpg","link":"https:\/\/templates.cartflows.com\/madxartwork\/course-thank-you\/"}],"cartflows_flow_page_builder":[{"term_id":16,"name":"madxartwork","slug":"madxartwork","term_group":0,"term_taxonomy_id":16,"taxonomy":"cartflows_flow_page_builder","description":"","parent":0,"count":36,"filter":"raw","term_order":"0"}],"cartflows_flow_category":[{"term_id":28,"name":"Product Landing","slug":"product-landing","term_group":0,"term_taxonomy_id":28,"taxonomy":"cartflows_flow_category","description":"","parent":0,"count":17,"filter":"raw","term_order":"0"},{"term_id":30,"name":"Sales Funnel","slug":"sales-funnel","term_group":0,"term_taxonomy_id":30,"taxonomy":"cartflows_flow_category","description":"","parent":0,"count":15,"filter":"raw","term_order":"0"}],"cartflows_flow_type":[{"term_id":27,"name":"Free","slug":"free","term_group":0,"term_taxonomy_id":27,"taxonomy":"cartflows_flow_type","description":"","parent":0,"count":16,"filter":"raw","term_order":"0"}]},{"ID":20774,"title":"Evergreen Product 01","type":"free","featured_image_url":"https:\/\/templates.cartflows.com\/madxartwork\/wp-content\/uploads\/sites\/2\/2020\/07\/product-01-lamding-page.jpg","thumbnail_image_url":"https:\/\/templates.cartflows.com\/madxartwork\/wp-content\/uploads\/sites\/2\/2020\/07\/product-01-lamding-page-315x800.jpg","category":["product-landing"],"page_builder":"madxartwork","steps":[{"ID":20776,"title":"Landing Page","type":"landing","featured_image_url":"https:\/\/templates.cartflows.com\/madxartwork\/wp-content\/uploads\/sites\/2\/2020\/07\/product-01-lamding-page.jpg","thumbnail_image_url":"https:\/\/templates.cartflows.com\/madxartwork\/wp-content\/uploads\/sites\/2\/2020\/07\/product-01-lamding-page-315x800.jpg","link":"https:\/\/templates.cartflows.com\/madxartwork\/product01-landing\/"},{"ID":20814,"title":"Checkout Page","type":"checkout","featured_image_url":"https:\/\/templates.cartflows.com\/madxartwork\/wp-content\/uploads\/sites\/2\/2020\/07\/product-01-checkout-page.jpg","thumbnail_image_url":"https:\/\/templates.cartflows.com\/madxartwork\/wp-content\/uploads\/sites\/2\/2020\/07\/product-01-checkout-page-537x800.jpg","link":"https:\/\/templates.cartflows.com\/madxartwork\/product01-checkout\/"},{"ID":20822,"title":"Thank You Page","type":"thankyou","featured_image_url":"https:\/\/templates.cartflows.com\/madxartwork\/wp-content\/uploads\/sites\/2\/2020\/07\/produc-t01-thank-you-page.jpg","thumbnail_image_url":"https:\/\/templates.cartflows.com\/madxartwork\/wp-content\/uploads\/sites\/2\/2020\/07\/produc-t01-thank-you-page-600x506.jpg","link":"https:\/\/templates.cartflows.com\/madxartwork\/product01-thank-you\/"}],"cartflows_flow_page_builder":[{"term_id":16,"name":"madxartwork","slug":"madxartwork","term_group":0,"term_taxonomy_id":16,"taxonomy":"cartflows_flow_page_builder","description":"","parent":0,"count":36,"filter":"raw","term_order":"0"}],"cartflows_flow_category":[{"term_id":28,"name":"Product Landing","slug":"product-landing","term_group":0,"term_taxonomy_id":28,"taxonomy":"cartflows_flow_category","description":"","parent":0,"count":17,"filter":"raw","term_order":"0"}],"cartflows_flow_type":[{"term_id":27,"name":"Free","slug":"free","term_group":0,"term_taxonomy_id":27,"taxonomy":"cartflows_flow_type","description":"","parent":0,"count":16,"filter":"raw","term_order":"0"}]},{"ID":20723,"title":"Evergreen Product 02","type":"free","featured_image_url":"https:\/\/templates.cartflows.com\/madxartwork\/wp-content\/uploads\/sites\/2\/2020\/07\/product-02-landing-page.jpg","thumbnail_image_url":"https:\/\/templates.cartflows.com\/madxartwork\/wp-content\/uploads\/sites\/2\/2020\/07\/product-02-landing-page-218x800.jpg","category":["product-landing"],"page_builder":"madxartwork","steps":[{"ID":20725,"title":"Landing Page","type":"landing","featured_image_url":"https:\/\/templates.cartflows.com\/madxartwork\/wp-content\/uploads\/sites\/2\/2020\/07\/product-02-landing-page.jpg","thumbnail_image_url":"https:\/\/templates.cartflows.com\/madxartwork\/wp-content\/uploads\/sites\/2\/2020\/07\/product-02-landing-page-218x800.jpg","link":"https:\/\/templates.cartflows.com\/madxartwork\/product02-landing\/"},{"ID":20755,"title":"Checkout Page","type":"checkout","featured_image_url":"https:\/\/templates.cartflows.com\/madxartwork\/wp-content\/uploads\/sites\/2\/2020\/07\/product-02-checkout-page.jpg","thumbnail_image_url":"https:\/\/templates.cartflows.com\/madxartwork\/wp-content\/uploads\/sites\/2\/2020\/07\/product-02-checkout-page-600x712.jpg","link":"https:\/\/templates.cartflows.com\/madxartwork\/product02-checkout\/"},{"ID":20771,"title":"Thank You Page","type":"thankyou","featured_image_url":"https:\/\/templates.cartflows.com\/madxartwork\/wp-content\/uploads\/sites\/2\/2020\/07\/product-02-thank-you.jpg","thumbnail_image_url":"https:\/\/templates.cartflows.com\/madxartwork\/wp-content\/uploads\/sites\/2\/2020\/07\/product-02-thank-you-600x560.jpg","link":"https:\/\/templates.cartflows.com\/madxartwork\/product02-thank-you\/"}],"cartflows_flow_page_builder":[{"term_id":16,"name":"madxartwork","slug":"madxartwork","term_group":0,"term_taxonomy_id":16,"taxonomy":"cartflows_flow_page_builder","description":"","parent":0,"count":36,"filter":"raw","term_order":"0"}],"cartflows_flow_category":[{"term_id":28,"name":"Product Landing","slug":"product-landing","term_group":0,"term_taxonomy_id":28,"taxonomy":"cartflows_flow_category","description":"","parent":0,"count":17,"filter":"raw","term_order":"0"}],"cartflows_flow_type":[{"term_id":27,"name":"Free","slug":"free","term_group":0,"term_taxonomy_id":27,"taxonomy":"cartflows_flow_type","description":"","parent":0,"count":16,"filter":"raw","term_order":"0"}]},{"ID":20698,"title":"Evergreen Product 03","type":"free","featured_image_url":"https:\/\/templates.cartflows.com\/madxartwork\/wp-content\/uploads\/sites\/2\/2020\/07\/product03-landing.jpg","thumbnail_image_url":"https:\/\/templates.cartflows.com\/madxartwork\/wp-content\/uploads\/sites\/2\/2020\/07\/product03-landing-239x800.jpg","category":["product-landing"],"page_builder":"madxartwork","steps":[{"ID":20700,"title":"Landing Page","type":"landing","featured_image_url":"https:\/\/templates.cartflows.com\/madxartwork\/wp-content\/uploads\/sites\/2\/2020\/07\/product03-landing.jpg","thumbnail_image_url":"https:\/\/templates.cartflows.com\/madxartwork\/wp-content\/uploads\/sites\/2\/2020\/07\/product03-landing-239x800.jpg","link":"https:\/\/templates.cartflows.com\/madxartwork\/product03-landing\/"},{"ID":20714,"title":"Checkout Page","type":"checkout","featured_image_url":"https:\/\/templates.cartflows.com\/madxartwork\/wp-content\/uploads\/sites\/2\/2020\/07\/product-03-checkout-page.jpg","thumbnail_image_url":"https:\/\/templates.cartflows.com\/madxartwork\/wp-content\/uploads\/sites\/2\/2020\/07\/product-03-checkout-page-600x647.jpg","link":"https:\/\/templates.cartflows.com\/madxartwork\/product03-checkout\/"},{"ID":20720,"title":"Thank You Page","type":"thankyou","featured_image_url":"https:\/\/templates.cartflows.com\/madxartwork\/wp-content\/uploads\/sites\/2\/2020\/07\/product03-thankyou2.jpg","thumbnail_image_url":"https:\/\/templates.cartflows.com\/madxartwork\/wp-content\/uploads\/sites\/2\/2020\/07\/product03-thankyou2-600x490.jpg","link":"https:\/\/templates.cartflows.com\/madxartwork\/product03-thank-you\/"}],"cartflows_flow_page_builder":[{"term_id":16,"name":"madxartwork","slug":"madxartwork","term_group":0,"term_taxonomy_id":16,"taxonomy":"cartflows_flow_page_builder","description":"","parent":0,"count":36,"filter":"raw","term_order":"0"}],"cartflows_flow_category":[{"term_id":28,"name":"Product Landing","slug":"product-landing","term_group":0,"term_taxonomy_id":28,"taxonomy":"cartflows_flow_category","description":"","parent":0,"count":17,"filter":"raw","term_order":"0"}],"cartflows_flow_type":[{"term_id":27,"name":"Free","slug":"free","term_group":0,"term_taxonomy_id":27,"taxonomy":"cartflows_flow_type","description":"","parent":0,"count":16,"filter":"raw","term_order":"0"}]},{"ID":20678,"title":"Inline Checkout","type":"free","featured_image_url":"https:\/\/templates.cartflows.com\/madxartwork\/wp-content\/uploads\/sites\/2\/2020\/07\/inline-checkout-01.jpg","thumbnail_image_url":"https:\/\/templates.cartflows.com\/madxartwork\/wp-content\/uploads\/sites\/2\/2020\/07\/inline-checkout-01-251x800.jpg","category":["product-landing"],"page_builder":"madxartwork","steps":[{"ID":20680,"title":"Checkout Page","type":"checkout","featured_image_url":"https:\/\/templates.cartflows.com\/madxartwork\/wp-content\/uploads\/sites\/2\/2020\/07\/inline-checkout-01.jpg","thumbnail_image_url":"https:\/\/templates.cartflows.com\/madxartwork\/wp-content\/uploads\/sites\/2\/2020\/07\/inline-checkout-01-251x800.jpg","link":"https:\/\/templates.cartflows.com\/madxartwork\/inline-checkout\/"},{"ID":20695,"title":"Thank You Page","type":"thankyou","featured_image_url":"https:\/\/templates.cartflows.com\/madxartwork\/wp-content\/uploads\/sites\/2\/2020\/07\/inline-thankyou2.jpg","thumbnail_image_url":"https:\/\/templates.cartflows.com\/madxartwork\/wp-content\/uploads\/sites\/2\/2020\/07\/inline-thankyou2-600x510.jpg","link":"https:\/\/templates.cartflows.com\/madxartwork\/inline-thank-you\/"}],"cartflows_flow_page_builder":[{"term_id":16,"name":"madxartwork","slug":"madxartwork","term_group":0,"term_taxonomy_id":16,"taxonomy":"cartflows_flow_page_builder","description":"","parent":0,"count":36,"filter":"raw","term_order":"0"}],"cartflows_flow_category":[{"term_id":28,"name":"Product Landing","slug":"product-landing","term_group":0,"term_taxonomy_id":28,"taxonomy":"cartflows_flow_category","description":"","parent":0,"count":17,"filter":"raw","term_order":"0"}],"cartflows_flow_type":[{"term_id":27,"name":"Free","slug":"free","term_group":0,"term_taxonomy_id":27,"taxonomy":"cartflows_flow_type","description":"","parent":0,"count":16,"filter":"raw","term_order":"0"}]},{"ID":20642,"title":"eBook","type":"pro","featured_image_url":"https:\/\/templates.cartflows.com\/madxartwork\/wp-content\/uploads\/sites\/2\/2020\/07\/ebook-landing-page-01.jpg","thumbnail_image_url":"https:\/\/templates.cartflows.com\/madxartwork\/wp-content\/uploads\/sites\/2\/2020\/07\/ebook-landing-page-01-302x800.jpg","category":["sales-funnel"],"page_builder":"madxartwork","steps":[{"ID":20644,"title":"Landing Page","type":"landing","featured_image_url":"https:\/\/templates.cartflows.com\/madxartwork\/wp-content\/uploads\/sites\/2\/2020\/07\/ebook-landing-page-01.jpg","thumbnail_image_url":"https:\/\/templates.cartflows.com\/madxartwork\/wp-content\/uploads\/sites\/2\/2020\/07\/ebook-landing-page-01-302x800.jpg","link":"https:\/\/templates.cartflows.com\/madxartwork\/ebook-landing\/"},{"ID":20661,"title":"Checkout Page","type":"checkout","featured_image_url":"https:\/\/templates.cartflows.com\/madxartwork\/wp-content\/uploads\/sites\/2\/2020\/07\/ebook-checkout-page.jpg","thumbnail_image_url":"https:\/\/templates.cartflows.com\/madxartwork\/wp-content\/uploads\/sites\/2\/2020\/07\/ebook-checkout-page-421x800.jpg","link":"https:\/\/templates.cartflows.com\/madxartwork\/ebook-checkout\/"},{"ID":20664,"title":"EBook Upsell","type":"upsell","featured_image_url":"https:\/\/templates.cartflows.com\/madxartwork\/wp-content\/uploads\/sites\/2\/2020\/07\/ebook-upsell-1.jpg","thumbnail_image_url":"https:\/\/templates.cartflows.com\/madxartwork\/wp-content\/uploads\/sites\/2\/2020\/07\/ebook-upsell-1-600x391.jpg","link":"https:\/\/templates.cartflows.com\/madxartwork\/ebook-upsell\/"},{"ID":20669,"title":"EBook Downsell","type":"downsell","featured_image_url":"https:\/\/templates.cartflows.com\/madxartwork\/wp-content\/uploads\/sites\/2\/2020\/07\/ebook-downsell-01.jpg","thumbnail_image_url":"https:\/\/templates.cartflows.com\/madxartwork\/wp-content\/uploads\/sites\/2\/2020\/07\/ebook-downsell-01-600x394.jpg","link":"https:\/\/templates.cartflows.com\/madxartwork\/ebook-downsell\/"},{"ID":20674,"title":"Thank You Page","type":"thankyou","featured_image_url":"https:\/\/templates.cartflows.com\/madxartwork\/wp-content\/uploads\/sites\/2\/2020\/07\/ebook-thankyou2.jpg","thumbnail_image_url":"https:\/\/templates.cartflows.com\/madxartwork\/wp-content\/uploads\/sites\/2\/2020\/07\/ebook-thankyou2-600x653.jpg","link":"https:\/\/templates.cartflows.com\/madxartwork\/ebook-thank-you\/"}],"cartflows_flow_page_builder":[{"term_id":16,"name":"madxartwork","slug":"madxartwork","term_group":0,"term_taxonomy_id":16,"taxonomy":"cartflows_flow_page_builder","description":"","parent":0,"count":36,"filter":"raw","term_order":"0"}],"cartflows_flow_category":[{"term_id":30,"name":"Sales Funnel","slug":"sales-funnel","term_group":0,"term_taxonomy_id":30,"taxonomy":"cartflows_flow_category","description":"","parent":0,"count":15,"filter":"raw","term_order":"0"}],"cartflows_flow_type":[{"term_id":29,"name":"Pro","slug":"pro","term_group":0,"term_taxonomy_id":29,"taxonomy":"cartflows_flow_type","description":"","parent":0,"count":20,"filter":"raw","term_order":"0"}]},{"ID":20606,"title":"Protein Supplement","type":"pro","featured_image_url":"https:\/\/templates.cartflows.com\/madxartwork\/wp-content\/uploads\/sites\/2\/2020\/07\/protein-supplement-01.jpg","thumbnail_image_url":"https:\/\/templates.cartflows.com\/madxartwork\/wp-content\/uploads\/sites\/2\/2020\/07\/protein-supplement-01-244x800.jpg","category":["sales-funnel"],"page_builder":"madxartwork","steps":[{"ID":20608,"title":"Landing Page","type":"landing","featured_image_url":"https:\/\/templates.cartflows.com\/madxartwork\/wp-content\/uploads\/sites\/2\/2020\/07\/protein-supplement-01.jpg","thumbnail_image_url":"https:\/\/templates.cartflows.com\/madxartwork\/wp-content\/uploads\/sites\/2\/2020\/07\/protein-supplement-01-244x800.jpg","link":"https:\/\/templates.cartflows.com\/madxartwork\/protein-supplement-landing\/"},{"ID":20626,"title":"Checkout Page","type":"checkout","featured_image_url":"https:\/\/templates.cartflows.com\/madxartwork\/wp-content\/uploads\/sites\/2\/2020\/07\/protein-supplement-checkout-01.jpg","thumbnail_image_url":"https:\/\/templates.cartflows.com\/madxartwork\/wp-content\/uploads\/sites\/2\/2020\/07\/protein-supplement-checkout-01-557x800.jpg","link":"https:\/\/templates.cartflows.com\/madxartwork\/protein-supplement-checkout\/"},{"ID":20632,"title":"Protein Supplement Upsell","type":"upsell","featured_image_url":"https:\/\/templates.cartflows.com\/madxartwork\/wp-content\/uploads\/sites\/2\/2020\/07\/protein-supplement-upsell-2.jpg","thumbnail_image_url":"https:\/\/templates.cartflows.com\/madxartwork\/wp-content\/uploads\/sites\/2\/2020\/07\/protein-supplement-upsell-2-600x414.jpg","link":"https:\/\/templates.cartflows.com\/madxartwork\/protein-supplement-upsell\/"},{"ID":20639,"title":"Thank You Page","type":"thankyou","featured_image_url":"https:\/\/templates.cartflows.com\/madxartwork\/wp-content\/uploads\/sites\/2\/2020\/07\/protein-supplement-thankyou2.jpg","thumbnail_image_url":"https:\/\/templates.cartflows.com\/madxartwork\/wp-content\/uploads\/sites\/2\/2020\/07\/protein-supplement-thankyou2-600x474.jpg","link":"https:\/\/templates.cartflows.com\/madxartwork\/protein-supplement-thank-you\/"}],"cartflows_flow_page_builder":[{"term_id":16,"name":"madxartwork","slug":"madxartwork","term_group":0,"term_taxonomy_id":16,"taxonomy":"cartflows_flow_page_builder","description":"","parent":0,"count":36,"filter":"raw","term_order":"0"}],"cartflows_flow_category":[{"term_id":30,"name":"Sales Funnel","slug":"sales-funnel","term_group":0,"term_taxonomy_id":30,"taxonomy":"cartflows_flow_category","description":"","parent":0,"count":15,"filter":"raw","term_order":"0"}],"cartflows_flow_type":[{"term_id":29,"name":"Pro","slug":"pro","term_group":0,"term_taxonomy_id":29,"taxonomy":"cartflows_flow_type","description":"","parent":0,"count":20,"filter":"raw","term_order":"0"}]},{"ID":20571,"title":"Beauty Product","type":"pro","featured_image_url":"https:\/\/templates.cartflows.com\/madxartwork\/wp-content\/uploads\/sites\/2\/2020\/07\/beauty-landinpage.jpg","thumbnail_image_url":"https:\/\/templates.cartflows.com\/madxartwork\/wp-content\/uploads\/sites\/2\/2020\/07\/beauty-landinpage-240x800.jpg","category":["sales-funnel"],"page_builder":"madxartwork","steps":[{"ID":20573,"title":"Landing Page","type":"landing","featured_image_url":"https:\/\/templates.cartflows.com\/madxartwork\/wp-content\/uploads\/sites\/2\/2020\/07\/beauty-landinpage.jpg","thumbnail_image_url":"https:\/\/templates.cartflows.com\/madxartwork\/wp-content\/uploads\/sites\/2\/2020\/07\/beauty-landinpage-240x800.jpg","link":"https:\/\/templates.cartflows.com\/madxartwork\/beauty-product-landing\/"},{"ID":20584,"title":"Checkout Page","type":"checkout","featured_image_url":"https:\/\/templates.cartflows.com\/madxartwork\/wp-content\/uploads\/sites\/2\/2020\/07\/beauty-checkout-page-01.jpg","thumbnail_image_url":"https:\/\/templates.cartflows.com\/madxartwork\/wp-content\/uploads\/sites\/2\/2020\/07\/beauty-checkout-page-01-462x800.jpg","link":"https:\/\/templates.cartflows.com\/madxartwork\/beauty-product-checkout\/"},{"ID":20588,"title":"Upsell","type":"upsell","featured_image_url":"https:\/\/templates.cartflows.com\/madxartwork\/wp-content\/uploads\/sites\/2\/2020\/07\/beauty-upsell-01.jpg","thumbnail_image_url":"https:\/\/templates.cartflows.com\/madxartwork\/wp-content\/uploads\/sites\/2\/2020\/07\/beauty-upsell-01-600x405.jpg","link":"https:\/\/templates.cartflows.com\/madxartwork\/beauty-product-upsell\/"},{"ID":20596,"title":"Downsell","type":"downsell","featured_image_url":"https:\/\/templates.cartflows.com\/madxartwork\/wp-content\/uploads\/sites\/2\/2020\/07\/beauty-downsell-01.jpg","thumbnail_image_url":"https:\/\/templates.cartflows.com\/madxartwork\/wp-content\/uploads\/sites\/2\/2020\/07\/beauty-downsell-01-600x470.jpg","link":"https:\/\/templates.cartflows.com\/madxartwork\/beauty-product-downsell\/"},{"ID":20601,"title":"Thank You Page","type":"thankyou","featured_image_url":"https:\/\/templates.cartflows.com\/madxartwork\/wp-content\/uploads\/sites\/2\/2020\/07\/beauty-thank-you-03.jpg","thumbnail_image_url":"https:\/\/templates.cartflows.com\/madxartwork\/wp-content\/uploads\/sites\/2\/2020\/07\/beauty-thank-you-03-600x677.jpg","link":"https:\/\/templates.cartflows.com\/madxartwork\/beauty-product-thank-you\/"}],"cartflows_flow_page_builder":[{"term_id":16,"name":"madxartwork","slug":"madxartwork","term_group":0,"term_taxonomy_id":16,"taxonomy":"cartflows_flow_page_builder","description":"","parent":0,"count":36,"filter":"raw","term_order":"0"}],"cartflows_flow_category":[{"term_id":30,"name":"Sales Funnel","slug":"sales-funnel","term_group":0,"term_taxonomy_id":30,"taxonomy":"cartflows_flow_category","description":"","parent":0,"count":15,"filter":"raw","term_order":"0"}],"cartflows_flow_type":[{"term_id":29,"name":"Pro","slug":"pro","term_group":0,"term_taxonomy_id":29,"taxonomy":"cartflows_flow_type","description":"","parent":0,"count":20,"filter":"raw","term_order":"0"}]},{"ID":20511,"title":"Organic Tea","type":"pro","featured_image_url":"https:\/\/templates.cartflows.com\/madxartwork\/wp-content\/uploads\/sites\/2\/2020\/07\/organic-landing-page-01.jpg","thumbnail_image_url":"https:\/\/templates.cartflows.com\/madxartwork\/wp-content\/uploads\/sites\/2\/2020\/07\/organic-landing-page-01-266x800.jpg","category":["sales-funnel"],"page_builder":"madxartwork","steps":[{"ID":20513,"title":"Landing Page","type":"landing","featured_image_url":"https:\/\/templates.cartflows.com\/madxartwork\/wp-content\/uploads\/sites\/2\/2020\/07\/organic-landing-page-01.jpg","thumbnail_image_url":"https:\/\/templates.cartflows.com\/madxartwork\/wp-content\/uploads\/sites\/2\/2020\/07\/organic-landing-page-01-266x800.jpg","link":"https:\/\/templates.cartflows.com\/madxartwork\/organic-tea-landing\/"},{"ID":20557,"title":"Checkout Page","type":"checkout","featured_image_url":"https:\/\/templates.cartflows.com\/madxartwork\/wp-content\/uploads\/sites\/2\/2020\/07\/organic-checkout-page.jpg","thumbnail_image_url":"https:\/\/templates.cartflows.com\/madxartwork\/wp-content\/uploads\/sites\/2\/2020\/07\/organic-checkout-page-519x800.jpg","link":"https:\/\/templates.cartflows.com\/madxartwork\/organic-tea-checkout\/"},{"ID":20563,"title":"Upsell","type":"upsell","featured_image_url":"https:\/\/templates.cartflows.com\/madxartwork\/wp-content\/uploads\/sites\/2\/2020\/07\/organic-upsell-01.jpg","thumbnail_image_url":"https:\/\/templates.cartflows.com\/madxartwork\/wp-content\/uploads\/sites\/2\/2020\/07\/organic-upsell-01-600x408.jpg","link":"https:\/\/templates.cartflows.com\/madxartwork\/organic-tea-upsell\/"},{"ID":20568,"title":"Thank You Page","type":"thankyou","featured_image_url":"https:\/\/templates.cartflows.com\/madxartwork\/wp-content\/uploads\/sites\/2\/2020\/07\/organic-thank-you.jpg","thumbnail_image_url":"https:\/\/templates.cartflows.com\/madxartwork\/wp-content\/uploads\/sites\/2\/2020\/07\/organic-thank-you-600x562.jpg","link":"https:\/\/templates.cartflows.com\/madxartwork\/organic-tea-thank-you\/"}],"cartflows_flow_page_builder":[{"term_id":16,"name":"madxartwork","slug":"madxartwork","term_group":0,"term_taxonomy_id":16,"taxonomy":"cartflows_flow_page_builder","description":"","parent":0,"count":36,"filter":"raw","term_order":"0"}],"cartflows_flow_category":[{"term_id":30,"name":"Sales Funnel","slug":"sales-funnel","term_group":0,"term_taxonomy_id":30,"taxonomy":"cartflows_flow_category","description":"","parent":0,"count":15,"filter":"raw","term_order":"0"}],"cartflows_flow_type":[{"term_id":29,"name":"Pro","slug":"pro","term_group":0,"term_taxonomy_id":29,"taxonomy":"cartflows_flow_type","description":"","parent":0,"count":20,"filter":"raw","term_order":"0"}]},{"ID":21255,"title":"Dog Food Two Step Checkout","type":"pro","featured_image_url":"https:\/\/templates.cartflows.com\/madxartwork\/wp-content\/uploads\/sites\/2\/2020\/07\/dog-food-landing-page.jpg","thumbnail_image_url":"https:\/\/templates.cartflows.com\/madxartwork\/wp-content\/uploads\/sites\/2\/2020\/07\/dog-food-landing-page-231x800.jpg","category":["sales-funnel"],"page_builder":"madxartwork","steps":[{"ID":21256,"title":"Checkout Page","type":"checkout","featured_image_url":"https:\/\/templates.cartflows.com\/madxartwork\/wp-content\/uploads\/sites\/2\/2020\/07\/dog-food-landing-page.jpg","thumbnail_image_url":"https:\/\/templates.cartflows.com\/madxartwork\/wp-content\/uploads\/sites\/2\/2020\/07\/dog-food-landing-page-231x800.jpg","link":"https:\/\/templates.cartflows.com\/madxartwork\/dog-food-checkout\/"},{"ID":21258,"title":"Dog Food Upsell Page","type":"upsell","featured_image_url":"https:\/\/templates.cartflows.com\/madxartwork\/wp-content\/uploads\/sites\/2\/2020\/07\/dog-food-offer-1.jpg","thumbnail_image_url":"https:\/\/templates.cartflows.com\/madxartwork\/wp-content\/uploads\/sites\/2\/2020\/07\/dog-food-offer-1-600x412.jpg","link":"https:\/\/templates.cartflows.com\/madxartwork\/dog-food-offer-1\/"},{"ID":21260,"title":"Dog Food Downsell","type":"downsell","featured_image_url":"https:\/\/templates.cartflows.com\/madxartwork\/wp-content\/uploads\/sites\/2\/2020\/07\/dog-food-offer-2.jpg","thumbnail_image_url":"https:\/\/templates.cartflows.com\/madxartwork\/wp-content\/uploads\/sites\/2\/2020\/07\/dog-food-offer-2-600x336.jpg","link":"https:\/\/templates.cartflows.com\/madxartwork\/dog-food-offer-2\/"},{"ID":21265,"title":"Dog Food Thank You","type":"thankyou","featured_image_url":"https:\/\/templates.cartflows.com\/madxartwork\/wp-content\/uploads\/sites\/2\/2020\/07\/dog-thank-you.jpg","thumbnail_image_url":"https:\/\/templates.cartflows.com\/madxartwork\/wp-content\/uploads\/sites\/2\/2020\/07\/dog-thank-you-600x618.jpg","link":"https:\/\/templates.cartflows.com\/madxartwork\/dog-food-thank-you\/"}],"cartflows_flow_page_builder":[{"term_id":16,"name":"madxartwork","slug":"madxartwork","term_group":0,"term_taxonomy_id":16,"taxonomy":"cartflows_flow_page_builder","description":"","parent":0,"count":36,"filter":"raw","term_order":"0"}],"cartflows_flow_category":[{"term_id":30,"name":"Sales Funnel","slug":"sales-funnel","term_group":0,"term_taxonomy_id":30,"taxonomy":"cartflows_flow_category","description":"","parent":0,"count":15,"filter":"raw","term_order":"0"}],"cartflows_flow_type":[{"term_id":29,"name":"Pro","slug":"pro","term_group":0,"term_taxonomy_id":29,"taxonomy":"cartflows_flow_type","description":"","parent":0,"count":20,"filter":"raw","term_order":"0"}]},{"ID":20203,"title":"Weight Loss Flow","type":"pro","featured_image_url":"https:\/\/templates.cartflows.com\/madxartwork\/wp-content\/uploads\/sites\/2\/2020\/07\/weight-loss-checkout.jpg","thumbnail_image_url":"https:\/\/templates.cartflows.com\/madxartwork\/wp-content\/uploads\/sites\/2\/2020\/07\/weight-loss-checkout-227x800.jpg","category":["sales-funnel"],"page_builder":"madxartwork","steps":[{"ID":20205,"title":"Weightloss Checkout","type":"checkout","featured_image_url":"https:\/\/templates.cartflows.com\/madxartwork\/wp-content\/uploads\/sites\/2\/2020\/07\/weight-loss-checkout.jpg","thumbnail_image_url":"https:\/\/templates.cartflows.com\/madxartwork\/wp-content\/uploads\/sites\/2\/2020\/07\/weight-loss-checkout-227x800.jpg","link":"https:\/\/templates.cartflows.com\/madxartwork\/weight-loss-checkout\/"},{"ID":20231,"title":"One Time Offer","type":"upsell","featured_image_url":"https:\/\/templates.cartflows.com\/madxartwork\/wp-content\/uploads\/sites\/2\/2020\/07\/weight-loss-upsell-1.jpg","thumbnail_image_url":"https:\/\/templates.cartflows.com\/madxartwork\/wp-content\/uploads\/sites\/2\/2020\/07\/weight-loss-upsell-1-600x495.jpg","link":"https:\/\/templates.cartflows.com\/madxartwork\/weight-loss-offer-1\/"},{"ID":20237,"title":"Weightloss Thank You","type":"thankyou","featured_image_url":"https:\/\/templates.cartflows.com\/madxartwork\/wp-content\/uploads\/sites\/2\/2020\/07\/weight-loss-thankyou.jpg","thumbnail_image_url":"https:\/\/templates.cartflows.com\/madxartwork\/wp-content\/uploads\/sites\/2\/2020\/07\/weight-loss-thankyou-600x590.jpg","link":"https:\/\/templates.cartflows.com\/madxartwork\/weight-loss-thank-you\/"}],"cartflows_flow_page_builder":[{"term_id":16,"name":"madxartwork","slug":"madxartwork","term_group":0,"term_taxonomy_id":16,"taxonomy":"cartflows_flow_page_builder","description":"","parent":0,"count":36,"filter":"raw","term_order":"0"}],"cartflows_flow_category":[{"term_id":30,"name":"Sales Funnel","slug":"sales-funnel","term_group":0,"term_taxonomy_id":30,"taxonomy":"cartflows_flow_category","description":"","parent":0,"count":15,"filter":"raw","term_order":"0"}],"cartflows_flow_type":[{"term_id":29,"name":"Pro","slug":"pro","term_group":0,"term_taxonomy_id":29,"taxonomy":"cartflows_flow_type","description":"","parent":0,"count":20,"filter":"raw","term_order":"0"}]},{"ID":20113,"title":"Download eBook","type":"free","featured_image_url":"https:\/\/templates.cartflows.com\/madxartwork\/wp-content\/uploads\/sites\/2\/2020\/07\/download-the-ebook.jpg","thumbnail_image_url":"https:\/\/templates.cartflows.com\/madxartwork\/wp-content\/uploads\/sites\/2\/2020\/07\/download-the-ebook-600x517.jpg","category":["lead-generation"],"page_builder":"madxartwork","steps":[{"ID":20115,"title":"Download The eBook","type":"optin","featured_image_url":"https:\/\/templates.cartflows.com\/madxartwork\/wp-content\/uploads\/sites\/2\/2020\/07\/download-the-ebook.jpg","thumbnail_image_url":"https:\/\/templates.cartflows.com\/madxartwork\/wp-content\/uploads\/sites\/2\/2020\/07\/download-the-ebook-600x517.jpg","link":"https:\/\/templates.cartflows.com\/madxartwork\/download-the-ebook\/"},{"ID":20124,"title":"Thank You","type":"thankyou","featured_image_url":"https:\/\/templates.cartflows.com\/madxartwork\/wp-content\/uploads\/sites\/2\/2020\/07\/download-ebook-thank-you-1.jpg","thumbnail_image_url":"https:\/\/templates.cartflows.com\/madxartwork\/wp-content\/uploads\/sites\/2\/2020\/07\/download-ebook-thank-you-1-600x776.jpg","link":"https:\/\/templates.cartflows.com\/madxartwork\/download-ebook-thank-you\/"}],"cartflows_flow_page_builder":[{"term_id":16,"name":"madxartwork","slug":"madxartwork","term_group":0,"term_taxonomy_id":16,"taxonomy":"cartflows_flow_page_builder","description":"","parent":0,"count":36,"filter":"raw","term_order":"0"}],"cartflows_flow_category":[{"term_id":34,"name":"Lead Generation","slug":"lead-generation","term_group":0,"term_taxonomy_id":34,"taxonomy":"cartflows_flow_category","description":"","parent":0,"count":8,"filter":"raw","term_order":"0"}],"cartflows_flow_type":[{"term_id":27,"name":"Free","slug":"free","term_group":0,"term_taxonomy_id":27,"taxonomy":"cartflows_flow_type","description":"","parent":0,"count":16,"filter":"raw","term_order":"0"}]},{"ID":20092,"title":"Music Album","type":"free","featured_image_url":"https:\/\/templates.cartflows.com\/madxartwork\/wp-content\/uploads\/sites\/2\/2020\/07\/music-album-landing-page.jpg","thumbnail_image_url":"https:\/\/templates.cartflows.com\/madxartwork\/wp-content\/uploads\/sites\/2\/2020\/07\/music-album-landing-page-362x800.jpg","category":["product-landing"],"page_builder":"madxartwork","steps":[{"ID":20094,"title":"Music Album Landing Page","type":"landing","featured_image_url":"https:\/\/templates.cartflows.com\/madxartwork\/wp-content\/uploads\/sites\/2\/2020\/07\/music-album-landing-page.jpg","thumbnail_image_url":"https:\/\/templates.cartflows.com\/madxartwork\/wp-content\/uploads\/sites\/2\/2020\/07\/music-album-landing-page-362x800.jpg","link":"https:\/\/templates.cartflows.com\/madxartwork\/music-album-landing-page\/"},{"ID":20105,"title":"Music Album Checkout","type":"checkout","featured_image_url":"https:\/\/templates.cartflows.com\/madxartwork\/wp-content\/uploads\/sites\/2\/2020\/07\/music-album-checkout.jpg","thumbnail_image_url":"https:\/\/templates.cartflows.com\/madxartwork\/wp-content\/uploads\/sites\/2\/2020\/07\/music-album-checkout-600x441.jpg","link":"https:\/\/templates.cartflows.com\/madxartwork\/music-album-checkout\/"},{"ID":20109,"title":"Music Album Thank You","type":"thankyou","featured_image_url":"https:\/\/templates.cartflows.com\/madxartwork\/wp-content\/uploads\/sites\/2\/2020\/07\/music-album-thankyou.jpg","thumbnail_image_url":"https:\/\/templates.cartflows.com\/madxartwork\/wp-content\/uploads\/sites\/2\/2020\/07\/music-album-thankyou-600x416.jpg","link":"https:\/\/templates.cartflows.com\/madxartwork\/music-album-thank-you\/"}],"cartflows_flow_page_builder":[{"term_id":16,"name":"madxartwork","slug":"madxartwork","term_group":0,"term_taxonomy_id":16,"taxonomy":"cartflows_flow_page_builder","description":"","parent":0,"count":36,"filter":"raw","term_order":"0"}],"cartflows_flow_category":[{"term_id":28,"name":"Product Landing","slug":"product-landing","term_group":0,"term_taxonomy_id":28,"taxonomy":"cartflows_flow_category","description":"","parent":0,"count":17,"filter":"raw","term_order":"0"}],"cartflows_flow_type":[{"term_id":27,"name":"Free","slug":"free","term_group":0,"term_taxonomy_id":27,"taxonomy":"cartflows_flow_type","description":"","parent":0,"count":16,"filter":"raw","term_order":"0"}]},{"ID":20073,"title":"Email Marketing Course","type":"pro","featured_image_url":"https:\/\/templates.cartflows.com\/madxartwork\/wp-content\/uploads\/sites\/2\/2020\/07\/email-marketing-lead.jpg","thumbnail_image_url":"https:\/\/templates.cartflows.com\/madxartwork\/wp-content\/uploads\/sites\/2\/2020\/07\/email-marketing-lead-407x800.jpg","category":["lead-generation"],"page_builder":"madxartwork","steps":[{"ID":20075,"title":"Email Marketing Free Course","type":"optin","featured_image_url":"https:\/\/templates.cartflows.com\/madxartwork\/wp-content\/uploads\/sites\/2\/2020\/07\/email-marketing-lead.jpg","thumbnail_image_url":"https:\/\/templates.cartflows.com\/madxartwork\/wp-content\/uploads\/sites\/2\/2020\/07\/email-marketing-lead-407x800.jpg","link":"https:\/\/templates.cartflows.com\/madxartwork\/email-marketing-lead\/"},{"ID":20082,"title":"Email Marketing Full Access","type":"checkout","featured_image_url":"https:\/\/templates.cartflows.com\/madxartwork\/wp-content\/uploads\/sites\/2\/2020\/07\/email-marketing-checkout-1.jpg","thumbnail_image_url":"https:\/\/templates.cartflows.com\/madxartwork\/wp-content\/uploads\/sites\/2\/2020\/07\/email-marketing-checkout-1-242x800.jpg","link":"https:\/\/templates.cartflows.com\/madxartwork\/email-marketing-checkout\/"},{"ID":20089,"title":"Email Marketing Thank You","type":"thankyou","featured_image_url":"https:\/\/templates.cartflows.com\/madxartwork\/wp-content\/uploads\/sites\/2\/2020\/07\/email-marketing-thankyou.jpg","thumbnail_image_url":"https:\/\/templates.cartflows.com\/madxartwork\/wp-content\/uploads\/sites\/2\/2020\/07\/email-marketing-thankyou-600x673.jpg","link":"https:\/\/templates.cartflows.com\/madxartwork\/email-marketing-thank-you\/"}],"cartflows_flow_page_builder":[{"term_id":16,"name":"madxartwork","slug":"madxartwork","term_group":0,"term_taxonomy_id":16,"taxonomy":"cartflows_flow_page_builder","description":"","parent":0,"count":36,"filter":"raw","term_order":"0"}],"cartflows_flow_category":[{"term_id":34,"name":"Lead Generation","slug":"lead-generation","term_group":0,"term_taxonomy_id":34,"taxonomy":"cartflows_flow_category","description":"","parent":0,"count":8,"filter":"raw","term_order":"0"}],"cartflows_flow_type":[{"term_id":29,"name":"Pro","slug":"pro","term_group":0,"term_taxonomy_id":29,"taxonomy":"cartflows_flow_type","description":"","parent":0,"count":20,"filter":"raw","term_order":"0"}]},{"ID":20029,"title":"Photoshop Tutorial","type":"pro","featured_image_url":"https:\/\/templates.cartflows.com\/madxartwork\/wp-content\/uploads\/sites\/2\/2020\/07\/learn-photoshop-optin.jpg","thumbnail_image_url":"https:\/\/templates.cartflows.com\/madxartwork\/wp-content\/uploads\/sites\/2\/2020\/07\/learn-photoshop-optin-194x800.jpg","category":["sales-funnel","tripwire-funnel"],"page_builder":"madxartwork","steps":[{"ID":20031,"title":"Learn Photoshop","type":"optin","featured_image_url":"https:\/\/templates.cartflows.com\/madxartwork\/wp-content\/uploads\/sites\/2\/2020\/07\/learn-photoshop-optin.jpg","thumbnail_image_url":"https:\/\/templates.cartflows.com\/madxartwork\/wp-content\/uploads\/sites\/2\/2020\/07\/learn-photoshop-optin-194x800.jpg","link":"https:\/\/templates.cartflows.com\/madxartwork\/learn-photoshop\/"},{"ID":20048,"title":"Learn Photoshop Checkout","type":"checkout","featured_image_url":"https:\/\/templates.cartflows.com\/madxartwork\/wp-content\/uploads\/sites\/2\/2020\/07\/learn-photoshop-checkout-1.jpg","thumbnail_image_url":"https:\/\/templates.cartflows.com\/madxartwork\/wp-content\/uploads\/sites\/2\/2020\/07\/learn-photoshop-checkout-1-194x800.jpg","link":"https:\/\/templates.cartflows.com\/madxartwork\/learn-photoshop-checkout\/"},{"ID":20067,"title":"Learn Photoshop Upsell","type":"upsell","featured_image_url":"https:\/\/templates.cartflows.com\/madxartwork\/wp-content\/uploads\/sites\/2\/2020\/07\/learn-photoshop-upsell.jpg","thumbnail_image_url":"https:\/\/templates.cartflows.com\/madxartwork\/wp-content\/uploads\/sites\/2\/2020\/07\/learn-photoshop-upsell-600x704.jpg","link":"https:\/\/templates.cartflows.com\/madxartwork\/learn-photoshop-upsell\/"},{"ID":20070,"title":"Learn Photoshop Thank You","type":"thankyou","featured_image_url":"https:\/\/templates.cartflows.com\/madxartwork\/wp-content\/uploads\/sites\/2\/2020\/07\/learn-photoshop-thankyou.jpg","thumbnail_image_url":"https:\/\/templates.cartflows.com\/madxartwork\/wp-content\/uploads\/sites\/2\/2020\/07\/learn-photoshop-thankyou-600x502.jpg","link":"https:\/\/templates.cartflows.com\/madxartwork\/learn-photoshop-thank-you-2\/"}],"cartflows_flow_page_builder":[{"term_id":16,"name":"madxartwork","slug":"madxartwork","term_group":0,"term_taxonomy_id":16,"taxonomy":"cartflows_flow_page_builder","description":"","parent":0,"count":36,"filter":"raw","term_order":"0"}],"cartflows_flow_category":[{"term_id":30,"name":"Sales Funnel","slug":"sales-funnel","term_group":0,"term_taxonomy_id":30,"taxonomy":"cartflows_flow_category","description":"","parent":0,"count":15,"filter":"raw","term_order":"0"},{"term_id":35,"name":"Tripwire Funnel","slug":"tripwire-funnel","term_group":0,"term_taxonomy_id":35,"taxonomy":"cartflows_flow_category","description":"","parent":0,"count":1,"filter":"raw","term_order":"0"}],"cartflows_flow_type":[{"term_id":29,"name":"Pro","slug":"pro","term_group":0,"term_taxonomy_id":29,"taxonomy":"cartflows_flow_type","description":"","parent":0,"count":20,"filter":"raw","term_order":"0"}]},{"ID":20005,"title":"Digital Marketing Guide","type":"free","featured_image_url":"https:\/\/templates.cartflows.com\/madxartwork\/wp-content\/uploads\/sites\/2\/2020\/07\/digital-marketing-checkout-2.jpg","thumbnail_image_url":"https:\/\/templates.cartflows.com\/madxartwork\/wp-content\/uploads\/sites\/2\/2020\/07\/digital-marketing-checkout-2-235x800.jpg","category":["product-landing"],"page_builder":"madxartwork","steps":[{"ID":20007,"title":"Digital Marketing Checkout","type":"checkout","featured_image_url":"https:\/\/templates.cartflows.com\/madxartwork\/wp-content\/uploads\/sites\/2\/2020\/07\/digital-marketing-checkout-2.jpg","thumbnail_image_url":"https:\/\/templates.cartflows.com\/madxartwork\/wp-content\/uploads\/sites\/2\/2020\/07\/digital-marketing-checkout-2-235x800.jpg","link":"https:\/\/templates.cartflows.com\/madxartwork\/digital-marketing-checkout\/"},{"ID":20025,"title":"Digital Marketing Thank You","type":"thankyou","featured_image_url":"https:\/\/templates.cartflows.com\/madxartwork\/wp-content\/uploads\/sites\/2\/2020\/07\/digital-marketing-thankyou.jpg","thumbnail_image_url":"https:\/\/templates.cartflows.com\/madxartwork\/wp-content\/uploads\/sites\/2\/2020\/07\/digital-marketing-thankyou-600x630.jpg","link":"https:\/\/templates.cartflows.com\/madxartwork\/digital-marketing-thank-you\/"}],"cartflows_flow_page_builder":[{"term_id":16,"name":"madxartwork","slug":"madxartwork","term_group":0,"term_taxonomy_id":16,"taxonomy":"cartflows_flow_page_builder","description":"","parent":0,"count":36,"filter":"raw","term_order":"0"}],"cartflows_flow_category":[{"term_id":28,"name":"Product Landing","slug":"product-landing","term_group":0,"term_taxonomy_id":28,"taxonomy":"cartflows_flow_category","description":"","parent":0,"count":17,"filter":"raw","term_order":"0"}],"cartflows_flow_type":[{"term_id":27,"name":"Free","slug":"free","term_group":0,"term_taxonomy_id":27,"taxonomy":"cartflows_flow_type","description":"","parent":0,"count":16,"filter":"raw","term_order":"0"}]}]