{"title":"Repeater Fields","version":"1.9.21","widgets":{"p56514416":{"type":"column","settings":{"next_prev_multi_step_form_action":"next","multi_step_form_animation_animate":"fadeIn","piotnetforms_conditional_logic_form_speed_new":"400","piotnetforms_conditional_logic_form_easing_new":"swing","conditional_visibility_roles":["all"],"conditional_visibility_date_and_time_operators":"or","conditional_visibility_action_for_date_and_time":"show","conditional_visibility_action":"show","advanced_padding_responsive_desktop":{"unit":"px","top":"15","right":"5","bottom":"5","left":"5","isLinked":""},"advanced_border_normal_style":"solid","advanced_border_normal_color_responsive_desktop":"rgba(230, 230, 230, 1)","advanced_border_normal_width_responsive_desktop":{"unit":"px","top":"1","right":"1","bottom":"1","left":"1","isLinked":"1"}}},"p15511361":{"type":"section","settings":{"section_content_width_type":"boxed","section_content_width_responsive_desktop":{"unit":"px","size":"1140"},"section_content_width_responsive_tablet":{"unit":"px","size":"1140"},"section_content_width_responsive_mobile":{"unit":"px","size":"1140"},"piotnetforms_repeater_form_id":"22736","next_prev_multi_step_form_action":"next","multi_step_form_animation_animate":"fadeIn","piotnetforms_conditional_logic_form_form_id":"22736","piotnetforms_conditional_logic_form_speed_new":"400","piotnetforms_conditional_logic_form_easing_new":"swing","conditional_visibility_roles":["all"],"conditional_visibility_date_and_time_operators":"or","conditional_visibility_action_for_date_and_time":"show","conditional_visibility_action":"show","piotnetforms_repeater_enable":"yes","piotnetforms_repeater_id":"repeater_pizza","piotnetforms_repeater_label":"Repeater Pizza","advanced_margin_responsive_desktop":{"unit":"px","top":"0","right":"0","bottom":"10","left":"0","isLinked":""}}},"p64011414":{"type":"field","settings":{"field_type":"image_select","field_id":"pizza_type","form_id":"22736","msg_repassword_err":"Password don't match","country":"All","google_maps_lat":"21.028511","google_maps_lng":"105.804817","google_maps_zoom":{"unit":"px","size":"15"},"google_maps_height_responsive_desktop":{"unit":"px","size":"200"},"google_maps_height_responsive_tablet":{"unit":"px","size":"200"},"google_maps_height_responsive_mobile":{"unit":"px","size":"200"},"signature_clear_text":"Clear","signature_max_width_responsive_desktop":{"unit":"px","size":"400"},"signature_max_width_responsive_tablet":{"unit":"px","size":"400"},"signature_max_width_responsive_mobile":{"unit":"px","size":"400"},"signature_height_responsive_desktop":{"unit":"px","size":"200"},"signature_height_responsive_tablet":{"unit":"px","size":"200"},"signature_height_responsive_mobile":{"unit":"px","size":"200"},"field_label_show":"true","field_label_inline_width_responsive_desktop":{"unit":"%","size":"10"},"field_label_inline_width_responsive_tablet":{"unit":"%","size":"10"},"field_label_inline_width_responsive_mobile":{"unit":"%","size":"10"},"piotnetforms_style_checkbox_type":"native","stripe_font_size":{"unit":"px","size":"16"},"stripe_custom_style":"{\"base\":{\"color\":\"#303238\",\"fontSize\":\"16px\",\"fontFamily\":\"\\\"Open Sans\\\", sans-serif\",\"fontSmoothing\":\"antialiased\",\"::placeholder\":{\"color\":\"#CFD7DF\"}},\"invalid\":{\"color\":\"#e5424d\",\":focus\":{\"color\":\"#303238\"}}}","field_taxonomy_slug":"category","terms_select_type":"select","file_sizes":"1","file_sizes_message":"File size must be less than 1MB","file_types_message":"Please enter a value with a valid mimetype.","rows":"4","min_select_required_message":"Please select the minimum number of images.","recaptcha_size":"normal","recaptcha_style":"light","date_format":"F j, Y","date_language":"english","time_format":"h:i K","time_minute_increment":"5","piotnetforms_range_slider_field_options":"skin: \"round\", type: \"double\", grid: true, min: 0, max: 1000, from: 200, to: 800, prefix: \"$\"","piotnetforms_calculated_fields_form_distance_calculation_unit":"km","piotnetforms_calculated_fields_form_calculation_rounding_decimals":"2","piotnetforms_calculated_fields_form_calculation_rounding_decimals_decimals_symbol":".","piotnetforms_calculated_fields_form_calculation_rounding_decimals_seperators_symbol":",","field_pattern":"[0-9()#&+*-=.]+","iban_invalid_message":"This BBAN is invalid.","field_autocomplete":"true","shortcode":"[field id=\"p64011414\"]","live_preview_code":"<span data-piotnetforms-live-preview=\"p64011414\"><\/span>","live_preview_image_width":"150","live_preview_image_height":"150","field_icon_type":"font_awesome","piotnetforms_conditional_logic_form_speed":"400","piotnetforms_conditional_logic_form_easing":"swing","piotnetforms_style_checkbox_button_icon_position":"relative","piotnetforms_style_checkbox_button_icon_position_absolute_top_responsive_desktop":"auto","piotnetforms_style_checkbox_button_icon_position_absolute_top_responsive_tablet":"auto","piotnetforms_style_checkbox_button_icon_position_absolute_top_responsive_mobile":"auto","piotnetforms_style_checkbox_button_icon_position_absolute_right_responsive_desktop":"auto","piotnetforms_style_checkbox_button_icon_position_absolute_right_responsive_tablet":"auto","piotnetforms_style_checkbox_button_icon_position_absolute_right_responsive_mobile":"auto","piotnetforms_style_checkbox_button_icon_position_absolute_bottom_responsive_desktop":"auto","piotnetforms_style_checkbox_button_icon_position_absolute_bottom_responsive_tablet":"auto","piotnetforms_style_checkbox_button_icon_position_absolute_bottom_responsive_mobile":"auto","piotnetforms_style_checkbox_button_icon_position_absolute_left_responsive_desktop":"auto","piotnetforms_style_checkbox_button_icon_position_absolute_left_responsive_tablet":"auto","piotnetforms_style_checkbox_button_icon_position_absolute_left_responsive_mobile":"auto","piotnetforms_style_checkbox_item_width_type":"auto","piotnetforms_style_checkbox_replacement_icon_type":"font_awesome","piotnetforms_style_checkbox_square_size_responsive_desktop":{"unit":"px","size":"18"},"piotnetforms_style_checkbox_square_size_responsive_tablet":{"unit":"px","size":"18"},"piotnetforms_style_checkbox_square_size_responsive_mobile":{"unit":"px","size":"18"},"piotnetforms_style_checkbox_square_border_width":{"unit":"px","size":"1"},"piotnetforms_style_checkbox_square_border_color":"#000000","piotnetforms_style_checkbox_square_background_color":"#000000","piotnetforms_style_checkbox_square_spacing_responsive_desktop":{"unit":"px","size":"30"},"piotnetforms_style_checkbox_square_spacing_responsive_tablet":{"unit":"px","size":"30"},"piotnetforms_style_checkbox_square_spacing_responsive_mobile":{"unit":"px","size":"30"},"piotnetforms_style_spiner_width_responsive_desktop":{"unit":"px","size":"32"},"piotnetforms_style_spiner_width_responsive_tablet":{"unit":"px","size":"32"},"piotnetforms_style_spiner_width_responsive_mobile":{"unit":"px","size":"32"},"piotnetforms_style_spiner_height_responsive_desktop":{"unit":"px","size":"32"},"piotnetforms_style_spiner_height_responsive_tablet":{"unit":"px","size":"32"},"piotnetforms_style_spiner_height_responsive_mobile":{"unit":"px","size":"32"},"piotnetforms_style_spiner_input_width_responsive_desktop":{"unit":"px","size":"20"},"piotnetforms_style_spiner_input_width_responsive_tablet":{"unit":"px","size":"20"},"piotnetforms_style_spiner_input_width_responsive_mobile":{"unit":"px","size":"20"},"piotnetforms_image_select_field_item_width_responsive_desktop":"25","piotnetforms_image_select_field_item_width_responsive_tablet":"25","piotnetforms_image_select_field_item_width_responsive_mobile":"50","piotnetforms_image_select_field_item_spacing_responsive_desktop":{"unit":"px","size":"10"},"piotnetforms_image_select_field_item_spacing_responsive_tablet":{"unit":"px","size":"10"},"piotnetforms_image_select_field_item_spacing_responsive_mobile":{"unit":"px","size":"10"},"label_animation_focus_spacing_responsive_desktop":{"unit":"px","size":"24"},"label_animation_focus_spacing_responsive_tablet":{"unit":"px","size":"24"},"label_animation_focus_spacing_responsive_mobile":{"unit":"px","size":"24"},"piotnetforms_repeater_trigger_action":"add","next_prev_multi_step_form_action":"next","multi_step_form_animation_animate":"fadeIn","conditional_visibility_roles":["all"],"conditional_visibility_date_and_time_operators":"or","conditional_visibility_action_for_date_and_time":"show","conditional_visibility_action":"show","width":"100","field_label":"Pizza Type","field_options":"Pizza 1 $10|10\nPizza 2 $20|20\nPizza 3 $30|30\nPizza 4 $40|40","send_data_by_label":"true","piotnetforms_image_select_field_gallery":[{"id":"492","url":"https:\/\/piotnetforms.com\/wp-content\/uploads\/2020\/07\/pizza.jpg"},{"id":"490","url":"https:\/\/piotnetforms.com\/wp-content\/uploads\/2020\/07\/pizza3.jpg"},{"id":"491","url":"https:\/\/piotnetforms.com\/wp-content\/uploads\/2020\/07\/pizza2.jpg"},{"id":"489","url":"https:\/\/piotnetforms.com\/wp-content\/uploads\/2020\/07\/pizza4.jpg"}],"piotnetforms_image_select_field_item_border_radius_responsive_desktop":{"unit":"px","top":"8","right":"8","bottom":"8","left":"8","isLinked":"1"},"piotnetforms_image_select_field_image_border_radius_responsive_desktop":{"unit":"px","top":"8","right":"8","bottom":"0","left":"0","isLinked":""},"piotnetforms_image_select_field_label_padding_responsive_desktop":{"unit":"px","top":"10","right":"10","bottom":"10","left":"10","isLinked":"1"}}},"p54551885":{"type":"field","settings":{"field_type":"select","field_id":"pizza_size","form_id":"22736","msg_repassword_err":"Password don't match","country":"All","google_maps_lat":"21.028511","google_maps_lng":"105.804817","google_maps_zoom":{"unit":"px","size":"15"},"google_maps_height_responsive_desktop":{"unit":"px","size":"200"},"google_maps_height_responsive_tablet":{"unit":"px","size":"200"},"google_maps_height_responsive_mobile":{"unit":"px","size":"200"},"signature_clear_text":"Clear","signature_max_width_responsive_desktop":{"unit":"px","size":"400"},"signature_max_width_responsive_tablet":{"unit":"px","size":"400"},"signature_max_width_responsive_mobile":{"unit":"px","size":"400"},"signature_height_responsive_desktop":{"unit":"px","size":"200"},"signature_height_responsive_tablet":{"unit":"px","size":"200"},"signature_height_responsive_mobile":{"unit":"px","size":"200"},"field_label_show":"true","field_label_inline_width_responsive_desktop":{"unit":"%","size":"10"},"field_label_inline_width_responsive_tablet":{"unit":"%","size":"10"},"field_label_inline_width_responsive_mobile":{"unit":"%","size":"10"},"piotnetforms_style_checkbox_type":"native","stripe_font_size":{"unit":"px","size":"16"},"stripe_custom_style":"{\"base\":{\"color\":\"#303238\",\"fontSize\":\"16px\",\"fontFamily\":\"\\\"Open Sans\\\", sans-serif\",\"fontSmoothing\":\"antialiased\",\"::placeholder\":{\"color\":\"#CFD7DF\"}},\"invalid\":{\"color\":\"#e5424d\",\":focus\":{\"color\":\"#303238\"}}}","field_taxonomy_slug":"category","terms_select_type":"select","file_sizes":"1","file_sizes_message":"File size must be less than 1MB","file_types_message":"Please enter a value with a valid mimetype.","rows":"4","min_select_required_message":"Please select the minimum number of images.","recaptcha_size":"normal","recaptcha_style":"light","date_format":"F j, Y","date_language":"english","time_format":"h:i K","time_minute_increment":"5","piotnetforms_range_slider_field_options":"skin: \"round\", type: \"double\", grid: true, min: 0, max: 1000, from: 200, to: 800, prefix: \"$\"","piotnetforms_calculated_fields_form_distance_calculation_unit":"km","piotnetforms_calculated_fields_form_calculation_rounding_decimals":"2","piotnetforms_calculated_fields_form_calculation_rounding_decimals_decimals_symbol":".","piotnetforms_calculated_fields_form_calculation_rounding_decimals_seperators_symbol":",","field_pattern":"[0-9()#&+*-=.]+","iban_invalid_message":"This BBAN is invalid.","field_autocomplete":"true","shortcode":"[field id=\"p54551885\"]","live_preview_code":"<span data-piotnetforms-live-preview=\"p54551885\"><\/span>","live_preview_image_width":"150","live_preview_image_height":"150","field_icon_type":"font_awesome","piotnetforms_conditional_logic_form_speed":"400","piotnetforms_conditional_logic_form_easing":"swing","piotnetforms_style_checkbox_button_icon_position":"relative","piotnetforms_style_checkbox_button_icon_position_absolute_top_responsive_desktop":"auto","piotnetforms_style_checkbox_button_icon_position_absolute_top_responsive_tablet":"auto","piotnetforms_style_checkbox_button_icon_position_absolute_top_responsive_mobile":"auto","piotnetforms_style_checkbox_button_icon_position_absolute_right_responsive_desktop":"auto","piotnetforms_style_checkbox_button_icon_position_absolute_right_responsive_tablet":"auto","piotnetforms_style_checkbox_button_icon_position_absolute_right_responsive_mobile":"auto","piotnetforms_style_checkbox_button_icon_position_absolute_bottom_responsive_desktop":"auto","piotnetforms_style_checkbox_button_icon_position_absolute_bottom_responsive_tablet":"auto","piotnetforms_style_checkbox_button_icon_position_absolute_bottom_responsive_mobile":"auto","piotnetforms_style_checkbox_button_icon_position_absolute_left_responsive_desktop":"auto","piotnetforms_style_checkbox_button_icon_position_absolute_left_responsive_tablet":"auto","piotnetforms_style_checkbox_button_icon_position_absolute_left_responsive_mobile":"auto","piotnetforms_style_checkbox_item_width_type":"auto","piotnetforms_style_checkbox_replacement_icon_type":"font_awesome","piotnetforms_style_checkbox_square_size_responsive_desktop":{"unit":"px","size":"18"},"piotnetforms_style_checkbox_square_size_responsive_tablet":{"unit":"px","size":"18"},"piotnetforms_style_checkbox_square_size_responsive_mobile":{"unit":"px","size":"18"},"piotnetforms_style_checkbox_square_border_width":{"unit":"px","size":"1"},"piotnetforms_style_checkbox_square_border_color":"#000000","piotnetforms_style_checkbox_square_background_color":"#000000","piotnetforms_style_checkbox_square_spacing_responsive_desktop":{"unit":"px","size":"30"},"piotnetforms_style_checkbox_square_spacing_responsive_tablet":{"unit":"px","size":"30"},"piotnetforms_style_checkbox_square_spacing_responsive_mobile":{"unit":"px","size":"30"},"piotnetforms_style_spiner_width_responsive_desktop":{"unit":"px","size":"32"},"piotnetforms_style_spiner_width_responsive_tablet":{"unit":"px","size":"32"},"piotnetforms_style_spiner_width_responsive_mobile":{"unit":"px","size":"32"},"piotnetforms_style_spiner_height_responsive_desktop":{"unit":"px","size":"32"},"piotnetforms_style_spiner_height_responsive_tablet":{"unit":"px","size":"32"},"piotnetforms_style_spiner_height_responsive_mobile":{"unit":"px","size":"32"},"piotnetforms_style_spiner_input_width_responsive_desktop":{"unit":"px","size":"20"},"piotnetforms_style_spiner_input_width_responsive_tablet":{"unit":"px","size":"20"},"piotnetforms_style_spiner_input_width_responsive_mobile":{"unit":"px","size":"20"},"piotnetforms_image_select_field_item_width_responsive_desktop":"25","piotnetforms_image_select_field_item_width_responsive_tablet":"25","piotnetforms_image_select_field_item_width_responsive_mobile":"25","piotnetforms_image_select_field_item_spacing_responsive_desktop":{"unit":"px","size":"10"},"piotnetforms_image_select_field_item_spacing_responsive_tablet":{"unit":"px","size":"10"},"piotnetforms_image_select_field_item_spacing_responsive_mobile":{"unit":"px","size":"10"},"label_animation_focus_spacing_responsive_desktop":{"unit":"px","size":"24"},"label_animation_focus_spacing_responsive_tablet":{"unit":"px","size":"24"},"label_animation_focus_spacing_responsive_mobile":{"unit":"px","size":"24"},"piotnetforms_repeater_trigger_action":"add","next_prev_multi_step_form_action":"next","multi_step_form_animation_animate":"fadeIn","conditional_visibility_roles":["all"],"conditional_visibility_date_and_time_operators":"or","conditional_visibility_action_for_date_and_time":"show","conditional_visibility_action":"show","width":"100","field_label":"Pizza Size","field_options":"M|0\nL + $5|5\nXL + $10|10\nXXL + $15|15","input_padding_responsive_desktop":{"unit":"px","top":"10","right":"15","bottom":"10","left":"15","isLinked":""},"field_border_radius_responsive_desktop":{"unit":"px","top":"8","right":"8","bottom":"8","left":"8","isLinked":"1"},"advanced_width_responsive_desktop":"34","advanced_width_responsive_mobile":"100","field_border_type":"solid","field_border_width_responsive_desktop":{"unit":"px","top":"1","right":"1","bottom":"1","left":"1","isLinked":"1"},"field_border_color":"rgba(212, 212, 212, 1)"}},"p61134659":{"type":"field","settings":{"field_type":"calculated_fields","field_id":"pizza_price","form_id":"22736","msg_repassword_err":"Password don't match","country":"All","google_maps_lat":"21.028511","google_maps_lng":"105.804817","google_maps_zoom":{"unit":"px","size":"15"},"google_maps_height_responsive_desktop":{"unit":"px","size":"200"},"google_maps_height_responsive_tablet":{"unit":"px","size":"200"},"google_maps_height_responsive_mobile":{"unit":"px","size":"200"},"signature_clear_text":"Clear","signature_max_width_responsive_desktop":{"unit":"px","size":"400"},"signature_max_width_responsive_tablet":{"unit":"px","size":"400"},"signature_max_width_responsive_mobile":{"unit":"px","size":"400"},"signature_height_responsive_desktop":{"unit":"px","size":"200"},"signature_height_responsive_tablet":{"unit":"px","size":"200"},"signature_height_responsive_mobile":{"unit":"px","size":"200"},"field_label_show":"true","field_label_inline_width_responsive_desktop":{"unit":"%","size":"10"},"field_label_inline_width_responsive_tablet":{"unit":"%","size":"10"},"field_label_inline_width_responsive_mobile":{"unit":"%","size":"10"},"piotnetforms_style_checkbox_type":"native","stripe_font_size":{"unit":"px","size":"16"},"stripe_custom_style":"{\"base\":{\"color\":\"#303238\",\"fontSize\":\"16px\",\"fontFamily\":\"\\\"Open Sans\\\", sans-serif\",\"fontSmoothing\":\"antialiased\",\"::placeholder\":{\"color\":\"#CFD7DF\"}},\"invalid\":{\"color\":\"#e5424d\",\":focus\":{\"color\":\"#303238\"}}}","field_taxonomy_slug":"category","terms_select_type":"select","file_sizes":"1","file_sizes_message":"File size must be less than 1MB","file_types_message":"Please enter a value with a valid mimetype.","rows":"4","min_select_required_message":"Please select the minimum number of images.","recaptcha_size":"normal","recaptcha_style":"light","date_format":"F j, Y","date_language":"english","time_format":"h:i K","time_minute_increment":"5","piotnetforms_range_slider_field_options":"skin: \"round\", type: \"double\", grid: true, min: 0, max: 1000, from: 200, to: 800, prefix: \"$\"","piotnetforms_calculated_fields_form_distance_calculation_unit":"km","piotnetforms_calculated_fields_form_calculation_rounding_decimals":"2","piotnetforms_calculated_fields_form_calculation_rounding_decimals_decimals_symbol":".","piotnetforms_calculated_fields_form_calculation_rounding_decimals_seperators_symbol":",","field_pattern":"[0-9()#&+*-=.]+","iban_invalid_message":"This BBAN is invalid.","field_autocomplete":"true","shortcode":"[field id=\"p61134659\"]","live_preview_code":"<span data-piotnetforms-live-preview=\"p61134659\"><\/span>","live_preview_image_width":"150","live_preview_image_height":"150","field_icon_type":"font_awesome","piotnetforms_conditional_logic_form_speed":"400","piotnetforms_conditional_logic_form_easing":"swing","piotnetforms_style_checkbox_button_icon_position":"relative","piotnetforms_style_checkbox_button_icon_position_absolute_top_responsive_desktop":"auto","piotnetforms_style_checkbox_button_icon_position_absolute_top_responsive_tablet":"auto","piotnetforms_style_checkbox_button_icon_position_absolute_top_responsive_mobile":"auto","piotnetforms_style_checkbox_button_icon_position_absolute_right_responsive_desktop":"auto","piotnetforms_style_checkbox_button_icon_position_absolute_right_responsive_tablet":"auto","piotnetforms_style_checkbox_button_icon_position_absolute_right_responsive_mobile":"auto","piotnetforms_style_checkbox_button_icon_position_absolute_bottom_responsive_desktop":"auto","piotnetforms_style_checkbox_button_icon_position_absolute_bottom_responsive_tablet":"auto","piotnetforms_style_checkbox_button_icon_position_absolute_bottom_responsive_mobile":"auto","piotnetforms_style_checkbox_button_icon_position_absolute_left_responsive_desktop":"auto","piotnetforms_style_checkbox_button_icon_position_absolute_left_responsive_tablet":"auto","piotnetforms_style_checkbox_button_icon_position_absolute_left_responsive_mobile":"auto","piotnetforms_style_checkbox_item_width_type":"auto","piotnetforms_style_checkbox_replacement_icon_type":"font_awesome","piotnetforms_style_checkbox_square_size_responsive_desktop":{"unit":"px","size":"18"},"piotnetforms_style_checkbox_square_size_responsive_tablet":{"unit":"px","size":"18"},"piotnetforms_style_checkbox_square_size_responsive_mobile":{"unit":"px","size":"18"},"piotnetforms_style_checkbox_square_border_width":{"unit":"px","size":"1"},"piotnetforms_style_checkbox_square_border_color":"#000000","piotnetforms_style_checkbox_square_background_color":"#000000","piotnetforms_style_checkbox_square_spacing_responsive_desktop":{"unit":"px","size":"30"},"piotnetforms_style_checkbox_square_spacing_responsive_tablet":{"unit":"px","size":"30"},"piotnetforms_style_checkbox_square_spacing_responsive_mobile":{"unit":"px","size":"30"},"piotnetforms_style_spiner_width_responsive_desktop":{"unit":"px","size":"32"},"piotnetforms_style_spiner_width_responsive_tablet":{"unit":"px","size":"32"},"piotnetforms_style_spiner_width_responsive_mobile":{"unit":"px","size":"32"},"piotnetforms_style_spiner_height_responsive_desktop":{"unit":"px","size":"32"},"piotnetforms_style_spiner_height_responsive_tablet":{"unit":"px","size":"32"},"piotnetforms_style_spiner_height_responsive_mobile":{"unit":"px","size":"32"},"piotnetforms_style_spiner_input_width_responsive_desktop":{"unit":"px","size":"20"},"piotnetforms_style_spiner_input_width_responsive_tablet":{"unit":"px","size":"20"},"piotnetforms_style_spiner_input_width_responsive_mobile":{"unit":"px","size":"20"},"piotnetforms_image_select_field_item_width_responsive_desktop":"25","piotnetforms_image_select_field_item_width_responsive_tablet":"25","piotnetforms_image_select_field_item_width_responsive_mobile":"25","piotnetforms_image_select_field_item_spacing_responsive_desktop":{"unit":"px","size":"10"},"piotnetforms_image_select_field_item_spacing_responsive_tablet":{"unit":"px","size":"10"},"piotnetforms_image_select_field_item_spacing_responsive_mobile":{"unit":"px","size":"10"},"label_animation_focus_spacing_responsive_desktop":{"unit":"px","size":"24"},"label_animation_focus_spacing_responsive_tablet":{"unit":"px","size":"24"},"label_animation_focus_spacing_responsive_mobile":{"unit":"px","size":"24"},"piotnetforms_repeater_trigger_action":"add","next_prev_multi_step_form_action":"next","multi_step_form_animation_animate":"fadeIn","conditional_visibility_roles":["all"],"conditional_visibility_date_and_time_operators":"or","conditional_visibility_action_for_date_and_time":"show","conditional_visibility_action":"show","width":"100","field_label":"Pizza Price","piotnetforms_calculated_fields_form_calculation":"[field id=\"pizza_type\"]*[field id=\"pizza_quantity\"]+[field id=\"pizza_size\"]*[field id=\"pizza_quantity\"]","piotnetforms_calculated_fields_form_before":"$","advanced_width_responsive_desktop":"33","calculated_fields_typography_font_size_responsive_desktop":{"unit":"px","size":"22"},"advanced_width_responsive_mobile":"100"}},"p41026512":{"type":"field","settings":{"field_type":"number","field_id":"pizza_quantity","form_id":"22736","msg_repassword_err":"Password don't match","country":"All","google_maps_lat":"21.028511","google_maps_lng":"105.804817","google_maps_zoom":{"unit":"px","size":"15"},"google_maps_height_responsive_desktop":{"unit":"px","size":"200"},"google_maps_height_responsive_tablet":{"unit":"px","size":"200"},"google_maps_height_responsive_mobile":{"unit":"px","size":"200"},"signature_clear_text":"Clear","signature_max_width_responsive_desktop":{"unit":"px","size":"400"},"signature_max_width_responsive_tablet":{"unit":"px","size":"400"},"signature_max_width_responsive_mobile":{"unit":"px","size":"400"},"signature_height_responsive_desktop":{"unit":"px","size":"200"},"signature_height_responsive_tablet":{"unit":"px","size":"200"},"signature_height_responsive_mobile":{"unit":"px","size":"200"},"field_label_show":"true","field_label_inline_width_responsive_desktop":{"unit":"%","size":"10"},"field_label_inline_width_responsive_tablet":{"unit":"%","size":"10"},"field_label_inline_width_responsive_mobile":{"unit":"%","size":"10"},"piotnetforms_style_checkbox_type":"native","stripe_font_size":{"unit":"px","size":"16"},"stripe_custom_style":"{\"base\":{\"color\":\"#303238\",\"fontSize\":\"16px\",\"fontFamily\":\"\\\"Open Sans\\\", sans-serif\",\"fontSmoothing\":\"antialiased\",\"::placeholder\":{\"color\":\"#CFD7DF\"}},\"invalid\":{\"color\":\"#e5424d\",\":focus\":{\"color\":\"#303238\"}}}","field_taxonomy_slug":"category","terms_select_type":"select","file_sizes":"1","file_sizes_message":"File size must be less than 1MB","file_types_message":"Please enter a value with a valid mimetype.","rows":"4","min_select_required_message":"Please select the minimum number of images.","recaptcha_size":"normal","recaptcha_style":"light","date_format":"F j, Y","date_language":"english","time_format":"h:i K","time_minute_increment":"5","piotnetforms_range_slider_field_options":"skin: \"round\", type: \"double\", grid: true, min: 0, max: 1000, from: 200, to: 800, prefix: \"$\"","piotnetforms_calculated_fields_form_distance_calculation_unit":"km","piotnetforms_calculated_fields_form_calculation_rounding_decimals":"2","piotnetforms_calculated_fields_form_calculation_rounding_decimals_decimals_symbol":".","piotnetforms_calculated_fields_form_calculation_rounding_decimals_seperators_symbol":",","field_pattern":"[0-9()#&+*-=.]+","iban_invalid_message":"This BBAN is invalid.","field_autocomplete":"true","shortcode":"[field id=\"p41026512\"]","live_preview_code":"<span data-piotnetforms-live-preview=\"p41026512\"><\/span>","live_preview_image_width":"150","live_preview_image_height":"150","field_icon_type":"font_awesome","piotnetforms_conditional_logic_form_speed":"400","piotnetforms_conditional_logic_form_easing":"swing","piotnetforms_style_checkbox_button_icon_position":"relative","piotnetforms_style_checkbox_button_icon_position_absolute_top_responsive_desktop":"auto","piotnetforms_style_checkbox_button_icon_position_absolute_top_responsive_tablet":"auto","piotnetforms_style_checkbox_button_icon_position_absolute_top_responsive_mobile":"auto","piotnetforms_style_checkbox_button_icon_position_absolute_right_responsive_desktop":"auto","piotnetforms_style_checkbox_button_icon_position_absolute_right_responsive_tablet":"auto","piotnetforms_style_checkbox_button_icon_position_absolute_right_responsive_mobile":"auto","piotnetforms_style_checkbox_button_icon_position_absolute_bottom_responsive_desktop":"auto","piotnetforms_style_checkbox_button_icon_position_absolute_bottom_responsive_tablet":"auto","piotnetforms_style_checkbox_button_icon_position_absolute_bottom_responsive_mobile":"auto","piotnetforms_style_checkbox_button_icon_position_absolute_left_responsive_desktop":"auto","piotnetforms_style_checkbox_button_icon_position_absolute_left_responsive_tablet":"auto","piotnetforms_style_checkbox_button_icon_position_absolute_left_responsive_mobile":"auto","piotnetforms_style_checkbox_item_width_type":"auto","piotnetforms_style_checkbox_replacement_icon_type":"font_awesome","piotnetforms_style_checkbox_square_size_responsive_desktop":{"unit":"px","size":"18"},"piotnetforms_style_checkbox_square_size_responsive_tablet":{"unit":"px","size":"18"},"piotnetforms_style_checkbox_square_size_responsive_mobile":{"unit":"px","size":"18"},"piotnetforms_style_checkbox_square_border_width":{"unit":"px","size":"1"},"piotnetforms_style_checkbox_square_border_color":"#000000","piotnetforms_style_checkbox_square_background_color":"#000000","piotnetforms_style_checkbox_square_spacing_responsive_desktop":{"unit":"px","size":"30"},"piotnetforms_style_checkbox_square_spacing_responsive_tablet":{"unit":"px","size":"30"},"piotnetforms_style_checkbox_square_spacing_responsive_mobile":{"unit":"px","size":"30"},"piotnetforms_style_spiner_width_responsive_desktop":{"unit":"px","size":"32"},"piotnetforms_style_spiner_width_responsive_tablet":{"unit":"px","size":"32"},"piotnetforms_style_spiner_width_responsive_mobile":{"unit":"px","size":"32"},"piotnetforms_style_spiner_height_responsive_desktop":{"unit":"px","size":"32"},"piotnetforms_style_spiner_height_responsive_tablet":{"unit":"px","size":"32"},"piotnetforms_style_spiner_height_responsive_mobile":{"unit":"px","size":"32"},"piotnetforms_style_spiner_input_width_responsive_desktop":{"unit":"px","size":"20"},"piotnetforms_style_spiner_input_width_responsive_tablet":{"unit":"px","size":"20"},"piotnetforms_style_spiner_input_width_responsive_mobile":{"unit":"px","size":"20"},"piotnetforms_image_select_field_item_width_responsive_desktop":"25","piotnetforms_image_select_field_item_width_responsive_tablet":"25","piotnetforms_image_select_field_item_width_responsive_mobile":"25","piotnetforms_image_select_field_item_spacing_responsive_desktop":{"unit":"px","size":"10"},"piotnetforms_image_select_field_item_spacing_responsive_tablet":{"unit":"px","size":"10"},"piotnetforms_image_select_field_item_spacing_responsive_mobile":{"unit":"px","size":"10"},"label_animation_focus_spacing_responsive_desktop":{"unit":"px","size":"24"},"label_animation_focus_spacing_responsive_tablet":{"unit":"px","size":"24"},"label_animation_focus_spacing_responsive_mobile":{"unit":"px","size":"24"},"piotnetforms_repeater_trigger_action":"add","next_prev_multi_step_form_action":"next","multi_step_form_animation_animate":"fadeIn","conditional_visibility_roles":["all"],"conditional_visibility_date_and_time_operators":"or","conditional_visibility_action_for_date_and_time":"show","conditional_visibility_action":"show","width":"100","advanced_width_responsive_desktop":"32","field_label":"Pizza Quantity","number_spiner":"true","field_min":"0","field_value":"0"}},"p66141846":{"type":"column","settings":{"next_prev_multi_step_form_action":"next","multi_step_form_animation_animate":"fadeIn","piotnetforms_conditional_logic_form_speed_new":"400","piotnetforms_conditional_logic_form_easing_new":"swing","conditional_visibility_roles":["all"],"conditional_visibility_date_and_time_operators":"or","conditional_visibility_action_for_date_and_time":"show","conditional_visibility_action":"show"}},"p36604333":{"type":"section","settings":{"section_content_width_type":"boxed","section_content_width_responsive_desktop":{"unit":"px","size":"1140"},"section_content_width_responsive_tablet":{"unit":"px","size":"1140"},"section_content_width_responsive_mobile":{"unit":"px","size":"1140"},"piotnetforms_repeater_form_id":"22736","next_prev_multi_step_form_action":"next","multi_step_form_animation_animate":"fadeIn","piotnetforms_conditional_logic_form_form_id":"22736","piotnetforms_conditional_logic_form_speed_new":"400","piotnetforms_conditional_logic_form_easing_new":"swing","conditional_visibility_roles":["all"],"conditional_visibility_date_and_time_operators":"or","conditional_visibility_action_for_date_and_time":"show","conditional_visibility_action":"show"}},"p12601112":{"type":"button","settings":{"button_text":"Add More +","button_link":"#","button_link_target":"_self","button_icon_position":"before","piotnetforms_repeater_trigger_action":"add","next_prev_multi_step_form_action":"next","multi_step_form_animation_animate":"fadeIn","piotnetforms_conditional_logic_form_form_id":"22736","piotnetforms_conditional_logic_form_speed_new":"400","piotnetforms_conditional_logic_form_easing_new":"swing","conditional_visibility_roles":["all"],"conditional_visibility_date_and_time_operators":"or","conditional_visibility_action_for_date_and_time":"show","conditional_visibility_action":"show","button_text_align_responsive_desktop":"right","normal_button_padding_responsive_desktop":{"unit":"px","top":"15","right":"20","bottom":"15","left":"20","isLinked":""},"piotnetforms_repeater_enable_trigger":"yes","piotnetforms_repeater_id_trigger":"repeater_pizza"}},"p26646145":{"type":"icon","settings":{"icon":"fas fa-times","icon_type":"default","icon_shape":"circle","icon_link_target":"_self","icon_alignment_responsive_desktop":"left","icon_alignment_responsive_tablet":"left","icon_alignment_responsive_mobile":"left","piotnetforms_repeater_trigger_action":"remove","next_prev_multi_step_form_action":"next","multi_step_form_animation_animate":"fadeIn","piotnetforms_conditional_logic_form_form_id":"22736","piotnetforms_conditional_logic_form_speed_new":"400","piotnetforms_conditional_logic_form_easing_new":"swing","conditional_visibility_roles":["all"],"conditional_visibility_date_and_time_operators":"or","conditional_visibility_action_for_date_and_time":"show","conditional_visibility_action":"show","advanced_position":"absolute","advanced_width_custom_responsive_desktop":"auto","advanced_position_absolute_top_responsive_desktop":{"unit":"px","size":"0"},"style_normal_icon_padding_responsive_desktop":{"unit":"px","top":"10","right":"10","bottom":"10","left":"10","isLinked":"1"},"piotnetforms_repeater_enable_trigger":"yes","piotnetforms_repeater_id_trigger":"repeater_pizza","advanced_z_index":"1","advanced_border_normal_style":"solid","advanced_border_normal_color_responsive_desktop":"rgba(204, 204, 204, 1)","advanced_border_normal_width_responsive_desktop":{"unit":"px","top":"1","right":"1","bottom":"1","left":"1","isLinked":"1"},"advanced_position_absolute_right_responsive_desktop":{"unit":"px","size":"10"},"advanced_border_normal_radius_responsive_desktop":{"unit":"px","top":"2","right":"2","bottom":"2","left":"2","isLinked":"1"}}},"p26124742":{"type":"field","settings":{"field_type":"calculated_fields","field_id":"total","form_id":"22736","msg_repassword_err":"Password don't match","country":"All","google_maps_lat":"21.028511","google_maps_lng":"105.804817","google_maps_zoom":{"unit":"px","size":"15"},"google_maps_height_responsive_desktop":{"unit":"px","size":"200"},"google_maps_height_responsive_tablet":{"unit":"px","size":"200"},"google_maps_height_responsive_mobile":{"unit":"px","size":"200"},"signature_clear_text":"Clear","signature_max_width_responsive_desktop":{"unit":"px","size":"400"},"signature_max_width_responsive_tablet":{"unit":"px","size":"400"},"signature_max_width_responsive_mobile":{"unit":"px","size":"400"},"signature_height_responsive_desktop":{"unit":"px","size":"200"},"signature_height_responsive_tablet":{"unit":"px","size":"200"},"signature_height_responsive_mobile":{"unit":"px","size":"200"},"field_label_inline_width_responsive_desktop":{"unit":"%","size":"10"},"field_label_inline_width_responsive_tablet":{"unit":"%","size":"10"},"field_label_inline_width_responsive_mobile":{"unit":"%","size":"10"},"piotnetforms_style_checkbox_type":"native","stripe_font_size":{"unit":"px","size":"16"},"stripe_custom_style":"{\"base\":{\"color\":\"#303238\",\"fontSize\":\"16px\",\"fontFamily\":\"\\\"Open Sans\\\", sans-serif\",\"fontSmoothing\":\"antialiased\",\"::placeholder\":{\"color\":\"#CFD7DF\"}},\"invalid\":{\"color\":\"#e5424d\",\":focus\":{\"color\":\"#303238\"}}}","field_taxonomy_slug":"category","terms_select_type":"select","file_sizes":"1","file_sizes_message":"File size must be less than 1MB","file_types_message":"Please enter a value with a valid mimetype.","rows":"4","min_select_required_message":"Please select the minimum number of images.","recaptcha_size":"normal","recaptcha_style":"light","date_format":"F j, Y","date_language":"english","time_format":"h:i K","time_minute_increment":"5","piotnetforms_range_slider_field_options":"skin: \"round\", type: \"double\", grid: true, min: 0, max: 1000, from: 200, to: 800, prefix: \"$\"","piotnetforms_calculated_fields_form_distance_calculation_unit":"km","piotnetforms_calculated_fields_form_calculation_rounding_decimals":"2","piotnetforms_calculated_fields_form_calculation_rounding_decimals_decimals_symbol":".","piotnetforms_calculated_fields_form_calculation_rounding_decimals_seperators_symbol":",","field_pattern":"[0-9()#&+*-=.]+","iban_invalid_message":"This BBAN is invalid.","field_autocomplete":"true","shortcode":"[field id=\"p26124742\"]","live_preview_code":"<span data-piotnetforms-live-preview=\"p26124742\"><\/span>","live_preview_image_width":"150","live_preview_image_height":"150","field_icon_type":"font_awesome","piotnetforms_conditional_logic_form_speed":"400","piotnetforms_conditional_logic_form_easing":"swing","piotnetforms_style_checkbox_button_icon_position":"relative","piotnetforms_style_checkbox_button_icon_position_absolute_top_responsive_desktop":"auto","piotnetforms_style_checkbox_button_icon_position_absolute_top_responsive_tablet":"auto","piotnetforms_style_checkbox_button_icon_position_absolute_top_responsive_mobile":"auto","piotnetforms_style_checkbox_button_icon_position_absolute_right_responsive_desktop":"auto","piotnetforms_style_checkbox_button_icon_position_absolute_right_responsive_tablet":"auto","piotnetforms_style_checkbox_button_icon_position_absolute_right_responsive_mobile":"auto","piotnetforms_style_checkbox_button_icon_position_absolute_bottom_responsive_desktop":"auto","piotnetforms_style_checkbox_button_icon_position_absolute_bottom_responsive_tablet":"auto","piotnetforms_style_checkbox_button_icon_position_absolute_bottom_responsive_mobile":"auto","piotnetforms_style_checkbox_button_icon_position_absolute_left_responsive_desktop":"auto","piotnetforms_style_checkbox_button_icon_position_absolute_left_responsive_tablet":"auto","piotnetforms_style_checkbox_button_icon_position_absolute_left_responsive_mobile":"auto","piotnetforms_style_checkbox_item_width_type":"auto","piotnetforms_style_checkbox_replacement_icon_type":"font_awesome","piotnetforms_style_checkbox_square_size_responsive_desktop":{"unit":"px","size":"18"},"piotnetforms_style_checkbox_square_size_responsive_tablet":{"unit":"px","size":"18"},"piotnetforms_style_checkbox_square_size_responsive_mobile":{"unit":"px","size":"18"},"piotnetforms_style_checkbox_square_border_width":{"unit":"px","size":"1"},"piotnetforms_style_checkbox_square_border_color":"#000000","piotnetforms_style_checkbox_square_background_color":"#000000","piotnetforms_style_checkbox_square_spacing_responsive_desktop":{"unit":"px","size":"30"},"piotnetforms_style_checkbox_square_spacing_responsive_tablet":{"unit":"px","size":"30"},"piotnetforms_style_checkbox_square_spacing_responsive_mobile":{"unit":"px","size":"30"},"piotnetforms_style_spiner_width_responsive_desktop":{"unit":"px","size":"32"},"piotnetforms_style_spiner_width_responsive_tablet":{"unit":"px","size":"32"},"piotnetforms_style_spiner_width_responsive_mobile":{"unit":"px","size":"32"},"piotnetforms_style_spiner_height_responsive_desktop":{"unit":"px","size":"32"},"piotnetforms_style_spiner_height_responsive_tablet":{"unit":"px","size":"32"},"piotnetforms_style_spiner_height_responsive_mobile":{"unit":"px","size":"32"},"piotnetforms_style_spiner_input_width_responsive_desktop":{"unit":"px","size":"20"},"piotnetforms_style_spiner_input_width_responsive_tablet":{"unit":"px","size":"20"},"piotnetforms_style_spiner_input_width_responsive_mobile":{"unit":"px","size":"20"},"piotnetforms_image_select_field_item_width_responsive_desktop":"25","piotnetforms_image_select_field_item_width_responsive_tablet":"25","piotnetforms_image_select_field_item_width_responsive_mobile":"25","piotnetforms_image_select_field_item_spacing_responsive_desktop":{"unit":"px","size":"10"},"piotnetforms_image_select_field_item_spacing_responsive_tablet":{"unit":"px","size":"10"},"piotnetforms_image_select_field_item_spacing_responsive_mobile":{"unit":"px","size":"10"},"label_animation_focus_spacing_responsive_desktop":{"unit":"px","size":"24"},"label_animation_focus_spacing_responsive_tablet":{"unit":"px","size":"24"},"label_animation_focus_spacing_responsive_mobile":{"unit":"px","size":"24"},"piotnetforms_repeater_trigger_action":"add","next_prev_multi_step_form_action":"next","multi_step_form_animation_animate":"fadeIn","conditional_visibility_roles":["all"],"conditional_visibility_date_and_time_operators":"or","conditional_visibility_action_for_date_and_time":"show","conditional_visibility_action":"show","width":"100","field_label":"Total","piotnetforms_calculated_fields_form_calculation":"[field id=\"pizza_price\"]","piotnetforms_calculated_fields_form_before":"Total $","calculated_fields_typography_font_weight":"700","calculated_fields_typography_font_size_responsive_desktop":{"unit":"px","size":"24"}}}},"content":[{"id":"p15511361","class_name":"piotnetforms_Section","elements":[{"id":"p56514416","class_name":"piotnetforms_Column","elements":[{"id":"p26646145","class_name":"piotnetforms_Icon"},{"id":"p64011414","class_name":"Piotnetforms_Field"},{"id":"p54551885","class_name":"Piotnetforms_Field"},{"id":"p61134659","class_name":"Piotnetforms_Field"},{"id":"p41026512","class_name":"Piotnetforms_Field"}]}]},{"id":"p36604333","class_name":"piotnetforms_Section","elements":[{"id":"p66141846","class_name":"piotnetforms_Column","elements":[{"id":"p12601112","class_name":"piotnetforms_Button"},{"id":"p26124742","class_name":"Piotnetforms_Field"}]}]}],"css":"body.rtl .piotnetforms-22736 .piotnetforms-labels-inline .piotnetforms-field-group > label{padding-left: 10px;}body:not(.rtl) .piotnetforms-22736 .piotnetforms-labels-inline .piotnetforms-field-group > label{padding-right: 10px;}body .piotnetforms-22736 .piotnetforms-field-group > label{padding-bottom: 10px;}.piotnetforms-22736 .piotnetforms-field-group > label{font-size:24px}.piotnetforms-22736 .piotnetforms-field-group > label{font-weight:700} #piotnetforms .p56514416{padding: 15px 5px 5px 5px;}#piotnetforms .p56514416{border-style:solid;}#piotnetforms .p56514416{border-color: rgba(230, 230, 230, 1);}#piotnetforms .p56514416{border-width: 1px 1px 1px 1px;} #piotnetforms .p15511361>.piotnet-section__container{max-width: 1140px;}@media (max-width:1025px) {#piotnetforms .p15511361>.piotnet-section__container{max-width: 1140px;}}@media (max-width:767px) {#piotnetforms .p15511361>.piotnet-section__container{max-width: 1140px;}}#piotnetforms .p15511361{margin: 0px 0px 10px 0px;} #piotnetforms .p64011414 .piotnetforms-label-inline{width: 10%;}#piotnetforms .p64011414 .piotnetforms-field-inline{width: calc(100% - 10%)}@media (max-width:1025px) {#piotnetforms .p64011414 .piotnetforms-label-inline{width: 10%;}}@media (max-width:1025px) {#piotnetforms .p64011414 .piotnetforms-field-inline{width: calc(100% - 10%)}}@media (max-width:767px) {#piotnetforms .p64011414 .piotnetforms-label-inline{width: 10%;}}@media (max-width:767px) {#piotnetforms .p64011414 .piotnetforms-field-inline{width: calc(100% - 10%)}}#piotnetforms .p64011414 ul.thumbnails.image_picker_selector li{width: 25% !important;}@media (max-width:1025px) {#piotnetforms .p64011414 ul.thumbnails.image_picker_selector li{width: 25% !important;}}@media (max-width:767px) {#piotnetforms .p64011414 ul.thumbnails.image_picker_selector li{width: 50% !important;}}#piotnetforms .p64011414 ul.thumbnails.image_picker_selector li{padding:10px !important;}#piotnetforms .p64011414 ul.thumbnails.image_picker_selector{margin: -10px -10px -10px -10px;}@media (max-width:1025px) {#piotnetforms .p64011414 ul.thumbnails.image_picker_selector li{padding:10px !important;}}@media (max-width:1025px) {#piotnetforms .p64011414 ul.thumbnails.image_picker_selector{margin: -10px -10px -10px -10px;}}@media (max-width:767px) {#piotnetforms .p64011414 ul.thumbnails.image_picker_selector li{padding:10px !important;}}@media (max-width:767px) {#piotnetforms .p64011414 ul.thumbnails.image_picker_selector{margin: -10px -10px -10px -10px;}}#piotnetforms .p64011414 ul.thumbnails.image_picker_selector .thumbnail{border-radius: 8px 8px 8px 8px;}#piotnetforms .p64011414 ul.thumbnails.image_picker_selector .image_picker_image{border-radius: 8px 8px 0px 0px;}#piotnetforms .p64011414 ul.thumbnails p{padding: 10px 10px 10px 10px;}#piotnetforms .p64011414.piotnetforms-label-animation.piotnetforms-label-animated label{transform: translate3d(0,-24px,10px);}@media (max-width:1025px) {#piotnetforms .p64011414.piotnetforms-label-animation.piotnetforms-label-animated label{transform: translate3d(0,-24px,10px);}}@media (max-width:767px) {#piotnetforms .p64011414.piotnetforms-label-animation.piotnetforms-label-animated label{transform: translate3d(0,-24px,10px);}} #piotnetforms .p54551885 .piotnetforms-label-inline{width: 10%;}#piotnetforms .p54551885 .piotnetforms-field-inline{width: calc(100% - 10%)}@media (max-width:1025px) {#piotnetforms .p54551885 .piotnetforms-label-inline{width: 10%;}}@media (max-width:1025px) {#piotnetforms .p54551885 .piotnetforms-field-inline{width: calc(100% - 10%)}}@media (max-width:767px) {#piotnetforms .p54551885 .piotnetforms-label-inline{width: 10%;}}@media (max-width:767px) {#piotnetforms .p54551885 .piotnetforms-field-inline{width: calc(100% - 10%)}}#piotnetforms .p54551885.piotnetforms-label-animation.piotnetforms-label-animated label{transform: translate3d(0,-24px,10px);}@media (max-width:1025px) {#piotnetforms .p54551885.piotnetforms-label-animation.piotnetforms-label-animated label{transform: translate3d(0,-24px,10px);}}@media (max-width:767px) {#piotnetforms .p54551885.piotnetforms-label-animation.piotnetforms-label-animated label{transform: translate3d(0,-24px,10px);}}#piotnetforms .p54551885 .piotnetforms-field-group:not(.piotnetforms-field-type-upload) .piotnetforms-field:not(.piotnetforms-select-wrapper){padding: 10px 15px 10px 15px;}#piotnetforms .p54551885 .piotnetforms-field-group:not(.piotnetforms-field-type-upload) .piotnetforms-field select{padding: 10px 15px 10px 15px;}#piotnetforms .p54551885 .piotnetforms-field-group:not(.piotnetforms-field-type-upload) .piotnetforms-field .piotnetforms-field-textual .selectize-input{padding: 10px 15px 10px 15px;}#piotnetforms .p54551885 .piotnetforms-field-group:not(.piotnetforms-field-type-upload) .piotnetforms-field .selectize-control .selectize-dropdown .selectize-dropdown-content{padding: 10px 15px 10px 15px;}#piotnetforms .p54551885 .piotnetforms-field-group:not(.piotnetforms-field-type-upload) .piotnetforms-field:not(.piotnetforms-select-wrapper){border-style: solid;}#piotnetforms .p54551885 .piotnetforms-field-group:not(.piotnetforms-field-type-upload) .piotnetforms-field .piotnetforms-field-textual{border-style: solid;}#piotnetforms .p54551885 .piotnetforms-field-group:not(.piotnetforms-field-type-upload) .piotnetforms-field .piotnetforms-field-textual .selectize-input{border-style: solid;}#piotnetforms .p54551885 .piotnetforms-field-group:not(.piotnetforms-field-type-upload) .piotnetforms-field .selectize-control .selectize-dropdown{border-style: solid;}#piotnetforms .p54551885 .piotnetforms-signature canvas{border-style: solid;}#piotnetforms .p54551885 .piotnetforms-field-group:not(.piotnetforms-field-type-upload) .piotnetforms-field:not(.piotnetforms-select-wrapper){border-width: 1px 1px 1px 1px;}#piotnetforms .p54551885 .piotnetforms-field-group:not(.piotnetforms-field-type-upload) .piotnetforms-field .piotnetforms-field-textual{border-width: 1px 1px 1px 1px;}#piotnetforms .p54551885 .piotnetforms-field-group:not(.piotnetforms-field-type-upload) .piotnetforms-field .piotnetforms-field-textual .selectize-input{border-width: 1px 1px 1px 1px;}#piotnetforms .p54551885 .piotnetforms-field-group:not(.piotnetforms-field-type-upload) .piotnetforms-field .selectize-control .selectize-dropdown{border-width: 1px 1px 1px 1px;}#piotnetforms .p54551885 .piotnetforms-signature canvas{border-width: 1px 1px 1px 1px;}#piotnetforms .p54551885 .piotnetforms-field-group:not(.piotnetforms-field-type-upload) .piotnetforms-field:not(.piotnetforms-select-wrapper){border-color: rgba(212, 212, 212, 1);}#piotnetforms .p54551885 .piotnetforms-field-group:not(.piotnetforms-field-type-upload) .piotnetforms-field .piotnetforms-field-textual{border-color: rgba(212, 212, 212, 1);}#piotnetforms .p54551885 .piotnetforms-field-group:not(.piotnetforms-field-type-upload) .piotnetforms-field .piotnetforms-field-textual .selectize-input{border-color: rgba(212, 212, 212, 1);}#piotnetforms .p54551885 .piotnetforms-field-group:not(.piotnetforms-field-type-upload) .piotnetforms-field .selectize-control .selectize-dropdown{border-color: rgba(212, 212, 212, 1);}#piotnetforms .p54551885 .piotnetforms-signature canvas{border-color: rgba(212, 212, 212, 1);}#piotnetforms .p54551885 .piotnetforms-field-group:not(.piotnetforms-field-type-upload) .piotnetforms-field:not(.piotnetforms-select-wrapper){border-radius: 8px 8px 8px 8px;}#piotnetforms .p54551885 .piotnetforms-field-group .piotnetforms-select-wrapper select{border-radius: 8px 8px 8px 8px;}#piotnetforms .p54551885 .piotnetforms-field-group .piotnetforms-select-wrapper .piotnetforms-field-textual{border-radius: 8px 8px 8px 8px;}#piotnetforms .p54551885 .piotnetforms-field-group .piotnetforms-select-wrapper .piotnetforms-field-textual .selectize-input{border-radius: 8px 8px 8px 8px;}#piotnetforms .p54551885 .piotnetforms-field-group .piotnetforms-select-wrapper .selectize-control .selectize-dropdown .selectize-dropdown-content{border-radius: 8px 8px 8px 8px;}#piotnetforms .p54551885 .piotnetforms-signature canvas{border-radius: 8px 8px 8px 8px;}#piotnetforms .p54551885{width: 34%;}#piotnetforms [data-piotnet-editor-widgets-item-id=\"p54551885\"]{width: 34%;}@media (max-width:767px) {#piotnetforms .p54551885{width: 100%;}}@media (max-width:767px) {#piotnetforms [data-piotnet-editor-widgets-item-id=\"p54551885\"]{width: 100%;}} #piotnetforms .p61134659 .piotnetforms-label-inline{width: 10%;}#piotnetforms .p61134659 .piotnetforms-field-inline{width: calc(100% - 10%)}@media (max-width:1025px) {#piotnetforms .p61134659 .piotnetforms-label-inline{width: 10%;}}@media (max-width:1025px) {#piotnetforms .p61134659 .piotnetforms-field-inline{width: calc(100% - 10%)}}@media (max-width:767px) {#piotnetforms .p61134659 .piotnetforms-label-inline{width: 10%;}}@media (max-width:767px) {#piotnetforms .p61134659 .piotnetforms-field-inline{width: calc(100% - 10%)}}#piotnetforms .p61134659 .piotnetforms-calculated-fields-form{font-size:22px}#piotnetforms .p61134659.piotnetforms-label-animation.piotnetforms-label-animated label{transform: translate3d(0,-24px,10px);}@media (max-width:1025px) {#piotnetforms .p61134659.piotnetforms-label-animation.piotnetforms-label-animated label{transform: translate3d(0,-24px,10px);}}@media (max-width:767px) {#piotnetforms .p61134659.piotnetforms-label-animation.piotnetforms-label-animated label{transform: translate3d(0,-24px,10px);}}#piotnetforms .p61134659{width: 33%;}#piotnetforms [data-piotnet-editor-widgets-item-id=\"p61134659\"]{width: 33%;}@media (max-width:767px) {#piotnetforms .p61134659{width: 100%;}}@media (max-width:767px) {#piotnetforms [data-piotnet-editor-widgets-item-id=\"p61134659\"]{width: 100%;}} #piotnetforms .p41026512 .piotnetforms-label-inline{width: 10%;}#piotnetforms .p41026512 .piotnetforms-field-inline{width: calc(100% - 10%)}@media (max-width:1025px) {#piotnetforms .p41026512 .piotnetforms-label-inline{width: 10%;}}@media (max-width:1025px) {#piotnetforms .p41026512 .piotnetforms-field-inline{width: calc(100% - 10%)}}@media (max-width:767px) {#piotnetforms .p41026512 .piotnetforms-label-inline{width: 10%;}}@media (max-width:767px) {#piotnetforms .p41026512 .piotnetforms-field-inline{width: calc(100% - 10%)}}#piotnetforms .p41026512 [data-piotnetforms-spiner] button{width: 32px;}@media (max-width:1025px) {#piotnetforms .p41026512 [data-piotnetforms-spiner] button{width: 32px;}}@media (max-width:767px) {#piotnetforms .p41026512 [data-piotnetforms-spiner] button{width: 32px;}}#piotnetforms .p41026512 [data-piotnetforms-spiner] button{height: 32px;}@media (max-width:1025px) {#piotnetforms .p41026512 [data-piotnetforms-spiner] button{height: 32px;}}@media (max-width:767px) {#piotnetforms .p41026512 [data-piotnetforms-spiner] button{height: 32px;}}#piotnetforms .p41026512 [data-piotnetforms-spiner] .nice-number input{width: 20px!important;}@media (max-width:1025px) {#piotnetforms .p41026512 [data-piotnetforms-spiner] .nice-number input{width: 20px!important;}}@media (max-width:767px) {#piotnetforms .p41026512 [data-piotnetforms-spiner] .nice-number input{width: 20px!important;}}#piotnetforms .p41026512.piotnetforms-label-animation.piotnetforms-label-animated label{transform: translate3d(0,-24px,10px);}@media (max-width:1025px) {#piotnetforms .p41026512.piotnetforms-label-animation.piotnetforms-label-animated label{transform: translate3d(0,-24px,10px);}}@media (max-width:767px) {#piotnetforms .p41026512.piotnetforms-label-animation.piotnetforms-label-animated label{transform: translate3d(0,-24px,10px);}}#piotnetforms .p41026512{width: 32%;}#piotnetforms [data-piotnet-editor-widgets-item-id=\"p41026512\"]{width: 32%;}  #piotnetforms .p36604333>.piotnet-section__container{max-width: 1140px;}@media (max-width:1025px) {#piotnetforms .p36604333>.piotnet-section__container{max-width: 1140px;}}@media (max-width:767px) {#piotnetforms .p36604333>.piotnet-section__container{max-width: 1140px;}} #piotnetforms .p12601112{text-align: right}#piotnetforms .p12601112.piotnetforms-btn .piotnet-button, #piotnetforms .p12601112.piotnetforms-btn a{padding: 15px 20px 15px 20px;} #piotnetforms .p26646145{text-align: left}@media (max-width:1025px) {#piotnetforms .p26646145{text-align: left}}@media (max-width:767px) {#piotnetforms .p26646145{text-align: left}}#piotnetforms .p26646145 .piotnetforms-icon__item i{padding: 10px 10px 10px 10px;}#piotnetforms .p26646145{width: auto;}#piotnetforms [data-piotnet-editor-widgets-item-id=\"p26646145\"]{width: auto;}#piotnetforms .p26646145{border-style:solid;}#piotnetforms .p26646145{border-color: rgba(204, 204, 204, 1);}#piotnetforms .p26646145{border-width: 1px 1px 1px 1px;}#piotnetforms .p26646145{border-radius: 2px 2px 2px 2px;}#piotnetforms:not(.piotnetforms-widget-preview) .p26646145{position:absolute;}#piotnetforms [data-piotnet-editor-widgets-item-id=\"p26646145\"]{position:absolute;}#piotnetforms:not(.piotnetforms-widget-preview) .p26646145{z-index:1;}#piotnetforms [data-piotnet-editor-widgets-item-id=\"p26646145\"]{z-index:1;}#piotnetforms:not(.piotnetforms-widget-preview) .p26646145{top: 0px;}#piotnetforms [data-piotnet-editor-widgets-item-id=\"p26646145\"]{top: 0px;}#piotnetforms:not(.piotnetforms-widget-preview) .p26646145{right: 10px;}#piotnetforms [data-piotnet-editor-widgets-item-id=\"p26646145\"]{right: 10px;} #piotnetforms .p26124742 .piotnetforms-label-inline{width: 10%;}#piotnetforms .p26124742 .piotnetforms-field-inline{width: calc(100% - 10%)}@media (max-width:1025px) {#piotnetforms .p26124742 .piotnetforms-label-inline{width: 10%;}}@media (max-width:1025px) {#piotnetforms .p26124742 .piotnetforms-field-inline{width: calc(100% - 10%)}}@media (max-width:767px) {#piotnetforms .p26124742 .piotnetforms-label-inline{width: 10%;}}@media (max-width:767px) {#piotnetforms .p26124742 .piotnetforms-field-inline{width: calc(100% - 10%)}}#piotnetforms .p26124742 .piotnetforms-calculated-fields-form{font-size:24px}#piotnetforms .p26124742 .piotnetforms-calculated-fields-form{font-weight:700}#piotnetforms .p26124742.piotnetforms-label-animation.piotnetforms-label-animated label{transform: translate3d(0,-24px,10px);}@media (max-width:1025px) {#piotnetforms .p26124742.piotnetforms-label-animation.piotnetforms-label-animated label{transform: translate3d(0,-24px,10px);}}@media (max-width:767px) {#piotnetforms .p26124742.piotnetforms-label-animation.piotnetforms-label-animated label{transform: translate3d(0,-24px,10px);}} "}