{"listkotakabupaten":[{"kotakab":"Kabupaten Aceh Barat","code":"1"},{"kotakab":"Kabupaten Aceh Barat Daya","code":"2"},{"kotakab":"Kabupaten Aceh Besar","code":"3"},{"kotakab":"Kabupaten Aceh Jaya","code":"4"},{"kotakab":"Kabupaten Aceh Selatan","code":"5"},{"kotakab":"Kabupaten Aceh Singkil","code":"6"},{"kotakab":"Kabupaten Aceh Tamiang","code":"7"},{"kotakab":"Kabupaten Aceh Tengah","code":"8"},{"kotakab":"Kabupaten Aceh Tenggara","code":"9"},{"kotakab":"Kabupaten Aceh Timur","code":"10"},{"kotakab":"Kabupaten Aceh Utara","code":"11"},{"kotakab":"Kabupaten Agam","code":"12"},{"kotakab":"Kabupaten Alor","code":"13"},{"kotakab":"Kota Ambon","code":"14"},{"kotakab":"Kabupaten Asahan","code":"15"},{"kotakab":"Kabupaten Asmat","code":"16"},{"kotakab":"Kabupaten Badung","code":"17"},{"kotakab":"Kabupaten Balangan","code":"18"},{"kotakab":"Kota Balikpapan","code":"19"},{"kotakab":"Kota Banda Aceh","code":"20"},{"kotakab":"Kota Bandar Lampung","code":"21"},{"kotakab":"Kabupaten Bandung","code":"22"},{"kotakab":"Kota Bandung","code":"23"},{"kotakab":"Kabupaten Bandung Barat","code":"24"},{"kotakab":"Kabupaten Banggai","code":"25"},{"kotakab":"Kabupaten Banggai Kepulauan","code":"26"},{"kotakab":"Kabupaten Bangka","code":"27"},{"kotakab":"Kabupaten Bangka Barat","code":"28"},{"kotakab":"Kabupaten Bangka Selatan","code":"29"},{"kotakab":"Kabupaten Bangka Tengah","code":"30"},{"kotakab":"Kabupaten Bangkalan","code":"31"},{"kotakab":"Kabupaten Bangli","code":"32"},{"kotakab":"Kabupaten Banjar","code":"33"},{"kotakab":"Kota Banjar","code":"34"},{"kotakab":"Kota Banjarbaru","code":"35"},{"kotakab":"Kota Banjarmasin","code":"36"},{"kotakab":"Kabupaten Banjarnegara","code":"37"},{"kotakab":"Kabupaten Bantaeng","code":"38"},{"kotakab":"Kabupaten Bantul","code":"39"},{"kotakab":"Kabupaten Banyuasin","code":"40"},{"kotakab":"Kabupaten Banyumas","code":"41"},{"kotakab":"Kabupaten Banyuwangi","code":"42"},{"kotakab":"Kabupaten Barito Kuala","code":"43"},{"kotakab":"Kabupaten Barito Selatan","code":"44"},{"kotakab":"Kabupaten Barito Timur","code":"45"},{"kotakab":"Kabupaten Barito Utara","code":"46"},{"kotakab":"Kabupaten Barru","code":"47"},{"kotakab":"Kota Batam","code":"48"},{"kotakab":"Kabupaten Batang","code":"49"},{"kotakab":"Kabupaten Batang Hari","code":"50"},{"kotakab":"Kota Batu","code":"51"},{"kotakab":"Kabupaten Batu Bara","code":"52"},{"kotakab":"Kota Bau-Bau","code":"53"},{"kotakab":"Kabupaten Bekasi","code":"54"},{"kotakab":"Kota Bekasi","code":"55"},{"kotakab":"Kabupaten Belitung","code":"56"},{"kotakab":"Kabupaten Belitung Timur","code":"57"},{"kotakab":"Kabupaten Belu","code":"58"},{"kotakab":"Kabupaten Bener Meriah","code":"59"},{"kotakab":"Kabupaten Bengkalis","code":"60"},{"kotakab":"Kabupaten Bengkayang","code":"61"},{"kotakab":"Kota Bengkulu","code":"62"},{"kotakab":"Kabupaten Bengkulu Selatan","code":"63"},{"kotakab":"Kabupaten Bengkulu Tengah","code":"64"},{"kotakab":"Kabupaten Bengkulu Utara","code":"65"},{"kotakab":"Kabupaten Berau","code":"66"},{"kotakab":"Kabupaten Biak Numfor","code":"67"},{"kotakab":"Kabupaten Bima","code":"68"},{"kotakab":"Kota Bima","code":"69"},{"kotakab":"Kota Binjai","code":"70"},{"kotakab":"Kabupaten Bintan","code":"71"},{"kotakab":"Kabupaten Bireuen","code":"72"},{"kotakab":"Kota Bitung","code":"73"},{"kotakab":"Kabupaten Blitar","code":"74"},{"kotakab":"Kota Blitar","code":"75"},{"kotakab":"Kabupaten Blora","code":"76"},{"kotakab":"Kabupaten Boalemo","code":"77"},{"kotakab":"Kabupaten Bogor","code":"78"},{"kotakab":"Kota Bogor","code":"79"},{"kotakab":"Kabupaten Bojonegoro","code":"80"},{"kotakab":"Kabupaten Bolaang Mongondow (Bolmong)","code":"81"},{"kotakab":"Kabupaten Bolaang Mongondow Selatan","code":"82"},{"kotakab":"Kabupaten Bolaang Mongondow Timur","code":"83"},{"kotakab":"Kabupaten Bolaang Mongondow Utara","code":"84"},{"kotakab":"Kabupaten Bombana","code":"85"},{"kotakab":"Kabupaten Bondowoso","code":"86"},{"kotakab":"Kabupaten Bone","code":"87"},{"kotakab":"Kabupaten Bone Bolango","code":"88"},{"kotakab":"Kota Bontang","code":"89"},{"kotakab":"Kabupaten Boven Digoel","code":"90"},{"kotakab":"Kabupaten Boyolali","code":"91"},{"kotakab":"Kabupaten Brebes","code":"92"},{"kotakab":"Kota Bukittinggi","code":"93"},{"kotakab":"Kabupaten Buleleng","code":"94"},{"kotakab":"Kabupaten Bulukumba","code":"95"},{"kotakab":"Kabupaten Bulungan (Bulongan)","code":"96"},{"kotakab":"Kabupaten Bungo","code":"97"},{"kotakab":"Kabupaten Buol","code":"98"},{"kotakab":"Kabupaten Buru","code":"99"},{"kotakab":"Kabupaten Buru Selatan","code":"100"},{"kotakab":"Kabupaten Buton","code":"101"},{"kotakab":"Kabupaten Buton Utara","code":"102"},{"kotakab":"Kabupaten Ciamis","code":"103"},{"kotakab":"Kabupaten Cianjur","code":"104"},{"kotakab":"Kabupaten Cilacap","code":"105"},{"kotakab":"Kota Cilegon","code":"106"},{"kotakab":"Kota Cimahi","code":"107"},{"kotakab":"Kabupaten Cirebon","code":"108"},{"kotakab":"Kota Cirebon","code":"109"},{"kotakab":"Kabupaten Dairi","code":"110"},{"kotakab":"Kabupaten Deiyai (Deliyai)","code":"111"},{"kotakab":"Kabupaten Deli Serdang","code":"112"},{"kotakab":"Kabupaten Demak","code":"113"},{"kotakab":"Kota Denpasar","code":"114"},{"kotakab":"Kota Depok","code":"115"},{"kotakab":"Kabupaten Dharmasraya","code":"116"},{"kotakab":"Kabupaten Dogiyai","code":"117"},{"kotakab":"Kabupaten Dompu","code":"118"},{"kotakab":"Kabupaten Donggala","code":"119"},{"kotakab":"Kota Dumai","code":"120"},{"kotakab":"Kabupaten Empat Lawang","code":"121"},{"kotakab":"Kabupaten Ende","code":"122"},{"kotakab":"Kabupaten Enrekang","code":"123"},{"kotakab":"Kabupaten Fakfak","code":"124"},{"kotakab":"Kabupaten Flores Timur","code":"125"},{"kotakab":"Kabupaten Garut","code":"126"},{"kotakab":"Kabupaten Gayo Lues","code":"127"},{"kotakab":"Kabupaten Gianyar","code":"128"},{"kotakab":"Kabupaten Gorontalo","code":"129"},{"kotakab":"Kota Gorontalo","code":"130"},{"kotakab":"Kabupaten Gorontalo Utara","code":"131"},{"kotakab":"Kabupaten Gowa","code":"132"},{"kotakab":"Kabupaten Gresik","code":"133"},{"kotakab":"Kabupaten Grobogan","code":"134"},{"kotakab":"Kabupaten Gunung Kidul","code":"135"},{"kotakab":"Kabupaten Gunung Mas","code":"136"},{"kotakab":"Kota Gunungsitoli","code":"137"},{"kotakab":"Kabupaten Halmahera Barat","code":"138"},{"kotakab":"Kabupaten Halmahera Selatan","code":"139"},{"kotakab":"Kabupaten Halmahera Tengah","code":"140"},{"kotakab":"Kabupaten Halmahera Timur","code":"141"},{"kotakab":"Kabupaten Halmahera Utara","code":"142"},{"kotakab":"Kabupaten Hulu Sungai Selatan","code":"143"},{"kotakab":"Kabupaten Hulu Sungai Tengah","code":"144"},{"kotakab":"Kabupaten Hulu Sungai Utara","code":"145"},{"kotakab":"Kabupaten Humbang Hasundutan","code":"146"},{"kotakab":"Kabupaten Indragiri Hilir","code":"147"},{"kotakab":"Kabupaten Indragiri Hulu","code":"148"},{"kotakab":"Kabupaten Indramayu","code":"149"},{"kotakab":"Kabupaten Intan Jaya","code":"150"},{"kotakab":"Kota Jakarta Barat","code":"151"},{"kotakab":"Kota Jakarta Pusat","code":"152"},{"kotakab":"Kota Jakarta Selatan","code":"153"},{"kotakab":"Kota Jakarta Timur","code":"154"},{"kotakab":"Kota Jakarta Utara","code":"155"},{"kotakab":"Kota Jambi","code":"156"},{"kotakab":"Kabupaten Jayapura","code":"157"},{"kotakab":"Kota Jayapura","code":"158"},{"kotakab":"Kabupaten Jayawijaya","code":"159"},{"kotakab":"Kabupaten Jember","code":"160"},{"kotakab":"Kabupaten Jembrana","code":"161"},{"kotakab":"Kabupaten Jeneponto","code":"162"},{"kotakab":"Kabupaten Jepara","code":"163"},{"kotakab":"Kabupaten Jombang","code":"164"},{"kotakab":"Kabupaten Kaimana","code":"165"},{"kotakab":"Kabupaten Kampar","code":"166"},{"kotakab":"Kabupaten Kapuas","code":"167"},{"kotakab":"Kabupaten Kapuas Hulu","code":"168"},{"kotakab":"Kabupaten Karanganyar","code":"169"},{"kotakab":"Kabupaten Karangasem","code":"170"},{"kotakab":"Kabupaten Karawang","code":"171"},{"kotakab":"Kabupaten Karimun","code":"172"},{"kotakab":"Kabupaten Karo","code":"173"},{"kotakab":"Kabupaten Katingan","code":"174"},{"kotakab":"Kabupaten Kaur","code":"175"},{"kotakab":"Kabupaten Kayong Utara","code":"176"},{"kotakab":"Kabupaten Kebumen","code":"177"},{"kotakab":"Kabupaten Kediri","code":"178"},{"kotakab":"Kota Kediri","code":"179"},{"kotakab":"Kabupaten Keerom","code":"180"},{"kotakab":"Kabupaten Kendal","code":"181"},{"kotakab":"Kota Kendari","code":"182"},{"kotakab":"Kabupaten Kepahiang","code":"183"},{"kotakab":"Kabupaten Kepulauan Anambas","code":"184"},{"kotakab":"Kabupaten Kepulauan Aru","code":"185"},{"kotakab":"Kabupaten Kepulauan Mentawai","code":"186"},{"kotakab":"Kabupaten Kepulauan Meranti","code":"187"},{"kotakab":"Kabupaten Kepulauan Sangihe","code":"188"},{"kotakab":"Kabupaten Kepulauan Seribu","code":"189"},{"kotakab":"Kabupaten Kepulauan Siau Tagulandang Biaro (Sitaro)","code":"190"},{"kotakab":"Kabupaten Kepulauan Sula","code":"191"},{"kotakab":"Kabupaten Kepulauan Talaud","code":"192"},{"kotakab":"Kabupaten Kepulauan Yapen (Yapen Waropen)","code":"193"},{"kotakab":"Kabupaten Kerinci","code":"194"},{"kotakab":"Kabupaten Ketapang","code":"195"},{"kotakab":"Kabupaten Klaten","code":"196"},{"kotakab":"Kabupaten Klungkung","code":"197"},{"kotakab":"Kabupaten Kolaka","code":"198"},{"kotakab":"Kabupaten Kolaka Utara","code":"199"},{"kotakab":"Kabupaten Konawe","code":"200"},{"kotakab":"Kabupaten Konawe Selatan","code":"201"},{"kotakab":"Kabupaten Konawe Utara","code":"202"},{"kotakab":"Kabupaten Kotabaru","code":"203"},{"kotakab":"Kota Kotamobagu","code":"204"},{"kotakab":"Kabupaten Kotawaringin Barat","code":"205"},{"kotakab":"Kabupaten Kotawaringin Timur","code":"206"},{"kotakab":"Kabupaten Kuantan Singingi","code":"207"},{"kotakab":"Kabupaten Kubu Raya","code":"208"},{"kotakab":"Kabupaten Kudus","code":"209"},{"kotakab":"Kabupaten Kulon Progo","code":"210"},{"kotakab":"Kabupaten Kuningan","code":"211"},{"kotakab":"Kabupaten Kupang","code":"212"},{"kotakab":"Kota Kupang","code":"213"},{"kotakab":"Kabupaten Kutai Barat","code":"214"},{"kotakab":"Kabupaten Kutai Kartanegara","code":"215"},{"kotakab":"Kabupaten Kutai Timur","code":"216"},{"kotakab":"Kabupaten Labuhan Batu","code":"217"},{"kotakab":"Kabupaten Labuhan Batu Selatan","code":"218"},{"kotakab":"Kabupaten Labuhan Batu Utara","code":"219"},{"kotakab":"Kabupaten Lahat","code":"220"},{"kotakab":"Kabupaten Lamandau","code":"221"},{"kotakab":"Kabupaten Lamongan","code":"222"},{"kotakab":"Kabupaten Lampung Barat","code":"223"},{"kotakab":"Kabupaten Lampung Selatan","code":"224"},{"kotakab":"Kabupaten Lampung Tengah","code":"225"},{"kotakab":"Kabupaten Lampung Timur","code":"226"},{"kotakab":"Kabupaten Lampung Utara","code":"227"},{"kotakab":"Kabupaten Landak","code":"228"},{"kotakab":"Kabupaten Langkat","code":"229"},{"kotakab":"Kota Langsa","code":"230"},{"kotakab":"Kabupaten Lanny Jaya","code":"231"},{"kotakab":"Kabupaten Lebak","code":"232"},{"kotakab":"Kabupaten Lebong","code":"233"},{"kotakab":"Kabupaten Lembata","code":"234"},{"kotakab":"Kota Lhokseumawe","code":"235"},{"kotakab":"Kabupaten Lima Puluh Koto/Kota","code":"236"},{"kotakab":"Kabupaten Lingga","code":"237"},{"kotakab":"Kabupaten Lombok Barat","code":"238"},{"kotakab":"Kabupaten Lombok Tengah","code":"239"},{"kotakab":"Kabupaten Lombok Timur","code":"240"},{"kotakab":"Kabupaten Lombok Utara","code":"241"},{"kotakab":"Kota Lubuk Linggau","code":"242"},{"kotakab":"Kabupaten Lumajang","code":"243"},{"kotakab":"Kabupaten Luwu","code":"244"},{"kotakab":"Kabupaten Luwu Timur","code":"245"},{"kotakab":"Kabupaten Luwu Utara","code":"246"},{"kotakab":"Kabupaten Madiun","code":"247"},{"kotakab":"Kota Madiun","code":"248"},{"kotakab":"Kabupaten Magelang","code":"249"},{"kotakab":"Kota Magelang","code":"250"},{"kotakab":"Kabupaten Magetan","code":"251"},{"kotakab":"Kabupaten Majalengka","code":"252"},{"kotakab":"Kabupaten Majene","code":"253"},{"kotakab":"Kota Makassar","code":"254"},{"kotakab":"Kabupaten Malang","code":"255"},{"kotakab":"Kota Malang","code":"256"},{"kotakab":"Kabupaten Malinau","code":"257"},{"kotakab":"Kabupaten Maluku Barat Daya","code":"258"},{"kotakab":"Kabupaten Maluku Tengah","code":"259"},{"kotakab":"Kabupaten Maluku Tenggara","code":"260"},{"kotakab":"Kabupaten Maluku Tenggara Barat","code":"261"},{"kotakab":"Kabupaten Mamasa","code":"262"},{"kotakab":"Kabupaten Mamberamo Raya","code":"263"},{"kotakab":"Kabupaten Mamberamo Tengah","code":"264"},{"kotakab":"Kabupaten Mamuju","code":"265"},{"kotakab":"Kabupaten Mamuju Utara","code":"266"},{"kotakab":"Kota Manado","code":"267"},{"kotakab":"Kabupaten Mandailing Natal","code":"268"},{"kotakab":"Kabupaten Manggarai","code":"269"},{"kotakab":"Kabupaten Manggarai Barat","code":"270"},{"kotakab":"Kabupaten Manggarai Timur","code":"271"},{"kotakab":"Kabupaten Manokwari","code":"272"},{"kotakab":"Kabupaten Manokwari Selatan","code":"273"},{"kotakab":"Kabupaten Mappi","code":"274"},{"kotakab":"Kabupaten Maros","code":"275"},{"kotakab":"Kota Mataram","code":"276"},{"kotakab":"Kabupaten Maybrat","code":"277"},{"kotakab":"Kota Medan","code":"278"},{"kotakab":"Kabupaten Melawi","code":"279"},{"kotakab":"Kabupaten Merangin","code":"280"},{"kotakab":"Kabupaten Merauke","code":"281"},{"kotakab":"Kabupaten Mesuji","code":"282"},{"kotakab":"Kota Metro","code":"283"},{"kotakab":"Kabupaten Mimika","code":"284"},{"kotakab":"Kabupaten Minahasa","code":"285"},{"kotakab":"Kabupaten Minahasa Selatan","code":"286"},{"kotakab":"Kabupaten Minahasa Tenggara","code":"287"},{"kotakab":"Kabupaten Minahasa Utara","code":"288"},{"kotakab":"Kabupaten Mojokerto","code":"289"},{"kotakab":"Kota Mojokerto","code":"290"},{"kotakab":"Kabupaten Morowali","code":"291"},{"kotakab":"Kabupaten Muara Enim","code":"292"},{"kotakab":"Kabupaten Muaro Jambi","code":"293"},{"kotakab":"Kabupaten Muko Muko","code":"294"},{"kotakab":"Kabupaten Muna","code":"295"},{"kotakab":"Kabupaten Murung Raya","code":"296"},{"kotakab":"Kabupaten Musi Banyuasin","code":"297"},{"kotakab":"Kabupaten Musi Rawas","code":"298"},{"kotakab":"Kabupaten Nabire","code":"299"},{"kotakab":"Kabupaten Nagan Raya","code":"300"},{"kotakab":"Kabupaten Nagekeo","code":"301"},{"kotakab":"Kabupaten Natuna","code":"302"},{"kotakab":"Kabupaten Nduga","code":"303"},{"kotakab":"Kabupaten Ngada","code":"304"},{"kotakab":"Kabupaten Nganjuk","code":"305"},{"kotakab":"Kabupaten Ngawi","code":"306"},{"kotakab":"Kabupaten Nias","code":"307"},{"kotakab":"Kabupaten Nias Barat","code":"308"},{"kotakab":"Kabupaten Nias Selatan","code":"309"},{"kotakab":"Kabupaten Nias Utara","code":"310"},{"kotakab":"Kabupaten Nunukan","code":"311"},{"kotakab":"Kabupaten Ogan Ilir","code":"312"},{"kotakab":"Kabupaten Ogan Komering Ilir","code":"313"},{"kotakab":"Kabupaten Ogan Komering Ulu","code":"314"},{"kotakab":"Kabupaten Ogan Komering Ulu Selatan","code":"315"},{"kotakab":"Kabupaten Ogan Komering Ulu Timur","code":"316"},{"kotakab":"Kabupaten Pacitan","code":"317"},{"kotakab":"Kota Padang","code":"318"},{"kotakab":"Kabupaten Padang Lawas","code":"319"},{"kotakab":"Kabupaten Padang Lawas Utara","code":"320"},{"kotakab":"Kota Padang Panjang","code":"321"},{"kotakab":"Kabupaten Padang Pariaman","code":"322"},{"kotakab":"Kota Padang Sidempuan","code":"323"},{"kotakab":"Kota Pagar Alam","code":"324"},{"kotakab":"Kabupaten Pakpak Bharat","code":"325"},{"kotakab":"Kota Palangka Raya","code":"326"},{"kotakab":"Kota Palembang","code":"327"},{"kotakab":"Kota Palopo","code":"328"},{"kotakab":"Kota Palu","code":"329"},{"kotakab":"Kabupaten Pamekasan","code":"330"},{"kotakab":"Kabupaten Pandeglang","code":"331"},{"kotakab":"Kabupaten Pangandaran","code":"332"},{"kotakab":"Kabupaten Pangkajene Kepulauan","code":"333"},{"kotakab":"Kota Pangkal Pinang","code":"334"},{"kotakab":"Kabupaten Paniai","code":"335"},{"kotakab":"Kota Parepare","code":"336"},{"kotakab":"Kota Pariaman","code":"337"},{"kotakab":"Kabupaten Parigi Moutong","code":"338"},{"kotakab":"Kabupaten Pasaman","code":"339"},{"kotakab":"Kabupaten Pasaman Barat","code":"340"},{"kotakab":"Kabupaten Paser","code":"341"},{"kotakab":"Kabupaten Pasuruan","code":"342"},{"kotakab":"Kota Pasuruan","code":"343"},{"kotakab":"Kabupaten Pati","code":"344"},{"kotakab":"Kota Payakumbuh","code":"345"},{"kotakab":"Kabupaten Pegunungan Arfak","code":"346"},{"kotakab":"Kabupaten Pegunungan Bintang","code":"347"},{"kotakab":"Kabupaten Pekalongan","code":"348"},{"kotakab":"Kota Pekalongan","code":"349"},{"kotakab":"Kota Pekanbaru","code":"350"},{"kotakab":"Kabupaten Pelalawan","code":"351"},{"kotakab":"Kabupaten Pemalang","code":"352"},{"kotakab":"Kota Pematang Siantar","code":"353"},{"kotakab":"Kabupaten Penajam Paser Utara","code":"354"},{"kotakab":"Kabupaten Pesawaran","code":"355"},{"kotakab":"Kabupaten Pesisir Barat","code":"356"},{"kotakab":"Kabupaten Pesisir Selatan","code":"357"},{"kotakab":"Kabupaten Pidie","code":"358"},{"kotakab":"Kabupaten Pidie Jaya","code":"359"},{"kotakab":"Kabupaten Pinrang","code":"360"},{"kotakab":"Kabupaten Pohuwato","code":"361"},{"kotakab":"Kabupaten Polewali Mandar","code":"362"},{"kotakab":"Kabupaten Ponorogo","code":"363"},{"kotakab":"Kabupaten Pontianak","code":"364"},{"kotakab":"Kota Pontianak","code":"365"},{"kotakab":"Kabupaten Poso","code":"366"},{"kotakab":"Kota Prabumulih","code":"367"},{"kotakab":"Kabupaten Pringsewu","code":"368"},{"kotakab":"Kabupaten Probolinggo","code":"369"},{"kotakab":"Kota Probolinggo","code":"370"},{"kotakab":"Kabupaten Pulang Pisau","code":"371"},{"kotakab":"Kabupaten Pulau Morotai","code":"372"},{"kotakab":"Kabupaten Puncak","code":"373"},{"kotakab":"Kabupaten Puncak Jaya","code":"374"},{"kotakab":"Kabupaten Purbalingga","code":"375"},{"kotakab":"Kabupaten Purwakarta","code":"376"},{"kotakab":"Kabupaten Purworejo","code":"377"},{"kotakab":"Kabupaten Raja Ampat","code":"378"},{"kotakab":"Kabupaten Rejang Lebong","code":"379"},{"kotakab":"Kabupaten Rembang","code":"380"},{"kotakab":"Kabupaten Rokan Hilir","code":"381"},{"kotakab":"Kabupaten Rokan Hulu","code":"382"},{"kotakab":"Kabupaten Rote Ndao","code":"383"},{"kotakab":"Kota Sabang","code":"384"},{"kotakab":"Kabupaten Sabu Raijua","code":"385"},{"kotakab":"Kota Salatiga","code":"386"},{"kotakab":"Kota Samarinda","code":"387"},{"kotakab":"Kabupaten Sambas","code":"388"},{"kotakab":"Kabupaten Samosir","code":"389"},{"kotakab":"Kabupaten Sampang","code":"390"},{"kotakab":"Kabupaten Sanggau","code":"391"},{"kotakab":"Kabupaten Sarmi","code":"392"},{"kotakab":"Kabupaten Sarolangun","code":"393"},{"kotakab":"Kota Sawah Lunto","code":"394"},{"kotakab":"Kabupaten Sekadau","code":"395"},{"kotakab":"Kabupaten Selayar (Kepulauan Selayar)","code":"396"},{"kotakab":"Kabupaten Seluma","code":"397"},{"kotakab":"Kabupaten Semarang","code":"398"},{"kotakab":"Kota Semarang","code":"399"},{"kotakab":"Kabupaten Seram Bagian Barat","code":"400"},{"kotakab":"Kabupaten Seram Bagian Timur","code":"401"},{"kotakab":"Kabupaten Serang","code":"402"},{"kotakab":"Kota Serang","code":"403"},{"kotakab":"Kabupaten Serdang Bedagai","code":"404"},{"kotakab":"Kabupaten Seruyan","code":"405"},{"kotakab":"Kabupaten Siak","code":"406"},{"kotakab":"Kota Sibolga","code":"407"},{"kotakab":"Kabupaten Sidenreng Rappang/Rapang","code":"408"},{"kotakab":"Kabupaten Sidoarjo","code":"409"},{"kotakab":"Kabupaten Sigi","code":"410"},{"kotakab":"Kabupaten Sijunjung (Sawah Lunto Sijunjung)","code":"411"},{"kotakab":"Kabupaten Sikka","code":"412"},{"kotakab":"Kabupaten Simalungun","code":"413"},{"kotakab":"Kabupaten Simeulue","code":"414"},{"kotakab":"Kota Singkawang","code":"415"},{"kotakab":"Kabupaten Sinjai","code":"416"},{"kotakab":"Kabupaten Sintang","code":"417"},{"kotakab":"Kabupaten Situbondo","code":"418"},{"kotakab":"Kabupaten Sleman","code":"419"},{"kotakab":"Kabupaten Solok","code":"420"},{"kotakab":"Kota Solok","code":"421"},{"kotakab":"Kabupaten Solok Selatan","code":"422"},{"kotakab":"Kabupaten Soppeng","code":"423"},{"kotakab":"Kabupaten Sorong","code":"424"},{"kotakab":"Kota Sorong","code":"425"},{"kotakab":"Kabupaten Sorong Selatan","code":"426"},{"kotakab":"Kabupaten Sragen","code":"427"},{"kotakab":"Kabupaten Subang","code":"428"},{"kotakab":"Kota Subulussalam","code":"429"},{"kotakab":"Kabupaten Sukabumi","code":"430"},{"kotakab":"Kota Sukabumi","code":"431"},{"kotakab":"Kabupaten Sukamara","code":"432"},{"kotakab":"Kabupaten Sukoharjo","code":"433"},{"kotakab":"Kabupaten Sumba Barat","code":"434"},{"kotakab":"Kabupaten Sumba Barat Daya","code":"435"},{"kotakab":"Kabupaten Sumba Tengah","code":"436"},{"kotakab":"Kabupaten Sumba Timur","code":"437"},{"kotakab":"Kabupaten Sumbawa","code":"438"},{"kotakab":"Kabupaten Sumbawa Barat","code":"439"},{"kotakab":"Kabupaten Sumedang","code":"440"},{"kotakab":"Kabupaten Sumenep","code":"441"},{"kotakab":"Kota Sungaipenuh","code":"442"},{"kotakab":"Kabupaten Supiori","code":"443"},{"kotakab":"Kota Surabaya","code":"444"},{"kotakab":"Kota Surakarta (Solo)","code":"445"},{"kotakab":"Kabupaten Tabalong","code":"446"},{"kotakab":"Kabupaten Tabanan","code":"447"},{"kotakab":"Kabupaten Takalar","code":"448"},{"kotakab":"Kabupaten Tambrauw","code":"449"},{"kotakab":"Kabupaten Tana Tidung","code":"450"},{"kotakab":"Kabupaten Tana Toraja","code":"451"},{"kotakab":"Kabupaten Tanah Bumbu","code":"452"},{"kotakab":"Kabupaten Tanah Datar","code":"453"},{"kotakab":"Kabupaten Tanah Laut","code":"454"},{"kotakab":"Kabupaten Tangerang","code":"455"},{"kotakab":"Kota Tangerang","code":"456"},{"kotakab":"Kota Tangerang Selatan","code":"457"},{"kotakab":"Kabupaten Tanggamus","code":"458"},{"kotakab":"Kota Tanjung Balai","code":"459"},{"kotakab":"Kabupaten Tanjung Jabung Barat","code":"460"},{"kotakab":"Kabupaten Tanjung Jabung Timur","code":"461"},{"kotakab":"Kota Tanjung Pinang","code":"462"},{"kotakab":"Kabupaten Tapanuli Selatan","code":"463"},{"kotakab":"Kabupaten Tapanuli Tengah","code":"464"},{"kotakab":"Kabupaten Tapanuli Utara","code":"465"},{"kotakab":"Kabupaten Tapin","code":"466"},{"kotakab":"Kota Tarakan","code":"467"},{"kotakab":"Kabupaten Tasikmalaya","code":"468"},{"kotakab":"Kota Tasikmalaya","code":"469"},{"kotakab":"Kota Tebing Tinggi","code":"470"},{"kotakab":"Kabupaten Tebo","code":"471"},{"kotakab":"Kabupaten Tegal","code":"472"},{"kotakab":"Kota Tegal","code":"473"},{"kotakab":"Kabupaten Teluk Bintuni","code":"474"},{"kotakab":"Kabupaten Teluk Wondama","code":"475"},{"kotakab":"Kabupaten Temanggung","code":"476"},{"kotakab":"Kota Ternate","code":"477"},{"kotakab":"Kota Tidore Kepulauan","code":"478"},{"kotakab":"Kabupaten Timor Tengah Selatan","code":"479"},{"kotakab":"Kabupaten Timor Tengah Utara","code":"480"},{"kotakab":"Kabupaten Toba Samosir","code":"481"},{"kotakab":"Kabupaten Tojo Una-Una","code":"482"},{"kotakab":"Kabupaten Toli-Toli","code":"483"},{"kotakab":"Kabupaten Tolikara","code":"484"},{"kotakab":"Kota Tomohon","code":"485"},{"kotakab":"Kabupaten Toraja Utara","code":"486"},{"kotakab":"Kabupaten Trenggalek","code":"487"},{"kotakab":"Kota Tual","code":"488"},{"kotakab":"Kabupaten Tuban","code":"489"},{"kotakab":"Kabupaten Tulang Bawang","code":"490"},{"kotakab":"Kabupaten Tulang Bawang Barat","code":"491"},{"kotakab":"Kabupaten Tulungagung","code":"492"},{"kotakab":"Kabupaten Wajo","code":"493"},{"kotakab":"Kabupaten Wakatobi","code":"494"},{"kotakab":"Kabupaten Waropen","code":"495"},{"kotakab":"Kabupaten Way Kanan","code":"496"},{"kotakab":"Kabupaten Wonogiri","code":"497"},{"kotakab":"Kabupaten Wonosobo","code":"498"},{"kotakab":"Kabupaten Yahukimo","code":"499"},{"kotakab":"Kabupaten Yalimo","code":"500"},{"kotakab":"Kota Yogyakarta","code":"501"}]}
